#VRML V2.0 utf8
# 3D model generated by easyeda2kicad.py (https://github.com/uPesy/easyeda2kicad.py)

Shape{
    appearance Appearance {
        material  Material 	{
            diffuseColor 0.7529411764705882 0.7529411764705882 0.7529411764705882
            specularColor 0.3764705882352941 0.3764705882352941 0.3764705882352941
            ambientIntensity 0.2
            transparency 0
            shininess 0.5
        }
    }
    geometry IndexedFaceSet {
        ccw TRUE
        solid FALSE
        coord DEF co Coordinate {
            point [
                3.5827 -0.9409 -0.0197, 3.5827 -0.1929 -0.0197, 3.6614 -0.9409 -0.0197, 3.6614 -0.1929 -0.0197, 3.6614 -0.1929 0.1181, 3.5827 -0.1929 0.1181, 3.6614 -0.1902 0.1385, 3.5827 -0.1902 0.1385, 3.6614 -0.1824 0.1575, 3.5827 -0.1824 0.1575, 3.6614 -0.1699 0.1738, 3.5827 -0.1699 0.1738, 3.6614 -0.1535 0.1863, 3.5827 -0.1535 0.1863, 3.6614 -0.1346 0.1942, 3.5827 -0.1346 0.1942, 3.6614 -0.1142 0.1969, 3.5827 -0.1142 0.1969, 3.6614 0.5551 0.1969, 3.5827 0.5551 0.1969, 3.5827 0.5755 0.1995, 3.6614 0.5755 0.1995, 3.5827 0.5945 0.2074, 3.6614 0.5945 0.2074, 3.5827 0.6108 0.2199, 3.6614 0.6108 0.2199, 3.5827 0.6233 0.2362, 3.6614 0.6233 0.2362, 3.5827 0.6312 0.2552, 3.6614 0.6312 0.2552, 3.5827 0.6339 0.2756, 3.6614 0.6339 0.2756, 3.6614 0.6339 0.7586, 3.5827 0.6339 0.7586, 3.6614 0.6365 0.779, 3.5827 0.6365 0.779, 3.6614 0.6444 0.798, 3.5827 0.6444 0.798, 3.6614 0.7414 0.966, 3.5827 0.7414 0.966, 3.5827 0.7493 0.985, 3.6614 0.7493 0.985, 3.5827 0.752 1.0054, 3.6614 0.752 1.0054, 3.6614 0.752 1.378, 3.5827 0.752 1.378, 3.5827 0.7493 1.3983, 3.6614 0.7493 1.3983, 3.5827 0.7414 1.4173, 3.6614 0.7414 1.4173, 3.5827 0.7289 1.4336, 3.6614 0.7289 1.4336, 3.5827 0.7126 1.4461, 3.6614 0.7126 1.4461, 3.5827 0.6936 1.454, 3.6614 0.6936 1.454, 3.5827 0.6732 1.4567, 3.6614 0.6732 1.4567, 3.6614 -0.5079 1.4567, 3.5827 -0.5079 1.4567, 3.5827 -0.5283 1.454, 3.6614 -0.5283 1.454, 3.5827 -0.5472 1.4461, 3.6614 -0.5472 1.4461, 3.5827 -0.5636 1.4336, 3.6614 -0.5636 1.4336, 3.5827 -0.5761 1.4173, 3.6614 -0.5761 1.4173, 3.5827 -0.5839 1.3983, 3.6614 -0.5839 1.3983, 3.5827 -0.5866 1.378, 3.6614 -0.5866 1.378, 3.6614 -0.5866 0.4528, 3.5827 -0.5866 0.4528, 3.6614 -0.5893 0.4324, 3.5827 -0.5893 0.4324, 3.6614 -0.5972 0.4134, 3.5827 -0.5972 0.4134, 3.6614 -0.6097 0.3971, 3.5827 -0.6097 0.3971, 3.6614 -0.626 0.3846, 3.5827 -0.626 0.3846, 3.6614 -0.645 0.3767, 3.5827 -0.645 0.3767, 3.6614 -0.6654 0.374, 3.5827 -0.6654 0.374, 3.6614 -0.9409 0.374, 3.5827 -0.9409 0.374, 3.5827 -0.9803 0.3346, 3.5827 -0.9803 0.0197, 3.6614 -0.9803 0.3346, 3.6614 -0.9803 0.0197, 3.6614 -0.9511 -0.0183, 3.6614 -0.979 0.0095, 3.6614 -0.975 0.0, 3.6614 -0.9606 0.3687, 3.6614 -0.9688 0.3625, 3.6614 -0.9511 0.3727, 3.6614 -0.975 0.3543, 3.6614 -0.979 0.3448, 3.6614 -0.9688 -0.0082, 3.6614 -0.9606 -0.0144, 3.5827 -0.9511 -0.0183, 3.5827 -0.9606 -0.0144, 3.5827 -0.9688 -0.0082, 3.5827 -0.975 0.0, 3.5827 -0.979 0.0095, 3.5827 -0.979 0.3448, 3.5827 -0.975 0.3543, 3.5827 -0.9688 0.3625, 3.5827 -0.9511 0.3727, 3.5827 -0.9606 0.3687, -3.5827 -0.1929 -0.0197, -3.5827 -0.9409 -0.0197, -3.6614 -0.1929 -0.0197, -3.6614 -0.9409 -0.0197, -3.6614 -0.1929 0.1181, -3.5827 -0.1929 0.1181, -3.6614 -0.1142 0.1969, -3.5827 -0.1142 0.1969, -3.6614 -0.1346 0.1942, -3.5827 -0.1346 0.1942, -3.6614 -0.1535 0.1863, -3.5827 -0.1535 0.1863, -3.6614 -0.1699 0.1738, -3.5827 -0.1699 0.1738, -3.6614 -0.1824 0.1575, -3.5827 -0.1824 0.1575, -3.6614 -0.1902 0.1385, -3.5827 -0.1902 0.1385, -3.6614 0.5551 0.1969, -3.5827 0.5551 0.1969, -3.6614 0.6339 0.2756, -3.5827 0.6339 0.2756, -3.5827 0.6312 0.2552, -3.6614 0.6312 0.2552, -3.5827 0.6233 0.2362, -3.6614 0.6233 0.2362, -3.5827 0.6108 0.2199, -3.6614 0.6108 0.2199, -3.5827 0.5945 0.2074, -3.6614 0.5945 0.2074, -3.5827 0.5755 0.1995, -3.6614 0.5755 0.1995, -3.6614 0.6339 0.7586, -3.5827 0.6339 0.7586, -3.6614 0.6444 0.798, -3.5827 0.6444 0.798, -3.6614 0.6365 0.779, -3.5827 0.6365 0.779, -3.6614 0.7414 0.966, -3.5827 0.7414 0.966, -3.6614 0.752 1.0054, -3.5827 0.752 1.0054, -3.5827 0.7493 0.985, -3.6614 0.7493 0.985, -3.6614 0.752 1.378, -3.5827 0.752 1.378, -3.6614 0.6732 1.4567, -3.5827 0.6732 1.4567, -3.5827 0.6936 1.454, -3.6614 0.6936 1.454, -3.5827 0.7126 1.4461, -3.6614 0.7126 1.4461, -3.5827 0.7289 1.4336, -3.6614 0.7289 1.4336, -3.5827 0.7414 1.4173, -3.6614 0.7414 1.4173, -3.5827 0.7493 1.3983, -3.6614 0.7493 1.3983, -3.6614 -0.5079 1.4567, -3.5827 -0.5079 1.4567, -3.6614 -0.5866 1.378, -3.5827 -0.5866 1.378, -3.5827 -0.5839 1.3983, -3.6614 -0.5839 1.3983, -3.5827 -0.5761 1.4173, -3.6614 -0.5761 1.4173, -3.5827 -0.5636 1.4336, -3.6614 -0.5636 1.4336, -3.5827 -0.5472 1.4461, -3.6614 -0.5472 1.4461, -3.5827 -0.5283 1.454, -3.6614 -0.5283 1.454, -3.6614 -0.5866 0.4528, -3.5827 -0.5866 0.4528, -3.6614 -0.6654 0.374, -3.5827 -0.6654 0.374, -3.6614 -0.645 0.3767, -3.5827 -0.645 0.3767, -3.6614 -0.626 0.3846, -3.5827 -0.626 0.3846, -3.6614 -0.6097 0.3971, -3.5827 -0.6097 0.3971, -3.6614 -0.5972 0.4134, -3.5827 -0.5972 0.4134, -3.6614 -0.5893 0.4324, -3.5827 -0.5893 0.4324, -3.6614 -0.9409 0.374, -3.5827 -0.9409 0.374, -3.5827 -0.9803 0.0197, -3.5827 -0.9803 0.3346, -3.6614 -0.9803 0.0197, -3.6614 -0.9803 0.3346, -3.6614 -0.9511 -0.0183, -3.6614 -0.979 0.3448, -3.6614 -0.975 0.3543, -3.6614 -0.9511 0.3727, -3.6614 -0.9688 0.3625, -3.6614 -0.9606 0.3687, -3.6614 -0.9606 -0.0144, -3.6614 -0.9688 -0.0082, -3.6614 -0.975 0.0, -3.6614 -0.979 0.0095, -3.5827 -0.9606 -0.0144, -3.5827 -0.9511 -0.0183, -3.5827 -0.979 0.0095, -3.5827 -0.975 0.0, -3.5827 -0.9688 -0.0082, -3.5827 -0.9606 0.3687, -3.5827 -0.9688 0.3625, -3.5827 -0.9511 0.3727, -3.5827 -0.975 0.3543, -3.5827 -0.979 0.3448, -3.5827 -0.979 0.3448
            ]
        }
        coordIndex [
            0,1,2,-1,2,1,3,-1,4,3,5,-1,5,3,1,-1,4,5,6,-1,6,5,7,-1,6,7,8,-1,8,7,9,-1,8,9,10,-1,10,9,11,-1,10,11,12,-1,12,11,13,-1,12,13,14,-1,14,13,15,-1,14,15,16,-1,16,15,17,-1,18,16,19,-1,19,16,17,-1,18,19,20,-1,18,20,21,-1,21,20,22,-1,21,22,23,-1,23,22,24,-1,23,24,25,-1,25,24,26,-1,25,26,27,-1,27,26,28,-1,27,28,29,-1,29,28,30,-1,29,30,31,-1,32,31,33,-1,33,31,30,-1,32,33,34,-1,34,33,35,-1,34,35,36,-1,36,35,37,-1,38,36,39,-1,39,36,37,-1,38,39,40,-1,38,40,41,-1,41,40,42,-1,41,42,43,-1,44,43,45,-1,45,43,42,-1,44,45,46,-1,44,46,47,-1,47,46,48,-1,47,48,49,-1,49,48,50,-1,49,50,51,-1,51,50,52,-1,51,52,53,-1,53,52,54,-1,53,54,55,-1,55,54,56,-1,55,56,57,-1,58,57,59,-1,59,57,56,-1,58,59,60,-1,58,60,61,-1,61,60,62,-1,61,62,63,-1,63,62,64,-1,63,64,65,-1,65,64,66,-1,65,66,67,-1,67,66,68,-1,67,68,69,-1,69,68,70,-1,69,70,71,-1,72,71,73,-1,73,71,70,-1,72,73,74,-1,74,73,75,-1,74,75,76,-1,76,75,77,-1,76,77,78,-1,78,77,79,-1,78,79,80,-1,80,79,81,-1,80,81,82,-1,82,81,83,-1,82,83,84,-1,84,83,85,-1,86,84,87,-1,87,84,85,-1,88,89,90,-1,90,89,91,-1,3,80,82,-1,3,82,2,-1,2,82,84,-1,2,84,92,-1,36,69,34,-1,34,69,71,-1,34,71,32,-1,90,84,86,-1,3,4,80,-1,80,4,6,-1,80,6,78,-1,78,6,8,-1,78,8,76,-1,76,8,10,-1,76,10,74,-1,74,10,12,-1,74,12,72,-1,72,12,71,-1,71,12,14,-1,71,14,16,-1,90,91,84,-1,84,91,93,-1,84,93,94,-1,63,65,36,-1,36,65,67,-1,36,67,69,-1,58,38,41,-1,95,96,97,-1,97,96,98,-1,97,98,86,-1,86,98,99,-1,86,99,90,-1,32,71,31,-1,31,71,16,-1,31,16,18,-1,38,58,36,-1,36,58,61,-1,36,61,63,-1,41,43,58,-1,58,43,44,-1,58,44,57,-1,57,44,47,-1,57,47,49,-1,94,100,84,-1,84,100,101,-1,84,101,92,-1,51,53,49,-1,49,53,55,-1,49,55,57,-1,23,25,27,-1,18,21,31,-1,31,21,23,-1,31,23,29,-1,29,23,27,-1,73,70,13,-1,9,7,79,-1,79,7,81,-1,85,83,1,-1,1,83,81,-1,1,81,5,-1,5,81,7,-1,45,42,68,-1,70,68,37,-1,19,17,70,-1,70,17,15,-1,70,15,13,-1,9,79,11,-1,11,79,77,-1,11,77,13,-1,13,77,75,-1,13,75,73,-1,1,0,85,-1,85,0,102,-1,85,102,103,-1,42,40,68,-1,68,40,39,-1,68,39,37,-1,103,104,85,-1,85,104,105,-1,85,105,106,-1,106,89,85,-1,85,89,88,-1,85,88,87,-1,87,88,107,-1,107,108,87,-1,87,108,109,-1,87,109,110,-1,110,109,111,-1,62,60,64,-1,64,60,66,-1,66,60,68,-1,68,60,59,-1,68,59,45,-1,45,59,56,-1,45,56,46,-1,52,50,48,-1,28,26,19,-1,46,56,48,-1,48,56,54,-1,48,54,52,-1,37,35,70,-1,70,35,33,-1,70,33,19,-1,19,33,30,-1,19,30,28,-1,26,24,19,-1,19,24,22,-1,19,22,20,-1,86,87,110,-1,86,110,97,-1,97,110,111,-1,97,111,95,-1,95,111,109,-1,95,109,96,-1,96,109,108,-1,96,108,98,-1,98,108,107,-1,98,107,99,-1,99,107,88,-1,99,88,90,-1,91,89,106,-1,91,106,93,-1,93,106,105,-1,93,105,94,-1,94,105,104,-1,94,104,100,-1,100,104,103,-1,100,103,101,-1,101,103,102,-1,101,102,92,-1,92,102,0,-1,92,0,2,-1,112,113,114,-1,114,113,115,-1,114,116,112,-1,112,116,117,-1,118,119,120,-1,120,119,121,-1,120,121,122,-1,122,121,123,-1,122,123,124,-1,124,123,125,-1,124,125,126,-1,126,125,127,-1,126,127,128,-1,128,127,129,-1,128,129,116,-1,116,129,117,-1,118,130,119,-1,119,130,131,-1,132,133,134,-1,132,134,135,-1,135,134,136,-1,135,136,137,-1,137,136,138,-1,137,138,139,-1,139,138,140,-1,139,140,141,-1,141,140,142,-1,141,142,143,-1,143,142,131,-1,143,131,130,-1,132,144,133,-1,133,144,145,-1,146,147,148,-1,148,147,149,-1,148,149,144,-1,144,149,145,-1,146,150,147,-1,147,150,151,-1,152,153,154,-1,152,154,155,-1,155,154,151,-1,155,151,150,-1,152,156,153,-1,153,156,157,-1,158,159,160,-1,158,160,161,-1,161,160,162,-1,161,162,163,-1,163,162,164,-1,163,164,165,-1,165,164,166,-1,165,166,167,-1,167,166,168,-1,167,168,169,-1,169,168,157,-1,169,157,156,-1,158,170,159,-1,159,170,171,-1,172,173,174,-1,172,174,175,-1,175,174,176,-1,175,176,177,-1,177,176,178,-1,177,178,179,-1,179,178,180,-1,179,180,181,-1,181,180,182,-1,181,182,183,-1,183,182,171,-1,183,171,170,-1,172,184,173,-1,173,184,185,-1,186,187,188,-1,188,187,189,-1,188,189,190,-1,190,189,191,-1,190,191,192,-1,192,191,193,-1,192,193,194,-1,194,193,195,-1,194,195,196,-1,196,195,197,-1,196,197,184,-1,184,197,185,-1,186,198,187,-1,187,198,199,-1,200,201,202,-1,202,201,203,-1,156,152,175,-1,172,175,146,-1,172,122,184,-1,184,122,124,-1,184,124,196,-1,198,186,203,-1,128,116,190,-1,190,116,114,-1,190,114,188,-1,130,118,172,-1,172,118,120,-1,172,120,122,-1,179,181,183,-1,152,155,175,-1,175,155,150,-1,175,150,146,-1,128,190,126,-1,126,190,192,-1,126,192,124,-1,124,192,194,-1,124,194,196,-1,188,114,186,-1,186,114,115,-1,186,115,204,-1,161,169,158,-1,158,169,156,-1,158,156,170,-1,170,156,175,-1,170,175,183,-1,183,175,177,-1,183,177,179,-1,203,205,198,-1,198,205,206,-1,198,206,207,-1,207,206,208,-1,207,208,209,-1,141,132,139,-1,139,132,135,-1,139,135,137,-1,204,210,186,-1,186,210,211,-1,186,211,212,-1,161,163,169,-1,169,163,165,-1,169,165,167,-1,146,148,172,-1,172,148,144,-1,172,144,130,-1,130,144,132,-1,130,132,143,-1,143,132,141,-1,212,213,186,-1,186,213,202,-1,186,202,203,-1,140,138,185,-1,214,215,187,-1,187,215,113,-1,187,113,189,-1,189,113,112,-1,189,112,191,-1,147,174,149,-1,149,174,173,-1,149,173,145,-1,145,173,185,-1,145,185,133,-1,138,136,185,-1,185,136,134,-1,185,134,133,-1,112,117,191,-1,191,117,129,-1,191,129,193,-1,193,129,127,-1,193,127,195,-1,195,127,125,-1,195,125,197,-1,197,125,123,-1,197,123,121,-1,180,178,147,-1,147,178,176,-1,147,176,174,-1,171,151,154,-1,154,153,171,-1,171,153,157,-1,171,157,159,-1,159,157,168,-1,159,168,160,-1,121,119,197,-1,197,119,131,-1,197,131,185,-1,185,131,142,-1,185,142,140,-1,151,171,147,-1,147,171,182,-1,147,182,180,-1,216,217,187,-1,187,217,218,-1,187,218,214,-1,219,220,221,-1,221,220,222,-1,221,222,199,-1,222,223,199,-1,199,223,201,-1,199,201,187,-1,187,201,200,-1,187,200,216,-1,166,164,168,-1,168,164,162,-1,168,162,160,-1,203,201,223,-1,203,223,205,-1,205,223,222,-1,205,222,206,-1,206,222,220,-1,206,220,208,-1,208,220,219,-1,208,219,209,-1,209,219,221,-1,209,221,207,-1,207,221,199,-1,207,199,198,-1,115,113,215,-1,115,215,204,-1,204,215,214,-1,204,214,210,-1,210,214,218,-1,210,218,211,-1,211,218,217,-1,211,217,212,-1,212,217,216,-1,212,216,213,-1,213,216,200,-1,213,200,202,-1,
        ]
    }
}
Shape{
    appearance Appearance {
        material  Material 	{
            diffuseColor 1.0 0.9607843137254902 0.9058823529411765
            specularColor 0.5019607843137255 0.47843137254901963 0.45098039215686275
            ambientIntensity 0.2
            transparency 0
            shininess 0.5
        }
    }
    geometry IndexedFaceSet {
        ccw TRUE
        solid FALSE
        coord DEF co Coordinate {
            point [
                -0.0556 -0.9803 0.5592, -0.0556 -0.9803 0.4882, -0.0237 -0.9803 0.4882, 2.0971 -0.9803 0.4549, 2.0971 -0.9803 0.5598, 0.2814 -0.9803 0.5598, 3.8386 -0.9803 1.0876, 3.8386 -0.9803 1.5945, 2.0971 -0.9803 1.5945, 0.0141 -0.9803 0.3528, 0.0104 -0.9803 0.3514, 0.0227 -0.9803 0.3521, 0.0492 -0.9803 0.1969, 0.0492 -0.9803 0.0787, 0.0509 -0.9803 0.0757, 0.0875 -0.9803 0.0124, 0.0947 -0.9803 0.0, 0.1062 -0.9803 0.0, 0.0701 -0.9803 0.3516, 0.0681 -0.9803 0.3514, 0.0875 -0.9803 0.3514, -0.4429 -0.9803 0.0787, -0.3975 -0.9803 0.0, -0.0987 -0.9803 0.0, -0.244 -0.9803 0.5681, -0.2317 -0.9803 0.5598, -0.0987 -0.9803 0.5598, -0.2186 -0.9803 0.551, -0.1997 -0.9803 0.5293, -0.136 -0.9803 0.4549, -0.0987 -0.9803 0.4549, -0.1411 -0.9803 0.4675, -0.1527 -0.9803 0.4837, -0.1682 -0.9803 0.4968, -0.1878 -0.9803 0.5061, -0.1851 -0.9803 0.5052, -0.3504 -0.9803 0.567, -0.3242 -0.9803 0.5772, -0.0987 -0.9803 1.0876, -0.3621 -0.9803 0.5598, -0.296 -0.9803 0.5806, -0.2725 -0.9803 0.5782, -3.8386 -0.9803 1.0876, -3.8386 -0.9803 0.5598, -0.3643 -0.9803 0.5584, -0.4907 -0.9803 0.4691, -0.4816 -0.9803 0.4896, -0.4679 -0.9803 0.5072, -0.4249 -0.9803 0.5318, -0.4025 -0.9803 0.5345, -0.3777 -0.9803 0.547, -0.3959 -0.9803 0.5342, -0.3894 -0.9803 0.5334, -0.4641 -0.9803 0.5108, -0.446 -0.9803 0.5236, -0.4932 -0.9803 0.4549, -3.8386 -0.9803 0.4549, -3.5827 -0.9803 0.3937, -0.4325 -0.9803 0.3551, -0.453 -0.9803 0.3651, -3.5827 -0.9803 0.3514, -0.4708 -0.9803 0.3803, -0.4837 -0.9803 0.3988, -0.4919 -0.9803 0.4199, -0.4947 -0.9803 0.4423, -0.4945 -0.9803 0.4477, -0.4252 -0.9803 0.3529, -0.4245 -0.9803 0.3514, -0.4195 -0.9803 0.3407, -0.411 -0.9803 0.3302, -3.5827 -0.9803 0.0, -3.0474 -0.9803 0.0, -3.5827 -0.9803 0.3197, -3.002 -0.9803 0.0787, -3.002 -0.9803 0.1969, -2.9035 -0.9803 0.1969, -0.3947 -0.9803 0.3197, -0.3998 -0.9803 0.3218, -2.8581 -0.9803 0.0, -2.5553 -0.9803 0.0, -2.9035 -0.9803 0.0787, -2.5098 -0.9803 0.0787, -2.5098 -0.9803 0.1969, -2.0177 -0.9803 0.1969, -1.9193 -0.9803 0.1969, -2.4114 -0.9803 0.0787, -2.366 -0.9803 0.0, -2.0632 -0.9803 0.0, -2.0177 -0.9803 0.0787, -2.4114 -0.9803 0.1969, -1.8738 -0.9803 0.0, -1.5711 -0.9803 0.0, -1.9193 -0.9803 0.0787, -1.5256 -0.9803 0.0787, -1.5256 -0.9803 0.1969, -1.4272 -0.9803 0.0787, -1.3817 -0.9803 0.0, -1.0789 -0.9803 0.0, -1.0335 -0.9803 0.0787, -1.0335 -0.9803 0.1969, -1.4272 -0.9803 0.1969, -0.5413 -0.9803 0.1969, -0.935 -0.9803 0.1969, -0.935 -0.9803 0.0787, -0.8896 -0.9803 0.0, -0.5868 -0.9803 0.0, -0.5413 -0.9803 0.0787, -0.0987 -0.9803 0.3197, -0.3476 -0.9803 0.3197, -0.4429 -0.9803 0.1969, -0.3573 -0.9803 0.3159, -0.3711 -0.9803 0.3142, -0.3733 -0.9803 0.3143, -0.3867 -0.9803 0.3163, -0.3178 -0.9803 0.3514, -0.3179 -0.9803 0.351, -0.3247 -0.9803 0.3383, -0.3333 -0.9803 0.3287, -0.3446 -0.9803 0.3208, -0.2451 -0.9803 0.385, -0.2412 -0.9803 0.3865, -0.2345 -0.9803 0.419, -0.3284 -0.9803 0.4093, -0.2522 -0.9803 0.4491, -0.3384 -0.9803 0.4184, -0.3505 -0.9803 0.4248, -0.2486 -0.9803 0.3825, -0.1412 -0.9803 0.3932, -0.1525 -0.9803 0.3774, -0.0987 -0.9803 0.3514, -0.167 -0.9803 0.4356, -0.1696 -0.9803 0.4465, -0.1741 -0.9803 0.4549, -0.4574 -0.9803 0.4549, -0.1341 -0.9803 0.4502, -0.1315 -0.9803 0.4315, -0.1341 -0.9803 0.4112, -0.2368 -0.9803 0.3871, -0.2362 -0.9803 0.387, -0.2345 -0.9803 0.3867, -0.454 -0.9803 0.4206, -0.4473 -0.9803 0.4092, -0.4184 -0.9803 0.4032, -0.4371 -0.9803 0.3987, -0.4247 -0.9803 0.3911, -0.3974 -0.9803 0.4221, -0.409 -0.9803 0.414, -0.4588 -0.9803 0.4434, -0.4581 -0.9803 0.4345, -0.3848 -0.9803 0.427, -0.3711 -0.9803 0.4286, -0.3643 -0.9803 0.4282, -0.168 -0.9803 0.3643, -0.1854 -0.9803 0.3558, -0.2043 -0.9803 0.3518, -0.2544 -0.9803 0.3694, -0.2543 -0.9803 0.3717, -0.3142 -0.9803 0.3768, -0.2532 -0.9803 0.376, -0.251 -0.9803 0.3799, -0.2379 -0.9803 0.3518, -0.2411 -0.9803 0.3523, -0.2449 -0.9803 0.3538, -0.2486 -0.9803 0.3564, -0.2499 -0.9803 0.3578, -0.2524 -0.9803 0.3613, -0.2539 -0.9803 0.3652, -0.3145 -0.9803 0.365, -0.3142 -0.9803 0.3711, -0.1777 -0.9803 0.4015, -0.1716 -0.9803 0.4106, -0.1679 -0.9803 0.4208, -0.1668 -0.9803 0.4309, -0.2334 -0.9803 0.3865, -0.2078 -0.9803 0.3865, -0.2004 -0.9803 0.3877, -0.1901 -0.9803 0.3916, -0.1812 -0.9803 0.3979, -0.2281 -0.9803 0.5097, -0.241 -0.9803 0.525, -0.3717 -0.9803 0.4918, -0.2422 -0.9803 0.5261, -0.2582 -0.9803 0.5372, -0.363 -0.9803 0.5099, -0.3756 -0.9803 0.4939, -0.3883 -0.9803 0.4987, -0.2012 -0.9803 0.4742, -0.2112 -0.9803 0.4753, -0.2157 -0.9803 0.4753, -0.2193 -0.9803 0.4914, -0.1748 -0.9803 0.4564, -0.1822 -0.9803 0.4646, -0.1912 -0.9803 0.4706, -0.422 -0.9803 0.4967, -0.4347 -0.9803 0.4899, -0.408 -0.9803 0.5, -0.4443 -0.9803 0.4813, -0.4522 -0.9803 0.47, -0.3502 -0.9803 0.5251, -0.2761 -0.9803 0.5441, -0.335 -0.9803 0.5362, -0.2954 -0.9803 0.5465, -0.3164 -0.9803 0.5438, -0.4019 -0.9803 0.5004, -0.4571 -0.9803 0.4573, 0.1971 -0.9803 0.4229, 0.1989 -0.9803 0.3612, 0.2065 -0.9803 0.4549, 0.2065 -0.9803 0.3514, 0.1989 -0.9803 0.3521, 0.1812 -0.9803 0.3514, 0.1812 -0.9803 0.3973, 0.1948 -0.9803 0.3973, 0.1948 -0.9803 0.3881, 0.1812 -0.9803 0.3612, 0.1812 -0.9803 0.3881, 0.1662 -0.9803 0.3881, 0.1662 -0.9803 0.3612, 0.1812 -0.9803 0.4229, 0.1662 -0.9803 0.4229, 0.1662 -0.9803 0.3973, 0.1812 -0.9803 0.3521, 0.1558 -0.9803 0.3521, 0.1222 -0.9803 0.3514, 0.145 -0.9803 0.4093, 0.1163 -0.9803 0.3663, 0.1175 -0.9803 0.3616, 0.1178 -0.9803 0.3616, 0.1062 -0.9803 0.4549, 0.1558 -0.9803 0.4321, 0.1812 -0.9803 0.4549, 0.1812 -0.9803 0.4321, 0.1971 -0.9803 0.4321, 0.1183 -0.9803 0.3635, 0.119 -0.9803 0.3662, 0.1062 -0.9803 0.3953, 0.1346 -0.9803 0.4093, 0.0509 -0.9803 0.3525, 0.0463 -0.9803 0.3541, 0.0361 -0.9803 0.3514, 0.0463 -0.9803 0.3644, 0.0464 -0.9803 0.3938, 0.0468 -0.9803 0.3974, 0.0361 -0.9803 0.4549, 0.0479 -0.9803 0.3869, 0.0468 -0.9803 0.3899, 0.0502 -0.9803 0.362, 0.0509 -0.9803 0.3617, 0.0509 -0.9803 0.383, 0.0492 -0.9803 0.3848, 0.0509 -0.9803 0.3831, 0.0535 -0.9803 0.3516, 0.0509 -0.9803 0.3514, 0.0552 -0.9803 0.3514, 0.0509 -0.9803 0.3197, 0.0618 -0.9803 0.3507, 0.0875 -0.9803 0.3197, 0.0822 -0.9803 0.408, 0.0822 -0.9803 0.3983, 0.0528 -0.9803 0.406, 0.0557 -0.9803 0.4078, 0.0509 -0.9803 0.4549, 0.0845 -0.9803 0.3636, 0.0832 -0.9803 0.3604, 0.0814 -0.9803 0.3578, 0.048 -0.9803 0.4006, 0.0498 -0.9803 0.4033, 0.0509 -0.9803 0.4044, 0.0612 -0.9803 0.4098, 0.0686 -0.9803 0.4106, 0.0875 -0.9803 0.4549, 0.0742 -0.9803 0.4102, 0.0816 -0.9803 0.3771, 0.0834 -0.9803 0.3743, 0.0845 -0.9803 0.3714, 0.0849 -0.9803 0.3676, 0.0785 -0.9803 0.3553, 0.0756 -0.9803 0.3535, 0.0677 -0.9803 0.4024, 0.0647 -0.9803 0.4022, 0.0567 -0.9803 0.3947, 0.062 -0.9803 0.4015, 0.0598 -0.9803 0.4003, 0.0568 -0.9803 0.3934, 0.0572 -0.9803 0.3918, 0.0579 -0.9803 0.3905, 0.0589 -0.9803 0.3894, 0.0624 -0.9803 0.3872, 0.0742 -0.9803 0.4017, 0.0686 -0.9803 0.3845, 0.0799 -0.9803 0.3996, 0.0725 -0.9803 0.3829, 0.0792 -0.9803 0.3792, 0.0582 -0.9803 0.399, 0.0574 -0.9803 0.3977, 0.0569 -0.9803 0.3963, 0.0565 -0.9803 0.3596, 0.0616 -0.9803 0.3772, 0.0556 -0.9803 0.3799, 0.0628 -0.9803 0.3589, 0.0632 -0.9803 0.3589, 0.0681 -0.9803 0.3744, 0.0684 -0.9803 0.3595, 0.0746 -0.9803 0.3666, 0.0745 -0.9803 0.3679, 0.071 -0.9803 0.3604, 0.0719 -0.9803 0.361, 0.073 -0.9803 0.362, 0.0739 -0.9803 0.3633, 0.0744 -0.9803 0.3647, 0.0741 -0.9803 0.3695, 0.0733 -0.9803 0.3708, 0.0721 -0.9803 0.3721, 0.2249 -0.9803 0.5592, 0.2554 -0.9803 0.4791, 0.2814 -0.9803 0.4549, 0.2359 -0.9803 0.501, 0.2065 -0.9803 0.501, 0.244 -0.9803 0.4791, 0.1834 -0.9803 0.4791, 0.1948 -0.9803 0.4791, 0.2025 -0.9803 0.501, 0.0986 -0.9803 0.4882, 0.0986 -0.9803 0.4791, 0.0968 -0.9803 0.55, 0.1062 -0.9803 0.5598, 0.0968 -0.9803 0.5592, 0.0875 -0.9803 0.5598, 0.0875 -0.9803 0.5592, 0.0945 -0.9803 0.5243, 0.0945 -0.9803 0.5152, 0.0875 -0.9803 0.4882, 0.0875 -0.9803 0.5152, 0.0659 -0.9803 0.5152, 0.0659 -0.9803 0.4882, 0.0875 -0.9803 0.55, 0.0875 -0.9803 0.5243, 0.0659 -0.9803 0.55, 0.0659 -0.9803 0.5243, 0.0875 -0.9803 0.4791, 0.0556 -0.9803 0.5592, 0.0509 -0.9803 0.5598, 0.0556 -0.9803 0.4791, 2.0971 -0.9803 0.3514, 3.5827 -0.9803 0.3514, 3.6614 -0.9803 0.1969, 3.8386 -0.9803 0.1969, 3.6614 -0.9803 0.3197, 3.8386 -0.9803 0.3197, 3.6614 -0.9803 0.3514, 3.8386 -0.9803 0.3514, 3.6614 -0.9803 0.3937, 3.8386 -0.9803 0.4549, 3.5827 -0.9803 0.3937, 2.0971 -0.9803 0.3197, 2.0971 -0.9803 0.0, 2.366 -0.9803 0.0, 2.4114 -0.9803 0.0787, 2.4114 -0.9803 0.1969, 2.5098 -0.9803 0.1969, 2.5098 -0.9803 0.0787, 2.5553 -0.9803 0.0, 2.8581 -0.9803 0.0, 2.9035 -0.9803 0.0787, 2.9035 -0.9803 0.1969, 3.5827 -0.9803 0.3197, 3.0474 -0.9803 0.0, 3.5827 -0.9803 0.0, 3.002 -0.9803 0.0787, 3.002 -0.9803 0.1969, 0.2814 -0.9803 0.0, 0.3975 -0.9803 0.0, 0.4429 -0.9803 0.0787, 0.2814 -0.9803 0.3197, 0.4429 -0.9803 0.1969, 0.5413 -0.9803 0.1969, 0.935 -0.9803 0.1969, 1.0335 -0.9803 0.1969, 0.5413 -0.9803 0.0787, 0.5868 -0.9803 0.0, 0.8896 -0.9803 0.0, 0.935 -0.9803 0.0787, 1.5256 -0.9803 0.0787, 1.5711 -0.9803 0.0, 1.8738 -0.9803 0.0, 1.0789 -0.9803 0.0, 1.3817 -0.9803 0.0, 1.0335 -0.9803 0.0787, 1.4272 -0.9803 0.0787, 1.4272 -0.9803 0.1969, 1.5256 -0.9803 0.1969, 1.9193 -0.9803 0.1969, 1.9193 -0.9803 0.0787, 2.0632 -0.9803 0.0, 2.0177 -0.9803 0.0787, 2.0177 -0.9803 0.1969, 0.0361 -0.9803 0.1969, -0.0492 -0.9803 0.1969, -0.0216 -0.9803 0.1969, -0.0216 -0.9803 0.3197, -0.0168 -0.9803 0.1969, -0.0947 -0.9803 0.0, -0.0492 -0.9803 0.0787, -3.8386 -0.9803 0.1969, -3.6614 -0.9803 0.1969, -3.8386 -0.9803 0.3197, -3.6614 -0.9803 0.3197, -3.8386 -0.9803 0.3514, -3.6614 -0.9803 0.3514, -3.6614 -0.9803 0.3937, 0.0361 -0.9803 0.4811, 0.0383 -0.9803 0.4818, 0.0396 -0.9803 0.4824, 0.0396 -0.9803 0.4923, -0.002 -0.9803 0.5414, -0.0058 -0.9803 0.5358, 0.0361 -0.9803 0.4908, -0.0084 -0.9803 0.5287, -0.0095 -0.9803 0.5182, -0.0095 -0.9803 0.5175, 0.0314 -0.9803 0.4887, 0.0222 -0.9803 0.4871, 0.0306 -0.9803 0.55, 0.0207 -0.9803 0.5512, 0.0171 -0.9803 0.551, 0.0102 -0.9803 0.5496, 0.0396 -0.9803 0.5464, 0.0361 -0.9803 0.5478, 0.004 -0.9803 0.5466, -0.0011 -0.9803 0.5423, -0.0083 -0.9803 0.5076, -0.0058 -0.9803 0.5011, -0.0017 -0.9803 0.4954, 0.0056 -0.9803 0.4899, 0.0114 -0.9803 0.4878, 0.0189 -0.9803 0.487, 0.0003 -0.9803 0.4935, 0.0288 -0.9803 0.5598, 0.0317 -0.9803 0.5596, 0.0361 -0.9803 0.5598, 0.0361 -0.9803 0.5583, 0.0396 -0.9803 0.5572, -0.0168 -0.9803 1.0876, 0.0206 -0.9803 0.5605, 0.0361 -0.9803 1.0876, 0.0213 -0.9803 0.5605, 0.0145 -0.9803 0.5598, -0.0168 -0.9803 0.5598, 0.0099 -0.9803 0.5593, 0.0014 -0.9803 0.5562, -0.0146 -0.9803 0.5411, -0.0088 -0.9803 0.5487, -0.0065 -0.9803 0.5509, -0.0162 -0.9803 0.4974, -0.0168 -0.9803 0.4993, -0.0168 -0.9803 0.4549, -0.0216 -0.9803 0.4549, -0.0168 -0.9803 0.3514, -0.0216 -0.9803 0.5598, -0.0184 -0.9803 0.5322, -0.0168 -0.9803 0.536, -0.0192 -0.9803 0.5061, -0.0204 -0.9803 0.5176, -0.0203 -0.9803 0.5218, 0.0034 -0.9803 0.4799, -0.0041 -0.9803 0.4836, -0.0101 -0.9803 0.4887, -0.0116 -0.9803 0.4904, 0.0298 -0.9803 0.4789, 0.0174 -0.9803 0.4777, 0.012 -0.9803 0.478, -0.0092 -0.9803 0.3794, -0.0076 -0.9803 0.3955, -0.0112 -0.9803 0.3765, -0.0126 -0.9803 0.373, 0.0177 -0.9803 0.3551, -0.0115 -0.9803 0.3594, -0.0127 -0.9803 0.3628, -0.0049 -0.9803 0.3529, -0.0011 -0.9803 0.3514, -0.0009 -0.9803 0.3514, 0.0181 -0.9803 0.41, 0.0223 -0.9803 0.4087, 0.0256 -0.9803 0.4068, 0.0283 -0.9803 0.4043, -0.0061 -0.9803 0.382, -0.0018 -0.9803 0.3842, -0.0012 -0.9803 0.3996, 0.0057 -0.9803 0.386, 0.0145 -0.9803 0.4021, 0.0111 -0.9803 0.4024, 0.005 -0.9803 0.4018, -0.0083 -0.9803 0.3552, -0.0094 -0.9803 0.3564, 0.0227 -0.9803 0.3609, 0.0224 -0.9803 0.3609, 0.0209 -0.9803 0.3585, -0.0076 -0.9803 0.4052, -0.0054 -0.9803 0.4065, 0.0021 -0.9803 0.4094, 0.012 -0.9803 0.4106, -0.0132 -0.9803 0.3674, -0.0132 -0.9803 0.3687, 0.0304 -0.9803 0.401, 0.0319 -0.9803 0.3965, 0.0327 -0.9803 0.3889, 0.0227 -0.9803 0.3884, 0.0223 -0.9803 0.3929, 0.0213 -0.9803 0.3964, 0.0201 -0.9803 0.3985, 0.0327 -0.9803 0.3521, 0.0186 -0.9803 0.4001, 0.0168 -0.9803 0.4013, 0.0361 -0.9803 0.3197, 0.0101 -0.9803 0.3513, -0.0168 -0.9803 0.3197, 0.0049 -0.9803 0.3507, 0.1062 -0.9803 0.3684, 0.0901 -0.9803 0.4093, 0.1014 -0.9803 0.4093, 0.1122 -0.9803 0.3514, 0.1126 -0.9803 0.3522, 0.1062 -0.9803 0.3382, 0.1062 -0.9803 0.3382, 0.1062 -0.9803 0.3514, 0.1082 -0.9803 0.3418, 0.0922 -0.9803 0.3349, 0.0922 -0.9803 0.326, 0.0943 -0.9803 0.3342, 0.0979 -0.9803 0.3337, 0.1003 -0.9803 0.334, 0.1062 -0.9803 0.3269, 0.1027 -0.9803 0.3256, 0.1062 -0.9803 0.3197, 0.0987 -0.9803 0.3251, 0.0965 -0.9803 0.3252, 0.1025 -0.9803 0.3348, 0.1044 -0.9803 0.3361, 0.1191 -0.9803 0.3434, 0.1145 -0.9803 0.3346, 0.1812 -0.9803 0.3197, 0.1109 -0.9803 0.3302, 0.1102 -0.9803 0.3296, 0.1067 -0.9803 0.3271, 3.8386 -0.9803 0.5598, 0.2951 -0.9803 0.3521, 0.2837 -0.9803 0.3521, 0.2814 -0.9803 0.3514, 0.3443 -0.9803 0.3521, 0.3361 -0.9803 0.374, 0.3028 -0.9803 0.374, 0.3142 -0.9803 0.4321, 0.3252 -0.9803 0.4321, 0.3557 -0.9803 0.3521, 0.2065 -0.9803 0.5598, 0.2139 -0.9803 0.5592, 0.2065 -0.9803 0.5397, 0.2771 -0.9803 0.3788, 0.2732 -0.9803 0.3705, 0.2494 -0.9803 0.4307, 0.259 -0.9803 0.4271, 0.2672 -0.9803 0.4215, 0.2703 -0.9803 0.4184, 0.2752 -0.9803 0.4113, 0.278 -0.9803 0.4036, 0.2792 -0.9803 0.3931, 0.279 -0.9803 0.3882, 0.2672 -0.9803 0.3633, 0.2652 -0.9803 0.3616, 0.2573 -0.9803 0.3565, 0.2369 -0.9803 0.4321, 0.2478 -0.9803 0.3533, 0.2361 -0.9803 0.3521, 0.214 -0.9803 0.3521, 0.214 -0.9803 0.4321, 0.2065 -0.9803 0.3197, 0.1812 -0.9803 0.0, 0.2065 -0.9803 0.0, 0.1787 -0.9803 0.5152, 0.1768 -0.9803 0.5058, 0.1138 -0.9803 0.4791, 0.179 -0.9803 0.5202, 0.1812 -0.9803 0.5598, 0.1778 -0.9803 0.5306, 0.1749 -0.9803 0.5383, 0.1729 -0.9803 0.4975, 0.1669 -0.9803 0.4903, 0.1649 -0.9803 0.4886, 0.157 -0.9803 0.4835, 0.1475 -0.9803 0.4803, 0.1358 -0.9803 0.4791, 0.1588 -0.9803 0.5541, 0.1669 -0.9803 0.5486, 0.17 -0.9803 0.5454, 0.1138 -0.9803 0.5592, 0.1366 -0.9803 0.5592, 0.1491 -0.9803 0.5577, 0.0509 -0.9803 1.0876, 0.0875 -0.9803 1.0876, 0.1062 -0.9803 1.0876, 0.1812 -0.9803 1.0876, 0.2065 -0.9803 1.0876, 0.2814 -0.9803 1.0876, 2.0971 -0.9803 1.0876, -0.0228 -0.9803 0.3612, -0.0228 -0.9803 0.3521, -0.0216 -0.9803 0.3514, -0.0659 -0.9803 0.3521, -0.0247 -0.9803 0.4229, -0.0659 -0.9803 0.4321, -0.0247 -0.9803 0.4321, -0.0556 -0.9803 0.3881, -0.0556 -0.9803 0.3612, -0.0269 -0.9803 0.3881, -0.0269 -0.9803 0.3973, -0.0556 -0.9803 0.3973, -0.0556 -0.9803 0.4229, -0.0659 -0.9803 0.4791, -0.0659 -0.9803 0.5592, -0.0237 -0.9803 0.4791, -0.0216 -0.9803 1.0876, 0.2814 -0.9803 1.5945, 0.2065 -0.9803 1.5945, 0.1812 -0.9803 1.5945, 0.1062 -0.9803 1.5945, 0.0875 -0.9803 1.5945, 0.0509 -0.9803 1.5945, 0.0361 -0.9803 1.5945, -0.0168 -0.9803 1.5945, -0.0216 -0.9803 1.5945, -0.0987 -0.9803 1.5945, -3.8386 -0.9803 1.5945, 1.6263 0.1098 0.0, 1.6263 0.0285 0.0, 1.5711 0.1297 0.0, 1.5711 0.0097 0.0, 1.7487 -0.4205 0.0, 1.7465 -0.4399 0.0, 1.6009 -0.3779 0.0, 1.5927 -0.2304 0.0, 1.5711 -0.2304 0.0, 1.5711 -0.192 0.0, 1.5711 -0.336 0.0, 1.7679 -0.336 0.0, 1.6029 -0.3744 0.0, 1.5813 -0.3744 0.0, 1.575 -0.3879 0.0, 1.5711 -0.4022 0.0, 1.5711 -0.6385 0.0, 1.7679 -0.6385 0.0, 1.7679 -0.6121 0.0, 1.8738 0.4764 0.0, 1.7463 -0.2352 0.0, 1.7463 -0.3096 0.0, 1.6815 -0.3096 0.0, 1.7456 -0.3966 0.0, 1.7361 -0.3744 0.0, 1.7625 -0.3744 0.0, 1.5927 -0.6121 0.0, 1.5927 -0.5376 0.0, 1.7679 -0.192 0.0, 1.6815 -0.24 0.0, 1.6599 -0.24 0.0, 1.6599 -0.3096 0.0, 1.5927 -0.3096 0.0, 1.5711 -0.5376 0.0, 1.5711 -0.4523 0.0, 1.7412 -0.4546 0.0, 1.7321 -0.4682 0.0, 1.719 -0.4801 0.0, 1.6674 -0.4944 0.0, 1.6461 -0.4924 0.0, 1.6291 -0.4871 0.0, 1.5923 -0.4433 0.0, 1.5903 -0.4249 0.0, 1.5976 -0.4576 0.0, 1.6057 -0.4697 0.0, 1.6155 -0.4789 0.0, 1.5932 -0.3988 0.0, 1.5711 0.1585 0.0, 1.5711 0.4764 0.0, 1.7679 0.0817 0.0, 1.7679 0.0553 0.0, 1.7038 -0.4882 0.0, 1.6827 -0.4935 0.0, 1.7649 -0.108 0.0, 1.7568 -0.0849 0.0, 1.7424 -0.0635 0.0, 1.5711 -0.1384 0.0, 1.5711 -0.0191 0.0, 1.5733 -0.1135 0.0, 1.5802 -0.0908 0.0, 1.7679 -0.1364 0.0, 1.5786 -0.4736 0.0, 1.5891 -0.4892 0.0, 1.604 -0.5029 0.0, 1.6938 -0.518 0.0, 1.7161 -0.5104 0.0, 1.7347 -0.4987 0.0, 1.7518 -0.4808 0.0, 1.7625 -0.4621 0.0, 1.6251 -0.0433 0.0, 1.6077 -0.0544 0.0, 1.5922 -0.0704 0.0, 1.7422 -0.0633 0.0, 1.7268 -0.0494 0.0, 1.7096 -0.0402 0.0, 1.7687 -0.4401 0.0, 1.7703 -0.4207 0.0, 1.7687 -0.3972 0.0, 1.7679 -0.2352 0.0, 1.6226 -0.5132 0.0, 1.6439 -0.5191 0.0, 1.6658 -0.5208 0.0, 1.69 -0.0349 0.0, 1.672 -0.0335 0.0, 1.6456 -0.0363 0.0, -3.8386 0.4764 0.0, -3.6614 0.4764 0.0, -3.8386 -0.3504 0.0, -3.6614 -0.3504 0.0, -3.8386 0.5551 1.4961, -3.8386 0.5551 0.1969, -3.8386 0.4764 0.1969, -3.8386 -0.3504 0.1969, -3.8386 -0.4685 1.5945, -3.8386 -0.7835 1.5945, -3.8386 -0.3307 1.5945, -3.8386 0.2205 1.5945, -3.8386 0.7126 1.5945, -3.8386 0.7126 1.4961, -3.6614 -0.9409 0.3937, -3.6614 -0.3504 0.1969, -3.6614 -0.9409 1.4961, -3.6614 0.5551 1.4961, -3.6614 0.5551 0.1969, -3.6614 0.4764 0.1969, -3.5827 0.4764 0.0, -3.0474 0.4764 0.0, -3.5827 -0.9409 1.4961, -3.5827 -0.9409 0.3937, 3.0474 0.4764 0.0, 3.5827 0.4764 0.0, 3.5827 0.7126 0.1969, 3.5827 0.6486 0.1969, 2.7067 0.6486 0.1969, 1.4272 0.4764 0.1969, 1.2303 0.4764 0.1969, 1.2303 0.6486 0.1969, -2.9921 0.5846 0.1969, -2.9921 0.4272 0.1969, -3.002 0.4764 0.1969, -3.002 0.3046 0.1969, -3.2874 0.6486 0.1969, -2.7067 0.6486 0.1969, -2.9134 0.5846 0.1969, -2.9921 0.182 0.1969, -2.9921 0.0039 0.1969, -2.9134 0.182 0.1969, -2.9035 0.3046 0.1969, -2.9134 0.0039 0.1969, -2.9134 0.4272 0.1969, -2.9035 0.4764 0.1969, -2.7067 0.4764 0.1969, -2.5098 0.4764 0.1969, -2.5098 0.3046 0.1969, -2.5 0.4272 0.1969, -2.5 0.5846 0.1969, -2.2146 0.6486 0.1969, -2.4213 0.5846 0.1969, -2.4114 0.3046 0.1969, -2.4213 0.4272 0.1969, -2.4114 0.4764 0.1969, -2.5 0.182 0.1969, -2.5 0.0039 0.1969, -2.4213 0.182 0.1969, -2.4213 0.0039 0.1969, -2.2146 0.4764 0.1969, -2.0177 0.4764 0.1969, -1.5256 0.4764 0.1969, -1.7224 0.4764 0.1969, -1.7224 0.6486 0.1969, -1.9193 0.4764 0.1969, -2.0079 0.5846 0.1969, -2.0079 0.4272 0.1969, -1.9291 0.5846 0.1969, -1.9291 0.4272 0.1969, -1.9193 0.3046 0.1969, -2.0177 0.3046 0.1969, -2.0079 0.182 0.1969, -2.0079 0.0039 0.1969, -1.9291 0.182 0.1969, -1.9291 0.0039 0.1969, -1.5157 0.5846 0.1969, -1.5157 0.4272 0.1969, -1.5256 0.3046 0.1969, -1.2303 0.6486 0.1969, -1.437 0.5846 0.1969, -1.5157 0.182 0.1969, -1.5157 0.0039 0.1969, -1.437 0.182 0.1969, -1.4272 0.3046 0.1969, -1.437 0.0039 0.1969, -0.2461 0.6486 0.1969, -0.4528 0.5846 0.1969, -0.5315 0.5846 0.1969, -0.9449 0.5846 0.1969, -1.0236 0.5846 0.1969, -0.5413 0.3046 0.1969, -0.5413 0.4764 0.1969, -0.5315 0.4272 0.1969, -1.0236 0.4272 0.1969, -1.0335 0.3046 0.1969, -1.0335 0.4764 0.1969, -1.437 0.4272 0.1969, -1.4272 0.4764 0.1969, -1.2303 0.4764 0.1969, -0.935 0.3046 0.1969, -0.9449 0.4272 0.1969, -0.935 0.4764 0.1969, -1.0236 0.182 0.1969, -1.0236 0.0039 0.1969, -0.9449 0.182 0.1969, -0.9449 0.0039 0.1969, -0.5315 0.182 0.1969, -0.5315 0.0039 0.1969, -0.4528 0.182 0.1969, -0.4429 0.3046 0.1969, -0.4528 0.0039 0.1969, 0.2461 0.6486 0.1969, -0.0394 0.5846 0.1969, 0.0394 0.5846 0.1969, -0.0394 0.4272 0.1969, -0.0492 0.3046 0.1969, -0.0492 0.4764 0.1969, -0.4528 0.4272 0.1969, -0.4429 0.4764 0.1969, -0.2461 0.4764 0.1969, 0.0492 0.3046 0.1969, 0.0394 0.4272 0.1969, 0.0492 0.4764 0.1969, 0.2461 0.4764 0.1969, 0.4429 0.4764 0.1969, -0.0394 0.182 0.1969, -0.0394 0.0039 0.1969, 0.0394 0.182 0.1969, 0.0394 0.0039 0.1969, 0.7382 0.6486 0.1969, 0.5315 0.5846 0.1969, 0.4528 0.5846 0.1969, 0.4528 0.4272 0.1969, 0.4429 0.3046 0.1969, 0.4528 0.182 0.1969, 0.4528 0.0039 0.1969, 0.5315 0.182 0.1969, 0.5413 0.3046 0.1969, 0.5315 0.0039 0.1969, 0.9449 0.5846 0.1969, 1.0236 0.5846 0.1969, 0.5315 0.4272 0.1969, 0.5413 0.4764 0.1969, 0.7382 0.4764 0.1969, 0.935 0.4764 0.1969, 0.9449 0.4272 0.1969, 1.0335 0.4764 0.1969, 1.0236 0.4272 0.1969, 1.0335 0.3046 0.1969, 0.935 0.3046 0.1969, 0.9449 0.182 0.1969, 0.9449 0.0039 0.1969, 1.0236 0.182 0.1969, 1.0236 0.0039 0.1969, 1.7224 0.4764 0.1969, 1.5256 0.4764 0.1969, 1.5157 0.5846 0.1969, 1.5157 0.4272 0.1969, 1.5256 0.3046 0.1969, 1.437 0.4272 0.1969, 1.5157 0.182 0.1969, 1.437 0.182 0.1969, 1.4272 0.3046 0.1969, 1.437 0.0039 0.1969, 1.5157 0.0039 0.1969, 1.437 0.5846 0.1969, 1.7224 0.6486 0.1969, 1.9193 0.4764 0.1969, 2.4114 0.4764 0.1969, 2.2146 0.4764 0.1969, 2.2146 0.6486 0.1969, 2.0177 0.4764 0.1969, 1.9291 0.5846 0.1969, 1.9291 0.4272 0.1969, 2.0079 0.5846 0.1969, 2.0079 0.4272 0.1969, 2.0177 0.3046 0.1969, 1.9193 0.3046 0.1969, 1.9291 0.182 0.1969, 1.9291 0.0039 0.1969, 2.0079 0.182 0.1969, 2.0079 0.0039 0.1969, 2.4213 0.5846 0.1969, 2.4213 0.4272 0.1969, 2.4114 0.3046 0.1969, 2.5 0.5846 0.1969, 2.4213 0.182 0.1969, 2.4213 0.0039 0.1969, 2.5 0.182 0.1969, 2.5098 0.3046 0.1969, 2.5 0.0039 0.1969, 2.5 0.4272 0.1969, 2.5098 0.4764 0.1969, 2.7067 0.4764 0.1969, 2.9035 0.4764 0.1969, 2.9134 0.4272 0.1969, 2.9134 0.5846 0.1969, 2.9921 0.5846 0.1969, 3.5827 0.4764 0.1969, 3.002 0.4764 0.1969, 2.9921 0.4272 0.1969, 3.002 0.3046 0.1969, 2.9035 0.3046 0.1969, 2.9134 0.182 0.1969, 2.9134 0.0039 0.1969, 2.9921 0.182 0.1969, 2.9921 0.0039 0.1969, -3.2874 0.4764 0.1969, -3.5827 0.4764 0.1969, -3.5827 0.6486 0.1969, 2.7067 0.7126 0.1969, 2.2146 0.7126 0.1969, 1.7224 0.7126 0.1969, 1.2303 0.7126 0.1969, 0.7382 0.7126 0.1969, 0.2461 0.7126 0.1969, -0.2461 0.7126 0.1969, -1.2303 0.7126 0.1969, -1.7224 0.7126 0.1969, -2.2146 0.7126 0.1969, -2.7067 0.7126 0.1969, -3.2874 0.7126 0.1969, -3.5827 0.7126 0.1969, -3.6417 -0.8228 1.4961, -3.6417 -0.8228 1.5945, -3.5827 -0.8228 1.4961, -3.3268 -0.8228 1.5945, -3.5827 -0.8228 0.2165, -3.3268 -0.8228 0.2165, -3.6417 -0.7835 1.5945, -3.6417 -0.5866 1.4961, -3.6417 -0.5866 1.5945, -3.5827 -0.5866 0.2165, -3.3268 -0.5866 0.2165, -3.5827 -0.5866 1.4961, -3.3268 -0.5866 1.5945, -3.002 0.4764 0.0787, 3.002 0.4764 0.0787, 3.8386 0.5551 0.1969, 3.8386 0.4764 0.1969, 3.6614 0.5551 0.1969, 3.6614 0.4764 0.1969, -3.5827 0.7126 1.4961, -3.2677 0.7126 1.5945, 2.4754 0.7126 1.5945, 2.874 0.7126 1.5945, 3.2677 0.7126 1.5945, 3.8386 0.7126 1.5945, 3.8386 0.7126 1.4961, 3.622 0.7126 1.5945, 3.5827 0.7126 1.4961, -2.4754 0.7126 1.5945, -2.874 0.7126 1.5945, -2.9921 0.4272 0.2165, -2.9921 0.5157 0.2165, -3.2776 0.5157 0.2165, -2.7067 0.3478 0.2165, -2.7067 0.5157 0.2165, -2.9134 0.5157 0.2165, -2.4213 0.5157 0.2165, -2.4213 0.4272 0.2165, -2.2146 0.3478 0.2165, -2.5 0.5157 0.2165, -2.5 0.4272 0.2165, -1.9291 0.5157 0.2165, -1.9291 0.4272 0.2165, -1.7224 0.3478 0.2165, -2.0079 0.4272 0.2165, -2.2146 0.5157 0.2165, -2.0079 0.5157 0.2165, -1.437 0.5157 0.2165, -1.437 0.4272 0.2165, -1.2303 0.3478 0.2165, -1.5157 0.4272 0.2165, -1.7224 0.5157 0.2165, -1.5157 0.5157 0.2165, -0.9449 0.4272 0.2165, -1.0236 0.4272 0.2165, -0.4528 0.5157 0.2165, -0.4528 0.4272 0.2165, -0.2461 0.3478 0.2165, -0.5315 0.4272 0.2165, -1.2303 0.5157 0.2165, -1.0236 0.5157 0.2165, 0.0394 0.5157 0.2165, 0.0394 0.4272 0.2165, 0.2461 0.3478 0.2165, -0.0394 0.4272 0.2165, -0.2461 0.5157 0.2165, -0.0394 0.5157 0.2165, 0.5315 0.5157 0.2165, 0.5315 0.4272 0.2165, 0.7382 0.3478 0.2165, 0.4528 0.4272 0.2165, 0.2461 0.5157 0.2165, 0.4528 0.5157 0.2165, 1.0236 0.5157 0.2165, 1.0236 0.4272 0.2165, 1.2303 0.3478 0.2165, 0.9449 0.4272 0.2165, 0.7382 0.5157 0.2165, 0.9449 0.5157 0.2165, 1.5157 0.5157 0.2165, 1.5157 0.4272 0.2165, 1.7224 0.3478 0.2165, 1.437 0.4272 0.2165, 1.2303 0.5157 0.2165, 1.437 0.5157 0.2165, 2.0079 0.5157 0.2165, 2.0079 0.4272 0.2165, 2.2146 0.3478 0.2165, 1.9291 0.4272 0.2165, 1.7224 0.5157 0.2165, 1.9291 0.5157 0.2165, 2.5 0.5157 0.2165, 2.5 0.4272 0.2165, 2.7067 0.3478 0.2165, 2.4213 0.4272 0.2165, 2.2146 0.5157 0.2165, 2.4213 0.5157 0.2165, 3.563 0.5157 0.2165, 2.9921 0.5157 0.2165, 3.563 0.3478 0.2165, 2.9921 0.4272 0.2165, 2.7067 0.5157 0.2165, 2.9134 0.4272 0.2165, 2.9134 0.5157 0.2165, 2.9134 0.1799 0.2165, 2.9921 0.1799 0.2165, 3.002 0.1614 0.2165, 3.0709 0.1614 0.2165, 2.9921 0.0039 0.2165, 3.3071 -0.2717 0.2165, 3.563 -0.2717 0.2165, 3.3071 -0.0354 0.2165, 3.0709 -0.0354 0.2165, 2.7067 -0.0354 0.2165, 2.8346 -0.0354 0.2165, 2.8346 0.1614 0.2165, 2.9035 0.1614 0.2165, 2.9134 0.0039 0.2165, 2.9035 -0.0354 0.2165, 3.002 -0.0354 0.2165, 2.4213 0.1799 0.2165, 2.5 0.1799 0.2165, 2.5787 -0.0354 0.2165, 2.5787 0.1614 0.2165, 2.5098 0.1614 0.2165, 2.5 0.0039 0.2165, 2.2146 -0.0354 0.2165, 2.3425 -0.0354 0.2165, 2.3425 0.1614 0.2165, 2.4114 0.1614 0.2165, 2.4213 0.0039 0.2165, 2.4114 -0.0354 0.2165, 2.5098 -0.0354 0.2165, 1.9291 0.1799 0.2165, 2.0079 0.1799 0.2165, 2.0866 -0.0354 0.2165, 2.0866 0.1614 0.2165, 2.0177 0.1614 0.2165, 2.0079 0.0039 0.2165, 1.7224 -0.0354 0.2165, 1.8504 -0.0354 0.2165, 1.8504 0.1614 0.2165, 1.9193 0.1614 0.2165, 1.9291 0.0039 0.2165, 1.9193 -0.0354 0.2165, 2.0177 -0.0354 0.2165, 1.437 0.1799 0.2165, 1.5157 0.1799 0.2165, 1.5945 -0.0354 0.2165, 1.5945 0.1614 0.2165, 1.5256 0.1614 0.2165, 1.5157 0.0039 0.2165, 1.2303 -0.0354 0.2165, 1.3583 -0.0354 0.2165, 1.3583 0.1614 0.2165, 1.4272 0.1614 0.2165, 1.437 0.0039 0.2165, 1.4272 -0.0354 0.2165, 1.5256 -0.0354 0.2165, 0.9449 0.1799 0.2165, 1.0236 0.1799 0.2165, 1.1024 -0.0354 0.2165, 1.1024 0.1614 0.2165, 1.0335 0.1614 0.2165, 1.0236 0.0039 0.2165, 0.7382 -0.0354 0.2165, 0.8661 -0.0354 0.2165, 0.8661 0.1614 0.2165, 0.935 0.1614 0.2165, 0.9449 0.0039 0.2165, 0.935 -0.0354 0.2165, 1.0335 -0.0354 0.2165, 0.4528 0.1799 0.2165, 0.5315 0.1799 0.2165, 0.6102 -0.0354 0.2165, 0.6102 0.1614 0.2165, 0.5413 0.1614 0.2165, 0.5315 0.0039 0.2165, 0.2461 -0.0354 0.2165, 0.374 -0.0354 0.2165, 0.374 0.1614 0.2165, 0.4429 0.1614 0.2165, 0.4528 0.0039 0.2165, 0.4429 -0.0354 0.2165, 0.5413 -0.0354 0.2165, -0.0394 0.1799 0.2165, 0.0394 0.1799 0.2165, 0.0394 0.0039 0.2165, 0.0492 -0.0354 0.2165, 0.0492 0.1614 0.2165, 0.1181 -0.0354 0.2165, 0.1181 0.1614 0.2165, -0.0492 -0.0354 0.2165, -0.0394 0.0039 0.2165, -0.0492 0.1614 0.2165, -0.1181 0.1614 0.2165, -0.1181 -0.0354 0.2165, -0.5315 0.5157 0.2165, -0.9449 0.5157 0.2165, -0.9449 0.1799 0.2165, -1.2303 -0.0354 0.2165, -1.1024 -0.0354 0.2165, -1.1024 0.1614 0.2165, -1.0335 0.1614 0.2165, -0.935 0.1614 0.2165, -0.9449 0.0039 0.2165, -1.0236 0.1799 0.2165, -1.0236 0.0039 0.2165, -1.0335 -0.0354 0.2165, -0.935 -0.0354 0.2165, -0.4429 0.1614 0.2165, -0.374 0.1614 0.2165, -0.2461 -0.0354 0.2165, -0.374 -0.0354 0.2165, -0.8661 -0.0354 0.2165, -0.6102 -0.0354 0.2165, -0.8661 0.1614 0.2165, -0.6102 0.1614 0.2165, -0.5315 0.1799 0.2165, -0.5413 0.1614 0.2165, -0.5315 0.0039 0.2165, -0.5413 -0.0354 0.2165, -0.4528 0.0039 0.2165, -0.4528 0.1799 0.2165, -0.4429 -0.0354 0.2165, -1.5157 0.1799 0.2165, -1.437 0.1799 0.2165, -1.3583 -0.0354 0.2165, -1.3583 0.1614 0.2165, -1.4272 0.1614 0.2165, -1.437 0.0039 0.2165, -1.7224 -0.0354 0.2165, -1.5945 -0.0354 0.2165, -1.5945 0.1614 0.2165, -1.5256 0.1614 0.2165, -1.5157 0.0039 0.2165, -1.5256 -0.0354 0.2165, -1.4272 -0.0354 0.2165, -2.0079 0.1799 0.2165, -1.9291 0.1799 0.2165, -1.8504 -0.0354 0.2165, -1.8504 0.1614 0.2165, -1.9193 0.1614 0.2165, -1.9291 0.0039 0.2165, -2.2146 -0.0354 0.2165, -2.0866 -0.0354 0.2165, -2.0866 0.1614 0.2165, -2.0177 0.1614 0.2165, -2.0079 0.0039 0.2165, -2.0177 -0.0354 0.2165, -1.9193 -0.0354 0.2165, -2.5 0.1799 0.2165, -2.4213 0.1799 0.2165, -2.3425 -0.0354 0.2165, -2.3425 0.1614 0.2165, -2.4114 0.1614 0.2165, -2.4213 0.0039 0.2165, -2.7067 -0.0354 0.2165, -2.5787 -0.0354 0.2165, -2.5787 0.1614 0.2165, -2.5098 0.1614 0.2165, -2.5 0.0039 0.2165, -2.5098 -0.0354 0.2165, -2.4114 -0.0354 0.2165, -2.9134 0.1799 0.2165, -2.9921 0.1799 0.2165, -3.2776 0.3478 0.2165, -3.0709 -0.0354 0.2165, -3.0709 0.1614 0.2165, -2.8346 -0.0354 0.2165, -2.8346 0.1614 0.2165, -2.9035 0.1614 0.2165, -2.9134 0.0039 0.2165, -3.002 0.1614 0.2165, -2.9921 0.0039 0.2165, -3.002 -0.0354 0.2165, -2.9035 -0.0354 0.2165, -3.563 -0.2717 0.2165, -3.3071 -0.2717 0.2165, -3.563 0.3478 0.2165, -3.3071 -0.0354 0.2165, -3.2776 -0.0354 0.2165, -3.563 0.5157 0.2165, -2.9134 0.4272 0.2165, -0.0394 0.5157 1.4529, 0.0394 0.5157 1.4529, 3.563 0.5157 1.5551, -2.9921 0.5157 1.4529, -3.563 0.5157 1.5551, -0.4528 0.5157 1.4529, 0.4528 0.5157 1.4529, 1.437 0.5157 1.4529, 1.5157 0.5157 1.4529, 0.9449 0.5157 1.4529, 1.0236 0.5157 1.4529, -2.5 0.5157 1.4529, -2.9134 0.5157 1.4529, -2.4213 0.5157 1.4529, 0.5315 0.5157 1.4529, 1.9291 0.5157 1.4529, 2.4213 0.5157 1.4529, 2.5 0.5157 1.4529, 2.9134 0.5157 1.4529, -1.9291 0.5157 1.4529, 2.0079 0.5157 1.4529, 2.9921 0.5157 1.4529, -1.437 0.5157 1.4529, -1.0236 0.5157 1.4529, -0.9449 0.5157 1.4529, -0.5315 0.5157 1.4529, -2.0079 0.5157 1.4529, -1.5157 0.5157 1.4529, -2.5553 0.4764 0.0, -2.8581 0.4764 0.0, -2.0632 0.4764 0.0, -2.366 0.4764 0.0, -0.5868 0.4764 0.0, -0.8896 0.4764 0.0, -1.0789 0.4764 0.0, -1.3817 0.4764 0.0, -1.5711 0.4764 0.0, -1.8738 0.4764 0.0, 0.8896 0.4764 0.0, 0.5868 0.4764 0.0, 1.3817 0.4764 0.0, 1.0789 0.4764 0.0, 2.366 0.4764 0.0, 2.0632 0.4764 0.0, 2.8581 0.4764 0.0, 2.5553 0.4764 0.0, 0.3975 0.4764 0.0, 0.0947 0.4764 0.0, -0.0947 0.4764 0.0, -0.3975 0.4764 0.0, 0.4429 0.1614 1.5945, 0.374 0.1614 1.5945, 0.935 0.1614 1.5945, 0.8661 0.1614 1.5945, 1.4272 0.1614 1.5945, 1.3583 0.1614 1.5945, 1.9193 0.1614 1.5945, 1.8504 0.1614 1.5945, 2.4114 0.1614 1.5945, 2.3425 0.1614 1.5945, 2.9035 0.1614 1.5945, 2.874 0.1614 1.5945, 2.8346 0.1614 1.5945, -0.5413 0.1614 1.5945, -0.6102 0.1614 1.5945, -1.0335 0.1614 1.5945, -1.1024 0.1614 1.5945, -1.5256 0.1614 1.5945, -1.5945 0.1614 1.5945, -2.0177 0.1614 1.5945, -2.0866 0.1614 1.5945, -2.5098 0.1614 1.5945, -2.5787 0.1614 1.5945, -3.002 0.1614 1.5945, -3.0709 0.1614 1.5945, -3.3071 -0.0354 1.5551, -3.2677 -0.0354 1.5945, -3.0709 -0.0354 1.5945, -2.8346 -0.0354 1.5945, -2.5787 -0.0354 1.5945, -2.3425 -0.0354 1.5945, -2.0866 -0.0354 1.5945, -1.8504 -0.0354 1.5945, -1.5945 -0.0354 1.5945, -1.3583 -0.0354 1.5945, -1.1024 -0.0354 1.5945, -0.6102 -0.0354 1.5945, -0.8661 -0.0354 1.5945, -0.374 -0.0354 1.5945, -0.1181 -0.0354 1.5945, 2.5787 -0.0354 1.5945, 2.8346 -0.0354 1.5945, 3.3071 -0.0354 1.5551, 3.2677 -0.0354 1.5945, 3.0709 -0.0354 1.5945, 2.0866 -0.0354 1.5945, 2.3425 -0.0354 1.5945, 1.5945 -0.0354 1.5945, 1.8504 -0.0354 1.5945, 1.1024 -0.0354 1.5945, 1.3583 -0.0354 1.5945, 0.6102 -0.0354 1.5945, 0.8661 -0.0354 1.5945, 0.1181 -0.0354 1.5945, 0.374 -0.0354 1.5945, -0.0492 0.1614 1.5945, -0.1181 0.1614 1.5945, 3.8386 0.5551 1.4961, 3.8386 -0.3504 0.1969, 3.8386 0.4764 0.0, 3.8386 -0.3504 0.0, 3.8386 -0.3307 1.5945, 3.8386 0.2205 1.5945, 3.8386 -0.7835 1.5945, 3.8386 -0.4685 1.5945, -3.2677 -0.4685 1.5945, 2.5098 -0.0354 1.5945, 2.4754 -0.0354 1.5945, 2.4754 -0.3307 1.5945, -2.4114 -0.8228 1.5945, -2.4114 -0.7835 1.5945, -2.4754 -0.7835 1.5945, 2.4754 -0.9803 1.5945, 2.4114 -0.8228 1.5945, -2.4754 -0.9803 1.5945, -0.5413 -0.0354 1.5945, 2.0866 0.1614 1.5945, 2.0177 0.1614 1.5945, -2.4114 -0.1142 1.5945, 2.4114 -0.1142 1.5945, 1.5945 0.1614 1.5945, 1.5256 0.1614 1.5945, 0.4429 -0.0354 1.5945, 1.1024 0.1614 1.5945, 1.0335 0.1614 1.5945, 0.5413 -0.0354 1.5945, 0.5413 0.1614 1.5945, 0.6102 0.1614 1.5945, -0.0492 -0.0354 1.5945, 0.935 -0.0354 1.5945, 2.4114 -0.7835 1.5945, 2.4754 -0.7835 1.5945, 2.4114 -0.4685 1.5945, 2.4754 -0.4685 1.5945, 2.4114 -0.3307 1.5945, 2.4114 -0.0354 1.5945, 2.0177 -0.0354 1.5945, 1.9193 -0.0354 1.5945, 1.5256 -0.0354 1.5945, 1.4272 -0.0354 1.5945, 1.0335 -0.0354 1.5945, 0.1181 0.1614 1.5945, 0.0492 0.1614 1.5945, 0.0492 -0.0354 1.5945, -0.374 0.1614 1.5945, -0.4429 0.1614 1.5945, -0.4429 -0.0354 1.5945, -1.0335 -0.0354 1.5945, -0.935 -0.0354 1.5945, -0.935 0.1614 1.5945, -0.8661 0.1614 1.5945, -1.5256 -0.0354 1.5945, -1.4272 -0.0354 1.5945, -1.4272 0.1614 1.5945, -1.3583 0.1614 1.5945, -2.0177 -0.0354 1.5945, -1.9193 -0.0354 1.5945, -1.9193 0.1614 1.5945, -1.8504 0.1614 1.5945, -2.3425 0.1614 1.5945, -2.4114 0.1614 1.5945, -2.4114 -0.0354 1.5945, -2.4754 -0.4685 1.5945, -2.4114 -0.4685 1.5945, -2.4754 -0.3307 1.5945, -2.4114 -0.3307 1.5945, -2.4754 -0.0354 1.5945, 3.2087 -0.4685 1.5945, 3.2087 -0.7441 1.5945, 3.2677 -0.7835 1.5945, 2.874 -0.7835 1.5945, 2.9331 -0.7441 1.5945, 2.874 -0.4685 1.5945, 2.9331 -0.5866 1.5945, 2.9636 -0.5826 1.5945, 2.9921 -0.5708 1.5945, 3.0166 -0.552 1.5945, 3.0354 -0.5276 1.5945, 3.0472 -0.4991 1.5945, 3.0512 -0.4685 1.5945, 2.874 -0.3307 1.5945, 3.0512 -0.3504 1.5945, 3.2677 -0.3307 1.5945, 3.2087 -0.3504 1.5945, 3.2677 -0.4685 1.5945, -2.874 -0.3307 1.5945, -2.815 -0.3504 1.5945, -2.5394 -0.3504 1.5945, 3.3268 -0.8228 1.5945, 3.3268 -0.7835 1.5945, 3.2677 -0.9803 1.5945, 3.622 -0.8228 1.5945, 3.622 -0.9803 1.5945, 3.6417 -0.8228 1.5945, 3.6417 -0.7835 1.5945, 3.6417 -0.5866 1.5945, 3.622 -0.5866 1.5945, -3.3268 -0.7835 1.5945, -3.2677 -0.7835 1.5945, -3.2677 -0.9803 1.5945, -3.2087 -0.4685 1.5945, -3.2087 -0.3504 1.5945, -3.2677 -0.3307 1.5945, -3.0512 -0.3504 1.5945, -2.874 -0.4685 1.5945, -3.0512 -0.4685 1.5945, -3.0472 -0.4991 1.5945, -3.0354 -0.5276 1.5945, -3.0166 -0.552 1.5945, -2.9921 -0.5708 1.5945, -2.9636 -0.5826 1.5945, -2.9331 -0.5866 1.5945, -2.874 -0.7835 1.5945, -2.9331 -0.7441 1.5945, -3.2087 -0.7441 1.5945, 2.815 -0.7441 1.5945, 2.815 -0.4685 1.5945, 2.815 -0.3504 1.5945, 2.5394 -0.3504 1.5945, 2.5394 -0.4685 1.5945, 2.5394 -0.7441 1.5945, -3.002 -0.0354 1.5945, -2.9035 -0.0354 1.5945, -2.874 0.1614 1.5945, -2.9035 0.1614 1.5945, -3.2677 -0.311 1.5945, -2.815 -0.4685 1.5945, -2.815 -0.7441 1.5945, -2.5394 -0.7441 1.5945, -2.5394 -0.4685 1.5945, -2.5098 -0.0354 1.5945, -2.8346 0.1614 1.5945, 2.5787 0.1614 1.5945, 2.5098 0.1614 1.5945, 3.2677 -0.311 1.5945, 3.0709 0.1614 1.5945, 3.002 0.1614 1.5945, 3.002 -0.0354 1.5945, 2.9035 -0.0354 1.5945, 3.6024 -0.311 1.5945, 3.622 -0.3307 1.5945, 3.622 0.2205 1.5945, 3.6024 0.2205 1.5945, 3.6024 0.5551 1.5945, 3.2677 0.5551 1.5945, 2.874 0.5551 1.5945, 2.4754 0.5551 1.5945, -2.4754 0.5551 1.5945, -2.874 0.5551 1.5945, -3.6024 -0.311 1.5945, -2.874 -0.9803 1.5945, 2.874 -0.9803 1.5945, -3.6024 0.2205 1.5945, -3.6024 0.5551 1.5945, -3.2677 0.5551 1.5945, 3.3268 -0.5866 1.5945, 3.622 -0.4685 1.5945, 3.6614 -0.3504 0.0, 3.6614 0.4764 0.0, -2.4114 -0.1142 0.2165, -2.4114 -0.8228 0.2165, 1.6339 -0.1142 1.4875, 2.4114 -0.1142 0.2165, 1.6339 -0.1142 1.122, -1.6339 -0.1142 1.122, -1.6339 -0.1142 1.4875, 2.4114 -0.8228 0.2165, 2.9331 -0.7441 0.2165, 2.9331 -0.5866 0.2165, 3.0512 -0.4685 0.2165, 3.0512 -0.3504 0.2165, 3.2087 -0.3504 0.2165, 3.2087 -0.7441 0.2165, 3.0472 -0.4991 0.2165, 3.0354 -0.5276 0.2165, 3.0166 -0.552 0.2165, 2.9921 -0.5708 0.2165, 2.9636 -0.5826 0.2165, -2.815 -0.7441 0.2165, -2.815 -0.3504 0.2165, -2.5394 -0.3504 0.2165, -2.5394 -0.7441 0.2165, 3.5827 -0.8228 0.2165, 3.3268 -0.8228 0.2165, 3.5827 -0.8228 1.4961, 3.6417 -0.8228 1.4961, 3.3268 -0.5866 0.2165, 3.5827 -0.5866 0.2165, 3.5827 -0.5866 1.4961, 3.6417 -0.5866 1.4961, -2.9331 -0.5866 0.2165, -2.9331 -0.7441 0.2165, -3.2087 -0.7441 0.2165, -3.2087 -0.3504 0.2165, -3.0512 -0.3504 0.2165, -3.0512 -0.4685 0.2165, -2.9636 -0.5826 0.2165, -3.0166 -0.552 0.2165, -3.0354 -0.5276 0.2165, -3.0472 -0.4991 0.2165, -2.9921 -0.5708 0.2165, 2.815 -0.3504 0.2165, 2.815 -0.7441 0.2165, 2.5394 -0.7441 0.2165, 2.5394 -0.3504 0.2165, -3.3071 -0.2717 1.5551, -3.563 -0.2717 1.5551, 3.563 -0.2717 1.5551, 3.3071 -0.2717 1.5551, -0.0492 0.4764 0.0787, 0.0492 0.4764 0.0787, 0.4429 0.4764 0.0787, 0.5413 0.4764 0.0787, 2.9035 0.4764 0.0787, 2.4114 0.4764 0.0787, 2.5098 0.4764 0.0787, 1.9193 0.4764 0.0787, 2.0177 0.4764 0.0787, 1.4272 0.4764 0.0787, 1.5256 0.4764 0.0787, 0.935 0.4764 0.0787, 1.0335 0.4764 0.0787, -1.5256 0.4764 0.0787, -1.4272 0.4764 0.0787, -1.0335 0.4764 0.0787, -0.935 0.4764 0.0787, -0.5413 0.4764 0.0787, -0.4429 0.4764 0.0787, -2.0177 0.4764 0.0787, -1.9193 0.4764 0.0787, -2.5098 0.4764 0.0787, -2.4114 0.4764 0.0787, -2.9035 0.4764 0.0787, -2.9035 0.4764 0.0787
            ]
        }
        coordIndex [
            0,1,2,-1,3,4,5,-1,6,7,8,-1,9,10,11,-1,12,13,14,-1,15,16,17,-1,18,19,20,-1,21,22,23,-1,24,25,26,-1,26,25,27,-1,26,27,28,-1,29,30,31,-1,31,30,26,-1,31,26,32,-1,32,26,33,-1,28,34,26,-1,26,34,35,-1,26,35,33,-1,36,37,38,-1,36,38,39,-1,37,40,38,-1,38,40,41,-1,38,41,24,-1,38,42,39,-1,39,42,43,-1,39,43,44,-1,45,46,43,-1,43,46,47,-1,43,48,44,-1,44,48,49,-1,44,49,50,-1,50,49,51,-1,50,51,52,-1,47,53,43,-1,43,53,54,-1,43,54,48,-1,45,43,55,-1,55,43,56,-1,55,56,57,-1,58,59,60,-1,60,59,61,-1,60,61,62,-1,62,63,60,-1,60,63,64,-1,60,64,57,-1,57,64,65,-1,57,65,55,-1,66,58,67,-1,67,58,60,-1,67,60,68,-1,68,60,69,-1,70,71,72,-1,72,71,73,-1,72,73,74,-1,74,75,72,-1,72,75,76,-1,72,76,60,-1,60,76,77,-1,60,77,69,-1,78,79,80,-1,80,79,81,-1,80,81,82,-1,83,84,76,-1,85,86,87,-1,87,88,85,-1,85,88,83,-1,85,83,89,-1,89,83,76,-1,89,76,82,-1,82,76,75,-1,82,75,80,-1,90,91,92,-1,92,91,93,-1,92,93,94,-1,95,96,97,-1,97,98,95,-1,95,98,99,-1,95,99,100,-1,100,99,76,-1,100,76,94,-1,94,76,84,-1,94,84,92,-1,101,102,103,-1,104,105,103,-1,103,105,106,-1,103,106,101,-1,107,108,109,-1,109,108,110,-1,109,110,111,-1,111,112,109,-1,109,112,113,-1,109,113,101,-1,101,113,76,-1,101,76,102,-1,102,76,99,-1,114,115,107,-1,107,115,116,-1,116,117,107,-1,107,117,118,-1,107,118,108,-1,119,120,121,-1,122,123,124,-1,124,123,125,-1,119,121,126,-1,127,128,129,-1,130,131,123,-1,123,131,132,-1,123,132,133,-1,29,134,30,-1,30,134,135,-1,30,135,129,-1,129,135,136,-1,129,136,127,-1,120,137,121,-1,121,137,138,-1,121,138,139,-1,140,141,142,-1,142,141,143,-1,142,143,144,-1,145,133,146,-1,146,133,147,-1,146,147,142,-1,142,147,148,-1,142,148,140,-1,145,149,133,-1,133,149,150,-1,133,150,123,-1,123,150,151,-1,123,151,125,-1,128,152,129,-1,129,152,153,-1,129,153,154,-1,155,156,157,-1,157,156,158,-1,157,158,121,-1,121,158,159,-1,121,159,126,-1,160,161,114,-1,161,162,114,-1,114,162,163,-1,114,163,164,-1,164,165,114,-1,114,165,166,-1,114,166,167,-1,167,166,155,-1,167,155,168,-1,168,155,157,-1,169,170,121,-1,121,170,171,-1,121,171,123,-1,123,171,172,-1,123,172,130,-1,139,173,121,-1,121,173,174,-1,121,174,175,-1,175,176,121,-1,121,176,177,-1,121,177,169,-1,178,179,180,-1,179,181,180,-1,180,181,182,-1,180,182,183,-1,132,180,133,-1,133,180,184,-1,133,184,185,-1,186,187,132,-1,132,187,188,-1,132,188,180,-1,180,188,189,-1,180,189,178,-1,190,191,132,-1,132,191,192,-1,132,192,186,-1,193,194,195,-1,195,194,196,-1,195,196,197,-1,183,182,198,-1,198,182,199,-1,198,199,200,-1,200,199,201,-1,200,201,202,-1,185,203,133,-1,133,203,195,-1,133,195,204,-1,204,195,197,-1,205,206,207,-1,207,206,208,-1,208,206,209,-1,208,209,210,-1,211,212,205,-1,205,212,206,-1,206,212,213,-1,206,213,214,-1,213,215,214,-1,214,215,216,-1,214,216,217,-1,205,218,211,-1,211,218,219,-1,211,219,220,-1,209,221,210,-1,210,221,222,-1,210,222,223,-1,223,222,224,-1,225,226,227,-1,228,229,230,-1,230,229,231,-1,230,231,207,-1,207,231,232,-1,207,232,205,-1,227,233,225,-1,225,233,234,-1,225,234,235,-1,235,234,236,-1,235,236,228,-1,228,236,224,-1,228,224,229,-1,229,224,222,-1,237,238,239,-1,239,238,240,-1,241,242,243,-1,244,245,240,-1,246,247,248,-1,244,240,249,-1,246,248,240,-1,240,248,250,-1,240,250,249,-1,251,252,253,-1,253,252,254,-1,253,254,255,-1,255,254,19,-1,19,254,256,-1,19,256,20,-1,257,258,20,-1,259,260,261,-1,262,263,20,-1,20,263,264,-1,242,265,243,-1,243,265,266,-1,243,266,261,-1,261,266,267,-1,261,267,259,-1,260,268,261,-1,261,268,269,-1,261,269,270,-1,270,269,271,-1,270,271,257,-1,272,273,258,-1,258,273,274,-1,258,274,20,-1,20,274,275,-1,20,275,262,-1,264,276,20,-1,20,276,277,-1,20,277,18,-1,278,279,280,-1,280,279,281,-1,280,281,282,-1,280,283,278,-1,278,283,284,-1,278,284,285,-1,285,286,278,-1,278,286,287,-1,278,287,288,-1,288,287,289,-1,288,289,290,-1,290,289,291,-1,290,291,258,-1,258,291,292,-1,258,292,272,-1,293,294,282,-1,282,294,295,-1,282,295,280,-1,296,297,247,-1,247,297,298,-1,247,298,248,-1,296,299,297,-1,297,299,300,-1,297,300,301,-1,301,300,302,-1,301,303,304,-1,302,305,301,-1,301,305,306,-1,301,306,307,-1,307,308,301,-1,301,308,309,-1,301,309,303,-1,304,310,301,-1,301,310,311,-1,301,311,312,-1,313,314,315,-1,316,317,318,-1,318,317,207,-1,318,207,314,-1,319,230,320,-1,320,230,207,-1,320,207,321,-1,321,207,317,-1,322,323,228,-1,324,325,326,-1,326,325,327,-1,326,327,328,-1,329,330,322,-1,322,330,331,-1,330,332,331,-1,331,332,333,-1,331,333,334,-1,324,335,336,-1,336,335,337,-1,336,337,338,-1,228,323,270,-1,270,323,339,-1,270,339,261,-1,328,327,340,-1,340,327,341,-1,340,341,342,-1,3,343,344,-1,345,346,347,-1,347,346,348,-1,347,348,349,-1,349,348,350,-1,349,350,351,-1,351,350,352,-1,351,352,353,-1,354,355,356,-1,356,357,354,-1,354,357,358,-1,354,358,359,-1,360,361,362,-1,362,363,360,-1,360,363,364,-1,360,364,359,-1,359,364,365,-1,359,365,354,-1,366,367,368,-1,368,367,365,-1,368,365,369,-1,369,365,364,-1,370,371,372,-1,373,374,375,-1,376,377,354,-1,378,379,380,-1,380,381,378,-1,378,381,376,-1,378,376,375,-1,375,376,354,-1,375,354,373,-1,382,383,384,-1,385,386,387,-1,387,386,388,-1,387,388,377,-1,377,388,389,-1,377,389,354,-1,354,389,390,-1,354,390,391,-1,391,390,382,-1,391,382,392,-1,392,382,384,-1,393,355,394,-1,394,355,354,-1,394,354,395,-1,395,354,391,-1,396,12,254,-1,397,398,399,-1,399,398,400,-1,23,401,402,-1,109,21,107,-1,107,21,23,-1,107,23,397,-1,397,23,402,-1,403,404,405,-1,405,404,406,-1,405,406,407,-1,407,406,408,-1,407,408,56,-1,56,408,409,-1,56,409,57,-1,410,243,411,-1,411,243,261,-1,411,261,412,-1,412,261,413,-1,414,415,416,-1,416,415,417,-1,417,418,416,-1,416,418,419,-1,416,419,420,-1,420,419,421,-1,422,423,416,-1,416,423,424,-1,416,424,425,-1,339,342,261,-1,261,342,341,-1,261,341,413,-1,413,341,426,-1,413,426,416,-1,416,426,427,-1,416,427,422,-1,425,428,416,-1,416,428,429,-1,416,429,414,-1,430,431,432,-1,433,434,419,-1,419,434,435,-1,419,435,421,-1,430,432,419,-1,419,432,436,-1,419,436,433,-1,437,438,439,-1,439,438,440,-1,439,440,341,-1,341,440,441,-1,341,441,426,-1,442,443,444,-1,444,443,445,-1,444,445,437,-1,446,447,448,-1,448,447,449,-1,450,451,447,-1,447,451,452,-1,447,452,449,-1,453,454,455,-1,455,454,456,-1,455,456,457,-1,458,459,447,-1,447,459,460,-1,447,460,450,-1,454,461,456,-1,456,461,462,-1,456,462,458,-1,458,462,463,-1,458,463,459,-1,464,465,455,-1,465,466,455,-1,455,466,467,-1,455,467,453,-1,410,468,243,-1,243,468,469,-1,243,469,455,-1,455,469,470,-1,455,470,464,-1,471,472,473,-1,473,472,474,-1,9,11,475,-1,457,476,477,-1,478,457,479,-1,479,457,480,-1,481,482,243,-1,243,482,483,-1,243,483,484,-1,471,485,472,-1,472,485,486,-1,472,486,487,-1,487,486,488,-1,489,490,488,-1,488,490,491,-1,488,491,487,-1,478,492,457,-1,457,492,493,-1,457,493,476,-1,494,495,11,-1,11,495,496,-1,11,496,475,-1,497,498,455,-1,455,498,499,-1,455,499,243,-1,243,499,500,-1,243,500,481,-1,477,501,457,-1,457,501,502,-1,457,502,455,-1,455,502,474,-1,455,474,497,-1,497,474,472,-1,484,503,243,-1,243,503,504,-1,243,504,505,-1,506,507,488,-1,488,507,508,-1,488,508,509,-1,245,241,240,-1,240,241,243,-1,240,243,239,-1,239,243,505,-1,239,505,510,-1,509,511,488,-1,488,511,512,-1,488,512,489,-1,510,11,239,-1,239,11,10,-1,239,10,513,-1,513,10,514,-1,513,514,515,-1,515,514,516,-1,517,518,20,-1,257,20,270,-1,270,20,518,-1,270,518,228,-1,228,518,519,-1,228,519,235,-1,520,521,517,-1,522,523,524,-1,524,523,525,-1,524,525,520,-1,520,517,524,-1,524,517,20,-1,524,20,526,-1,526,20,256,-1,526,256,527,-1,526,528,524,-1,524,528,529,-1,524,529,530,-1,531,532,533,-1,533,532,534,-1,533,534,256,-1,256,534,535,-1,256,535,527,-1,530,536,524,-1,524,536,537,-1,524,537,522,-1,538,539,540,-1,538,540,223,-1,539,541,540,-1,540,541,542,-1,540,542,533,-1,533,542,543,-1,533,543,531,-1,544,4,352,-1,352,4,3,-1,352,3,353,-1,353,3,344,-1,545,546,547,-1,548,549,550,-1,547,546,315,-1,315,546,551,-1,315,551,552,-1,550,545,548,-1,548,545,547,-1,548,547,553,-1,553,547,343,-1,553,343,552,-1,552,343,3,-1,552,3,315,-1,315,3,5,-1,315,5,313,-1,313,5,554,-1,313,554,555,-1,555,554,556,-1,557,558,547,-1,559,560,315,-1,560,561,315,-1,315,561,562,-1,315,562,563,-1,563,564,315,-1,315,564,565,-1,315,565,547,-1,547,565,566,-1,547,566,557,-1,558,567,547,-1,547,567,568,-1,547,568,569,-1,314,207,315,-1,315,207,570,-1,315,570,559,-1,569,571,547,-1,547,571,572,-1,547,572,208,-1,208,572,573,-1,208,573,207,-1,207,573,574,-1,207,574,570,-1,223,540,210,-1,210,540,575,-1,210,575,208,-1,208,575,373,-1,208,373,547,-1,547,373,354,-1,547,354,343,-1,343,354,365,-1,343,365,344,-1,12,14,254,-1,254,14,15,-1,254,15,256,-1,256,15,17,-1,256,17,533,-1,533,17,576,-1,533,576,540,-1,540,576,577,-1,540,577,575,-1,575,577,370,-1,575,370,373,-1,373,370,372,-1,373,372,374,-1,578,579,230,-1,336,329,324,-1,324,329,322,-1,324,322,325,-1,325,322,228,-1,325,228,580,-1,581,582,583,-1,583,582,584,-1,556,554,319,-1,319,554,582,-1,319,582,230,-1,230,582,581,-1,230,581,578,-1,579,585,230,-1,230,585,586,-1,230,586,587,-1,587,588,230,-1,230,588,589,-1,230,589,228,-1,228,589,590,-1,228,590,580,-1,591,592,582,-1,582,592,593,-1,582,593,584,-1,580,594,325,-1,325,594,595,-1,325,595,582,-1,582,595,596,-1,582,596,591,-1,251,237,252,-1,252,237,239,-1,252,239,254,-1,254,239,513,-1,254,513,396,-1,396,513,515,-1,396,515,400,-1,437,439,444,-1,444,439,341,-1,444,341,597,-1,597,341,327,-1,597,327,598,-1,598,327,325,-1,598,325,599,-1,599,325,582,-1,599,582,600,-1,600,582,554,-1,600,554,601,-1,601,554,5,-1,601,5,602,-1,602,5,4,-1,602,4,603,-1,603,4,544,-1,603,544,6,-1,397,399,107,-1,107,399,129,-1,107,129,114,-1,114,129,154,-1,114,154,160,-1,604,605,606,-1,606,605,607,-1,516,480,515,-1,515,480,457,-1,515,457,606,-1,606,457,456,-1,606,456,604,-1,604,456,608,-1,400,515,399,-1,399,515,606,-1,399,606,129,-1,129,606,607,-1,129,607,30,-1,30,607,609,-1,30,609,456,-1,456,609,610,-1,456,610,608,-1,611,612,613,-1,613,612,604,-1,613,604,614,-1,614,604,608,-1,614,608,615,-1,615,608,616,-1,617,618,26,-1,26,618,0,-1,26,0,458,-1,458,0,2,-1,458,2,456,-1,456,2,619,-1,456,619,30,-1,30,619,617,-1,30,617,26,-1,24,26,38,-1,38,26,458,-1,38,458,620,-1,620,458,447,-1,620,447,442,-1,442,447,446,-1,442,446,443,-1,6,8,603,-1,603,8,621,-1,603,621,602,-1,602,621,622,-1,602,622,601,-1,601,622,623,-1,601,623,600,-1,600,623,624,-1,600,624,599,-1,599,624,625,-1,599,625,598,-1,598,625,626,-1,598,626,597,-1,597,626,627,-1,597,627,444,-1,444,627,628,-1,444,628,442,-1,442,628,629,-1,442,629,620,-1,620,629,630,-1,620,630,38,-1,38,630,631,-1,38,631,42,-1,632,633,634,-1,634,633,635,-1,636,637,638,-1,639,640,641,-1,642,643,644,-1,644,645,642,-1,642,645,646,-1,642,646,647,-1,384,383,648,-1,648,649,384,-1,384,649,650,-1,384,650,651,-1,652,653,654,-1,636,638,655,-1,655,638,644,-1,655,644,656,-1,656,644,643,-1,656,643,657,-1,650,658,659,-1,660,661,662,-1,663,664,662,-1,662,664,639,-1,662,639,660,-1,660,639,641,-1,659,665,666,-1,637,667,638,-1,638,667,668,-1,638,668,669,-1,670,671,638,-1,638,671,672,-1,673,674,675,-1,675,674,676,-1,672,677,638,-1,638,677,676,-1,638,676,678,-1,678,676,674,-1,679,680,681,-1,681,680,651,-1,681,651,682,-1,669,683,638,-1,638,683,684,-1,638,684,670,-1,685,686,682,-1,682,686,687,-1,688,689,690,-1,690,689,691,-1,685,682,692,-1,692,682,651,-1,692,651,660,-1,666,693,659,-1,659,693,694,-1,659,694,695,-1,696,697,650,-1,697,698,650,-1,650,698,699,-1,650,699,700,-1,701,702,689,-1,689,702,703,-1,689,703,691,-1,687,704,682,-1,682,704,705,-1,682,705,706,-1,700,707,650,-1,650,707,708,-1,650,708,651,-1,651,708,709,-1,654,661,652,-1,652,661,660,-1,652,660,710,-1,710,660,651,-1,710,651,643,-1,643,651,709,-1,643,709,657,-1,695,711,659,-1,659,711,712,-1,659,712,650,-1,650,712,713,-1,650,713,696,-1,706,714,682,-1,682,714,715,-1,682,715,689,-1,689,715,716,-1,689,716,701,-1,717,718,719,-1,719,718,720,-1,721,722,723,-1,717,719,723,-1,723,719,724,-1,723,724,721,-1,725,724,726,-1,726,724,403,-1,726,403,631,-1,725,727,724,-1,724,727,728,-1,724,728,721,-1,721,728,729,-1,721,729,730,-1,409,404,731,-1,731,404,732,-1,731,732,733,-1,733,732,734,-1,735,734,736,-1,736,734,732,-1,736,732,718,-1,718,732,720,-1,737,738,70,-1,70,738,71,-1,733,739,731,-1,731,739,740,-1,366,741,367,-1,367,741,742,-1,743,744,745,-1,746,747,748,-1,749,750,751,-1,751,750,752,-1,751,753,749,-1,749,753,754,-1,749,754,755,-1,752,756,757,-1,756,752,758,-1,758,752,759,-1,758,759,760,-1,760,759,75,-1,760,75,757,-1,757,75,74,-1,757,74,752,-1,752,750,759,-1,759,750,761,-1,759,761,762,-1,762,761,755,-1,762,755,763,-1,763,755,754,-1,763,754,764,-1,765,764,766,-1,766,764,767,-1,764,754,767,-1,767,754,768,-1,767,768,769,-1,765,766,770,-1,770,766,771,-1,770,771,772,-1,765,773,774,-1,773,765,775,-1,775,765,770,-1,775,770,776,-1,776,770,89,-1,776,89,774,-1,774,89,82,-1,774,82,765,-1,771,769,772,-1,772,769,768,-1,772,768,777,-1,777,768,778,-1,779,780,781,-1,781,780,782,-1,778,783,784,-1,778,768,783,-1,783,768,781,-1,783,781,785,-1,785,781,782,-1,785,782,786,-1,786,782,787,-1,786,787,784,-1,784,787,788,-1,784,788,778,-1,788,789,790,-1,789,788,791,-1,791,788,787,-1,791,787,792,-1,792,787,84,-1,792,84,790,-1,790,84,83,-1,790,83,788,-1,793,794,779,-1,779,794,795,-1,779,781,793,-1,793,781,796,-1,793,796,797,-1,795,798,799,-1,798,795,800,-1,800,795,801,-1,800,801,802,-1,802,801,100,-1,802,100,799,-1,799,100,94,-1,799,94,795,-1,803,804,805,-1,803,805,796,-1,796,805,806,-1,796,806,807,-1,808,809,810,-1,811,812,813,-1,795,794,801,-1,801,794,814,-1,801,814,815,-1,815,814,797,-1,815,797,816,-1,816,797,796,-1,816,796,813,-1,813,796,807,-1,813,807,811,-1,812,811,817,-1,817,811,818,-1,817,818,819,-1,819,818,806,-1,819,806,809,-1,809,806,805,-1,809,805,810,-1,812,820,821,-1,820,812,822,-1,822,812,817,-1,822,817,823,-1,823,817,102,-1,823,102,821,-1,821,102,99,-1,821,99,812,-1,808,824,825,-1,824,808,826,-1,826,808,827,-1,826,827,828,-1,828,827,109,-1,828,109,825,-1,825,109,101,-1,825,101,808,-1,803,829,830,-1,830,829,831,-1,832,833,834,-1,808,810,827,-1,827,810,835,-1,827,835,836,-1,836,835,804,-1,836,804,837,-1,837,804,803,-1,837,803,834,-1,834,803,830,-1,834,830,832,-1,833,832,838,-1,838,832,839,-1,838,839,840,-1,840,839,831,-1,840,831,841,-1,841,831,829,-1,841,829,842,-1,833,843,844,-1,843,833,845,-1,845,833,838,-1,845,838,846,-1,846,838,12,-1,846,12,844,-1,844,12,397,-1,844,397,833,-1,847,848,829,-1,829,848,849,-1,829,849,842,-1,842,849,850,-1,842,850,851,-1,851,852,853,-1,852,851,854,-1,854,851,855,-1,854,855,856,-1,856,855,375,-1,856,375,853,-1,853,375,374,-1,853,374,851,-1,857,847,858,-1,858,847,748,-1,851,850,855,-1,855,850,859,-1,855,859,860,-1,860,859,848,-1,860,848,861,-1,861,848,847,-1,861,847,862,-1,862,847,857,-1,862,857,863,-1,748,747,858,-1,858,747,864,-1,858,864,865,-1,865,864,866,-1,865,866,863,-1,863,866,867,-1,863,867,862,-1,867,868,869,-1,868,867,870,-1,870,867,866,-1,870,866,871,-1,871,866,377,-1,871,377,869,-1,869,377,376,-1,869,376,867,-1,872,873,874,-1,874,873,875,-1,875,873,876,-1,875,876,877,-1,878,879,880,-1,880,879,881,-1,880,881,389,-1,389,881,390,-1,390,881,882,-1,390,882,876,-1,882,878,876,-1,876,878,880,-1,876,880,877,-1,877,880,746,-1,877,746,883,-1,883,746,748,-1,883,748,874,-1,874,748,884,-1,874,884,872,-1,872,884,885,-1,886,887,888,-1,888,887,889,-1,885,890,891,-1,885,884,890,-1,890,884,888,-1,890,888,892,-1,892,888,889,-1,892,889,893,-1,893,889,894,-1,893,894,891,-1,891,894,895,-1,891,895,885,-1,895,896,897,-1,896,895,898,-1,898,895,894,-1,898,894,899,-1,899,894,395,-1,899,395,897,-1,897,395,391,-1,897,391,895,-1,900,901,886,-1,886,901,902,-1,886,888,900,-1,900,888,745,-1,900,745,903,-1,902,904,905,-1,904,902,906,-1,906,902,907,-1,906,907,908,-1,908,907,359,-1,908,359,905,-1,905,359,358,-1,905,358,902,-1,902,901,907,-1,907,901,909,-1,907,909,910,-1,910,909,903,-1,910,903,911,-1,911,903,745,-1,911,745,912,-1,913,912,914,-1,914,912,745,-1,914,745,915,-1,915,745,744,-1,744,916,915,-1,915,916,917,-1,915,917,918,-1,918,917,919,-1,918,919,913,-1,913,919,920,-1,913,920,912,-1,920,921,922,-1,921,920,923,-1,923,920,919,-1,923,919,924,-1,924,919,369,-1,924,369,922,-1,922,369,364,-1,922,364,920,-1,751,925,753,-1,753,925,926,-1,753,926,927,-1,743,745,928,-1,928,745,888,-1,928,888,929,-1,929,888,884,-1,929,884,930,-1,930,884,748,-1,930,748,931,-1,931,748,847,-1,931,847,932,-1,932,847,829,-1,932,829,933,-1,933,829,803,-1,933,803,934,-1,934,803,796,-1,934,796,935,-1,935,796,781,-1,935,781,936,-1,936,781,768,-1,936,768,937,-1,937,768,754,-1,937,754,938,-1,938,754,753,-1,938,753,939,-1,939,753,927,-1,939,927,940,-1,736,723,735,-1,735,723,722,-1,941,942,943,-1,943,942,944,-1,943,944,945,-1,945,944,946,-1,942,941,947,-1,947,941,948,-1,947,948,949,-1,950,951,952,-1,952,951,953,-1,952,953,948,-1,948,953,949,-1,946,951,945,-1,945,951,950,-1,751,954,925,-1,925,954,738,-1,925,738,926,-1,926,738,737,-1,717,723,718,-1,718,723,736,-1,735,722,734,-1,734,722,721,-1,742,741,916,-1,916,741,955,-1,916,955,917,-1,956,957,958,-1,958,957,959,-1,939,940,960,-1,938,939,961,-1,961,939,960,-1,961,960,729,-1,729,960,730,-1,962,963,928,-1,928,963,964,-1,928,929,962,-1,962,929,930,-1,962,930,931,-1,965,966,967,-1,967,966,968,-1,967,968,964,-1,964,968,743,-1,964,743,928,-1,931,932,962,-1,962,932,933,-1,962,933,969,-1,933,934,969,-1,969,934,935,-1,969,935,936,-1,961,970,938,-1,938,970,969,-1,938,969,937,-1,937,969,936,-1,971,972,973,-1,974,975,976,-1,977,978,979,-1,980,975,981,-1,981,975,974,-1,981,974,978,-1,982,983,984,-1,983,985,979,-1,977,979,986,-1,986,979,985,-1,986,985,987,-1,988,989,990,-1,989,991,984,-1,982,984,992,-1,992,984,991,-1,992,991,993,-1,994,995,990,-1,996,997,998,-1,998,997,999,-1,988,990,1000,-1,1000,990,995,-1,1000,995,1001,-1,1002,1003,1004,-1,1003,1005,998,-1,996,998,1006,-1,1006,998,1005,-1,1006,1005,1007,-1,1008,1009,1010,-1,1009,1011,1004,-1,1002,1004,1012,-1,1012,1004,1011,-1,1012,1011,1013,-1,1014,1015,1016,-1,1015,1017,1010,-1,1008,1010,1018,-1,1018,1010,1017,-1,1018,1017,1019,-1,1020,1021,1022,-1,1021,1023,1016,-1,1014,1016,1024,-1,1024,1016,1023,-1,1024,1023,1025,-1,1026,1027,1028,-1,1027,1029,1022,-1,1020,1022,1030,-1,1030,1022,1029,-1,1030,1029,1031,-1,1032,1033,1034,-1,1033,1035,1028,-1,1026,1028,1036,-1,1036,1028,1035,-1,1036,1035,1037,-1,1038,1039,1040,-1,1040,1039,1041,-1,1032,1034,1042,-1,1042,1034,1043,-1,1042,1043,1044,-1,1034,1045,1046,-1,1047,1048,1040,-1,1049,1047,1046,-1,1046,1047,1040,-1,1046,1040,1034,-1,1034,1040,1041,-1,1034,1041,1043,-1,1050,1051,1052,-1,1052,1051,1040,-1,1052,1040,1053,-1,1053,1040,1048,-1,1054,1055,1034,-1,1034,1055,1056,-1,1034,1056,1045,-1,1045,1056,1057,-1,1045,1057,1058,-1,1058,1057,1059,-1,1058,1059,1049,-1,1049,1059,1060,-1,1049,1060,1047,-1,1033,1028,1034,-1,1034,1028,1061,-1,1034,1061,1062,-1,1063,1054,1064,-1,1064,1054,1034,-1,1064,1034,1065,-1,1065,1034,1062,-1,1065,1062,1066,-1,1067,1068,1028,-1,1028,1068,1069,-1,1028,1069,1061,-1,1061,1069,1070,-1,1061,1070,1071,-1,1071,1070,1072,-1,1071,1072,1066,-1,1066,1072,1073,-1,1066,1073,1065,-1,1027,1022,1028,-1,1028,1022,1074,-1,1028,1074,1075,-1,1076,1067,1077,-1,1077,1067,1028,-1,1077,1028,1078,-1,1078,1028,1075,-1,1078,1075,1079,-1,1080,1081,1022,-1,1022,1081,1082,-1,1022,1082,1074,-1,1074,1082,1083,-1,1074,1083,1084,-1,1084,1083,1085,-1,1084,1085,1079,-1,1079,1085,1086,-1,1079,1086,1078,-1,1021,1016,1022,-1,1022,1016,1087,-1,1022,1087,1088,-1,1089,1080,1090,-1,1090,1080,1022,-1,1090,1022,1091,-1,1091,1022,1088,-1,1091,1088,1092,-1,1093,1094,1016,-1,1016,1094,1095,-1,1016,1095,1087,-1,1087,1095,1096,-1,1087,1096,1097,-1,1097,1096,1098,-1,1097,1098,1092,-1,1092,1098,1099,-1,1092,1099,1091,-1,1015,1010,1016,-1,1016,1010,1100,-1,1016,1100,1101,-1,1102,1093,1103,-1,1103,1093,1016,-1,1103,1016,1104,-1,1104,1016,1101,-1,1104,1101,1105,-1,1106,1107,1010,-1,1010,1107,1108,-1,1010,1108,1100,-1,1100,1108,1109,-1,1100,1109,1110,-1,1110,1109,1111,-1,1110,1111,1105,-1,1105,1111,1112,-1,1105,1112,1104,-1,1009,1004,1010,-1,1010,1004,1113,-1,1010,1113,1114,-1,1115,1106,1116,-1,1116,1106,1010,-1,1116,1010,1117,-1,1117,1010,1114,-1,1117,1114,1118,-1,1119,1120,1004,-1,1004,1120,1121,-1,1004,1121,1113,-1,1113,1121,1122,-1,1113,1122,1123,-1,1123,1122,1124,-1,1123,1124,1118,-1,1118,1124,1125,-1,1118,1125,1117,-1,1003,998,1004,-1,1004,998,1126,-1,1004,1126,1127,-1,1128,1129,1130,-1,1131,1119,1132,-1,1132,1119,1004,-1,1132,1004,1130,-1,1130,1004,1127,-1,1130,1127,1128,-1,1129,1128,1133,-1,1133,1128,1134,-1,1133,1134,1135,-1,1135,1134,1126,-1,1135,1126,1136,-1,1136,1126,998,-1,1136,998,1137,-1,1138,1139,999,-1,999,1139,994,-1,999,994,998,-1,998,994,990,-1,998,990,1140,-1,1141,1142,990,-1,990,1142,1143,-1,990,1143,1144,-1,1145,1140,1146,-1,1140,990,1147,-1,1147,990,1144,-1,1147,1144,1148,-1,1148,1144,1149,-1,1148,1149,1146,-1,1146,1149,1150,-1,1146,1150,1145,-1,1151,1152,998,-1,1137,998,1153,-1,1153,998,1152,-1,1153,1152,1154,-1,1155,1156,1157,-1,1157,1156,1158,-1,1157,1158,1159,-1,1159,1158,1160,-1,1159,1160,1161,-1,1161,1160,1162,-1,1161,1162,1163,-1,1145,1157,1140,-1,1140,1157,1159,-1,1140,1159,998,-1,998,1159,1164,-1,998,1164,1151,-1,1151,1164,1163,-1,1151,1163,1165,-1,1165,1163,1162,-1,989,984,990,-1,990,984,1166,-1,990,1166,1167,-1,1168,1141,1169,-1,1169,1141,990,-1,1169,990,1170,-1,1170,990,1167,-1,1170,1167,1171,-1,1172,1173,984,-1,984,1173,1174,-1,984,1174,1166,-1,1166,1174,1175,-1,1166,1175,1176,-1,1176,1175,1177,-1,1176,1177,1171,-1,1171,1177,1178,-1,1171,1178,1170,-1,983,979,984,-1,984,979,1179,-1,984,1179,1180,-1,1181,1172,1182,-1,1182,1172,984,-1,1182,984,1183,-1,1183,984,1180,-1,1183,1180,1184,-1,1185,1186,979,-1,979,1186,1187,-1,979,1187,1179,-1,1179,1187,1188,-1,1179,1188,1189,-1,1189,1188,1190,-1,1189,1190,1184,-1,1184,1190,1191,-1,1184,1191,1183,-1,978,974,979,-1,979,974,1192,-1,979,1192,1193,-1,1194,1185,1195,-1,1195,1185,979,-1,1195,979,1196,-1,1196,979,1193,-1,1196,1193,1197,-1,1198,1199,974,-1,974,1199,1200,-1,974,1200,1192,-1,1192,1200,1201,-1,1192,1201,1202,-1,1202,1201,1203,-1,1202,1203,1197,-1,1197,1203,1204,-1,1197,1204,1196,-1,1205,974,1206,-1,1206,974,1207,-1,1208,1209,1207,-1,1210,1198,1211,-1,1211,1198,974,-1,1211,974,1212,-1,1212,974,1205,-1,1212,1205,1213,-1,1207,1209,1206,-1,1206,1209,1214,-1,1206,1214,1215,-1,1215,1214,1216,-1,1215,1216,1213,-1,1213,1216,1217,-1,1213,1217,1212,-1,1218,1219,1220,-1,1220,1219,1221,-1,1220,1221,1207,-1,1207,1221,1222,-1,1207,1222,1208,-1,1223,1220,973,-1,973,1220,1207,-1,973,1207,971,-1,971,1207,974,-1,971,974,1224,-1,1224,974,976,-1,1225,1226,1227,-1,973,972,1228,-1,1229,1223,973,-1,1230,996,1006,-1,1012,1013,1231,-1,1232,1233,1227,-1,1234,1235,1227,-1,980,1236,975,-1,975,1236,1237,-1,975,1237,976,-1,1238,977,986,-1,1008,1018,1239,-1,1239,1018,1019,-1,1235,1014,1024,-1,1030,1031,1240,-1,1241,1242,1227,-1,1227,1235,1232,-1,1232,1235,1024,-1,1232,1024,1025,-1,1042,1044,1243,-1,1244,982,992,-1,1245,1026,1036,-1,1039,1038,1246,-1,1246,1038,1227,-1,1246,1227,1243,-1,1243,1227,1242,-1,1243,1242,1042,-1,1042,1242,1032,-1,1019,1234,1239,-1,1239,1234,1227,-1,1239,1227,1231,-1,1231,1227,1226,-1,1231,1226,1012,-1,1012,1226,1002,-1,1020,1030,1233,-1,1233,1030,1240,-1,1233,1240,1227,-1,1227,1240,1245,-1,1227,1245,1241,-1,1241,1245,1036,-1,1241,1036,1037,-1,988,1000,1247,-1,1247,1000,1001,-1,1248,1249,1227,-1,1139,1138,1249,-1,1249,1138,1250,-1,1249,1250,1227,-1,1227,1250,1230,-1,1227,1230,1225,-1,1225,1230,1006,-1,1225,1006,1007,-1,973,1228,1229,-1,1229,1228,1237,-1,1229,1237,1227,-1,1227,1237,1236,-1,1227,1236,1238,-1,986,987,1238,-1,1238,987,1251,-1,1238,1251,1227,-1,1227,1251,1244,-1,992,993,1244,-1,1244,993,1252,-1,1244,1252,1227,-1,1227,1252,1247,-1,1227,1247,1248,-1,1248,1247,1001,-1,1253,79,1254,-1,1254,79,78,-1,1255,87,1256,-1,1256,87,86,-1,1257,105,1258,-1,1258,105,104,-1,1259,97,1260,-1,1260,97,96,-1,1261,91,1262,-1,1262,91,90,-1,1263,380,1264,-1,1264,380,379,-1,1265,386,1266,-1,1266,386,385,-1,1267,356,1268,-1,1268,356,393,-1,1269,362,1270,-1,1270,362,361,-1,1271,371,1272,-1,1272,371,16,-1,1273,401,1274,-1,1274,401,22,-1,1122,1121,1275,-1,1275,1121,1276,-1,1109,1108,1277,-1,1277,1108,1278,-1,1096,1095,1279,-1,1279,1095,1280,-1,1083,1082,1281,-1,1281,1082,1282,-1,1070,1069,1283,-1,1283,1069,1284,-1,1285,1057,1286,-1,1286,1057,1056,-1,1286,1056,1287,-1,1160,1158,1288,-1,1288,1158,1289,-1,1144,1143,1290,-1,1290,1143,1291,-1,1175,1174,1292,-1,1292,1174,1293,-1,1188,1187,1294,-1,1294,1187,1295,-1,1201,1200,1296,-1,1296,1200,1297,-1,1214,1209,1298,-1,1298,1209,1299,-1,1221,1300,1222,-1,1222,1300,1301,-1,1222,1301,1208,-1,1208,1301,1302,-1,1210,1303,1198,-1,1198,1303,1304,-1,1198,1304,1199,-1,1194,1305,1185,-1,1185,1305,1306,-1,1185,1306,1186,-1,1181,1307,1172,-1,1172,1307,1308,-1,1172,1308,1173,-1,1168,1309,1141,-1,1141,1309,1310,-1,1141,1310,1142,-1,1311,1156,1312,-1,1312,1156,1155,-1,1154,1313,1153,-1,1153,1313,1314,-1,1153,1314,1137,-1,1063,1315,1054,-1,1054,1315,1316,-1,1054,1316,1055,-1,1317,1052,1318,-1,1318,1052,1053,-1,1318,1053,1319,-1,1076,1320,1067,-1,1067,1320,1321,-1,1067,1321,1068,-1,1089,1322,1080,-1,1080,1322,1323,-1,1080,1323,1081,-1,1102,1324,1093,-1,1093,1324,1325,-1,1093,1325,1094,-1,1115,1326,1106,-1,1106,1326,1327,-1,1106,1327,1107,-1,1131,1328,1119,-1,1119,1328,1329,-1,1119,1329,1120,-1,1135,1136,1330,-1,1330,1136,1331,-1,956,1332,957,-1,957,1332,1333,-1,957,1333,1334,-1,1334,1333,1335,-1,1336,1333,1337,-1,1337,1333,1332,-1,1337,1332,965,-1,965,1332,966,-1,7,346,1338,-1,1338,346,1333,-1,1338,1333,1339,-1,1339,1333,1336,-1,727,725,1340,-1,1341,1342,1343,-1,1344,1345,1346,-1,1347,1348,1349,-1,1349,1348,1344,-1,1350,1288,1289,-1,1320,1351,1352,-1,1326,1353,1354,-1,1322,1355,1356,-1,1357,1275,1276,-1,1324,1358,1359,-1,1329,1328,1353,-1,1276,1329,1357,-1,1357,1329,1353,-1,1357,1353,1360,-1,1360,1353,1326,-1,1360,1326,1361,-1,1361,1326,1362,-1,1363,1330,1331,-1,1277,1278,1364,-1,1364,1278,1327,-1,1365,1366,1367,-1,1367,1366,1368,-1,1367,1368,1369,-1,1369,1368,1343,-1,1369,1343,1354,-1,1354,1343,1342,-1,1354,1342,1370,-1,1354,1371,1372,-1,1283,1284,1370,-1,1370,1284,1321,-1,1370,1321,1354,-1,1354,1321,1320,-1,1354,1320,1371,-1,1371,1320,1352,-1,1354,1373,1374,-1,1375,1364,1354,-1,1354,1364,1327,-1,1354,1327,1326,-1,1314,1313,1353,-1,1281,1282,1372,-1,1372,1282,1323,-1,1372,1323,1354,-1,1354,1323,1322,-1,1354,1322,1373,-1,1373,1322,1356,-1,1376,1377,1328,-1,1328,1377,1378,-1,1328,1378,1353,-1,1353,1378,1363,-1,1353,1363,1314,-1,1314,1363,1331,-1,1311,1312,1353,-1,1279,1280,1374,-1,1374,1280,1325,-1,1374,1325,1354,-1,1354,1325,1324,-1,1354,1324,1375,-1,1375,1324,1359,-1,1379,1380,1313,-1,1313,1380,1381,-1,1313,1381,1353,-1,1353,1381,1350,-1,1353,1350,1311,-1,1311,1350,1289,-1,1310,1309,1353,-1,1382,1290,1291,-1,1291,1310,1382,-1,1382,1310,1353,-1,1382,1353,1383,-1,1383,1353,1312,-1,1383,1312,1384,-1,1384,1312,1385,-1,1386,1292,1293,-1,1308,1307,1353,-1,1293,1308,1386,-1,1386,1308,1353,-1,1386,1353,1387,-1,1387,1353,1309,-1,1387,1309,1388,-1,1388,1309,1389,-1,1306,1305,1353,-1,1390,1294,1295,-1,1295,1306,1390,-1,1390,1306,1353,-1,1390,1353,1391,-1,1391,1353,1307,-1,1391,1307,1392,-1,1392,1307,1393,-1,1394,1395,1396,-1,1346,1345,1397,-1,1397,1345,1398,-1,1397,1398,1399,-1,1399,1398,1400,-1,1399,1400,1401,-1,1401,1400,1353,-1,1401,1353,1396,-1,1396,1353,1305,-1,1396,1305,1394,-1,1402,1403,1404,-1,1404,1403,1405,-1,1405,1403,1406,-1,1405,1406,1407,-1,1407,1406,1408,-1,1407,1408,1409,-1,1409,1410,1407,-1,1407,1410,1411,-1,1407,1411,1412,-1,1412,1413,1407,-1,1407,1413,1414,-1,1407,1414,1415,-1,1415,1414,1416,-1,1415,1416,1417,-1,1417,1416,1418,-1,1417,1418,1419,-1,1420,1421,1422,-1,1423,1424,1404,-1,1404,1424,1419,-1,1404,1419,1402,-1,1402,1419,1418,-1,1423,1425,1426,-1,1426,1425,1427,-1,1426,1427,1428,-1,1428,1427,7,-1,1428,7,1429,-1,1429,7,1338,-1,1429,1338,1430,-1,1430,1338,1339,-1,1430,1339,1431,-1,1432,1433,953,-1,953,1433,1340,-1,953,1340,949,-1,949,1340,725,-1,949,725,947,-1,947,725,726,-1,947,726,942,-1,942,726,631,-1,942,631,944,-1,944,631,1434,-1,1435,1436,1437,-1,1437,1436,1438,-1,1439,1440,1441,-1,1441,1442,1439,-1,1439,1442,1443,-1,1439,1443,1444,-1,1444,1445,1439,-1,1439,1445,1446,-1,1439,1446,1447,-1,1447,1446,1448,-1,1447,1448,1433,-1,1433,1448,1449,-1,1433,1449,1340,-1,1450,1405,1451,-1,1451,1405,1407,-1,1451,1407,1452,-1,1452,1407,1415,-1,1452,1415,1453,-1,1453,1415,1343,-1,1453,1343,1454,-1,1454,1343,1368,-1,1454,1368,1455,-1,1455,1368,1366,-1,1455,1366,1450,-1,1450,1366,1405,-1,1456,1420,1457,-1,1457,1420,1458,-1,1457,1458,1459,-1,1298,1299,1456,-1,1456,1299,1302,-1,1456,1302,1420,-1,1420,1302,1301,-1,1420,1301,1460,-1,1421,1420,1461,-1,1461,1420,1439,-1,1461,1439,1462,-1,1462,1439,1447,-1,1462,1447,1463,-1,1463,1447,1346,-1,1463,1346,1464,-1,1464,1346,1397,-1,1464,1397,1422,-1,1422,1397,1399,-1,1422,1399,1420,-1,1420,1399,1401,-1,1420,1401,1465,-1,1466,1458,1303,-1,1303,1458,1420,-1,1303,1420,1304,-1,1304,1420,1465,-1,1304,1465,1297,-1,1297,1465,1296,-1,1286,1287,1316,-1,1315,1467,1468,-1,1469,1318,1319,-1,1319,1470,1471,-1,1472,1473,1415,-1,1471,1472,1319,-1,1319,1472,1415,-1,1319,1415,1469,-1,1469,1415,1417,-1,1469,1417,1474,-1,1468,1341,1315,-1,1315,1341,1343,-1,1315,1343,1316,-1,1316,1343,1415,-1,1316,1415,1286,-1,1286,1415,1473,-1,1286,1473,1285,-1,1475,1476,1477,-1,1477,1476,1478,-1,1478,1476,967,-1,1478,967,1479,-1,967,964,1479,-1,1479,964,963,-1,1479,963,1480,-1,1480,963,962,-1,1480,962,1481,-1,1481,962,969,-1,1481,969,1482,-1,1482,969,970,-1,1482,970,1483,-1,1483,970,961,-1,1440,1439,1438,-1,1438,1439,1420,-1,1438,1420,1437,-1,1437,1420,1460,-1,1437,1460,1484,-1,1344,1346,1349,-1,1349,1346,1447,-1,1349,1447,1485,-1,1485,1447,1433,-1,1485,1433,1434,-1,1434,1433,1432,-1,1434,1432,944,-1,1423,1404,1425,-1,1425,1404,1405,-1,1425,1405,1486,-1,1486,1405,1366,-1,1486,1366,1347,-1,1347,1366,1365,-1,1347,1365,1348,-1,1449,1435,1340,-1,1340,1435,1437,-1,1340,1437,727,-1,727,1437,1484,-1,727,1484,728,-1,728,1484,1487,-1,728,1487,729,-1,729,1487,1488,-1,729,1488,961,-1,961,1488,1489,-1,961,1489,1483,-1,1424,1490,1419,-1,1419,1490,1491,-1,1419,1491,1417,-1,1417,1491,1475,-1,1417,1475,1474,-1,1474,1475,1477,-1,1490,1431,1491,-1,1491,1431,1339,-1,1491,1339,1475,-1,1475,1339,1336,-1,1475,1336,1476,-1,1476,1336,1337,-1,1476,1337,967,-1,967,1337,965,-1,1492,1493,1335,-1,1335,1493,1334,-1,1494,1353,1400,-1,1344,1495,1345,-1,1345,1495,1494,-1,1345,1494,1398,-1,1398,1494,1400,-1,1496,1354,1353,-1,1354,1496,1497,-1,1497,1496,1498,-1,1497,1498,1494,-1,1494,1498,1499,-1,1494,1499,1353,-1,1353,1499,1500,-1,1353,1500,1496,-1,1501,1348,1365,-1,1354,1497,1369,-1,1369,1497,1501,-1,1369,1501,1367,-1,1367,1501,1365,-1,1501,1495,1348,-1,1348,1495,1344,-1,1501,1497,1495,-1,1495,1497,1494,-1,1502,1503,1406,-1,1406,1503,1408,-1,1504,1505,1414,-1,1414,1505,1416,-1,1505,1506,1416,-1,1416,1506,1418,-1,1418,1506,1402,-1,1402,1506,1507,-1,1402,1507,1403,-1,1507,1502,1403,-1,1403,1502,1406,-1,1506,1505,1504,-1,1506,1504,1507,-1,1507,1504,1508,-1,1507,1508,1509,-1,1509,1510,1507,-1,1507,1510,1511,-1,1507,1511,1502,-1,1502,1511,1512,-1,1502,1512,1503,-1,1462,1513,1461,-1,1461,1513,1514,-1,1461,1514,1421,-1,1514,1515,1421,-1,1421,1515,1422,-1,1422,1515,1464,-1,1464,1515,1516,-1,1464,1516,1463,-1,1516,1513,1463,-1,1463,1513,1462,-1,1516,1515,1513,-1,1513,1515,1514,-1,1517,1518,1519,-1,1519,1518,1423,-1,1519,1423,1520,-1,1520,1423,1426,-1,1520,1426,1428,-1,1423,1518,1424,-1,1424,1518,1521,-1,1424,1521,1490,-1,1521,1522,1490,-1,1490,1522,1523,-1,1490,1523,1431,-1,1431,1523,1524,-1,1431,1524,1430,-1,1430,1524,1429,-1,1429,1524,1520,-1,1429,1520,1428,-1,1522,1521,1517,-1,1517,1521,1518,-1,953,951,1432,-1,1432,951,946,-1,1432,946,944,-1,1525,1526,1446,-1,1446,1526,1448,-1,1526,1527,1448,-1,1448,1527,1449,-1,1449,1527,1435,-1,1435,1527,1528,-1,1435,1528,1436,-1,1528,1529,1436,-1,1436,1529,1438,-1,1440,1438,1530,-1,1530,1438,1529,-1,1526,1525,1531,-1,1532,1533,1527,-1,1527,1533,1534,-1,1527,1534,1528,-1,1528,1534,1530,-1,1528,1530,1529,-1,1526,1531,1527,-1,1527,1531,1535,-1,1527,1535,1532,-1,1452,1536,1451,-1,1451,1536,1537,-1,1451,1537,1450,-1,1537,1538,1450,-1,1450,1538,1455,-1,1455,1538,1454,-1,1454,1538,1539,-1,1454,1539,1453,-1,1539,1536,1453,-1,1453,1536,1452,-1,1539,1538,1536,-1,1536,1538,1537,-1,1300,1221,1540,-1,1540,1221,1219,-1,1540,1219,1541,-1,1541,1219,1218,-1,1223,1229,1220,-1,1220,1229,1541,-1,1220,1541,1218,-1,1051,1542,1040,-1,1040,1542,1227,-1,1040,1227,1038,-1,1542,1051,1543,-1,1543,1051,1050,-1,1543,1050,1317,-1,1317,1050,1052,-1,1314,1331,1137,-1,1137,1331,1136,-1,1376,1328,1132,-1,1132,1328,1131,-1,1377,1376,1130,-1,1130,1376,1132,-1,1133,1135,1363,-1,1363,1135,1330,-1,1130,1129,1377,-1,1377,1129,1378,-1,1129,1133,1378,-1,1378,1133,1363,-1,1329,1276,1120,-1,1120,1276,1121,-1,1362,1326,1116,-1,1116,1326,1115,-1,1361,1362,1117,-1,1117,1362,1116,-1,1327,1278,1107,-1,1107,1278,1108,-1,1358,1324,1103,-1,1103,1324,1102,-1,1359,1358,1104,-1,1104,1358,1103,-1,1325,1280,1094,-1,1094,1280,1095,-1,1355,1322,1090,-1,1090,1322,1089,-1,1356,1355,1091,-1,1091,1355,1090,-1,1323,1282,1081,-1,1081,1282,1082,-1,1351,1320,1077,-1,1077,1320,1076,-1,1352,1351,1078,-1,1078,1351,1077,-1,1321,1284,1068,-1,1068,1284,1069,-1,1467,1315,1064,-1,1064,1315,1063,-1,1468,1467,1065,-1,1065,1467,1064,-1,1316,1287,1055,-1,1055,1287,1056,-1,1470,1319,1048,-1,1048,1319,1053,-1,1471,1470,1047,-1,1047,1470,1048,-1,1311,1289,1156,-1,1156,1289,1158,-1,1379,1313,1152,-1,1152,1313,1154,-1,1380,1379,1151,-1,1151,1379,1152,-1,1310,1291,1142,-1,1142,1291,1143,-1,1385,1312,1157,-1,1157,1312,1155,-1,1384,1385,1145,-1,1145,1385,1157,-1,1308,1293,1173,-1,1173,1293,1174,-1,1389,1309,1169,-1,1169,1309,1168,-1,1388,1389,1170,-1,1170,1389,1169,-1,1306,1295,1186,-1,1186,1295,1187,-1,1393,1307,1182,-1,1182,1307,1181,-1,1392,1393,1183,-1,1183,1393,1182,-1,1304,1297,1199,-1,1199,1297,1200,-1,1394,1305,1195,-1,1195,1305,1194,-1,1395,1394,1196,-1,1196,1394,1195,-1,1302,1299,1208,-1,1208,1299,1209,-1,1466,1303,1211,-1,1211,1303,1210,-1,1466,1211,1458,-1,1458,1211,1212,-1,1458,1212,1459,-1,1216,1214,1456,-1,1456,1214,1298,-1,1212,1217,1459,-1,1459,1217,1457,-1,1217,1216,1457,-1,1457,1216,1456,-1,1203,1201,1465,-1,1465,1201,1296,-1,1196,1204,1395,-1,1395,1204,1396,-1,1396,1204,1401,-1,1401,1204,1203,-1,1401,1203,1465,-1,1190,1188,1390,-1,1390,1188,1294,-1,1183,1191,1392,-1,1392,1191,1391,-1,1191,1190,1391,-1,1391,1190,1390,-1,1177,1175,1386,-1,1386,1175,1292,-1,1170,1178,1388,-1,1388,1178,1387,-1,1178,1177,1387,-1,1387,1177,1386,-1,1149,1144,1382,-1,1382,1144,1290,-1,1145,1150,1384,-1,1384,1150,1383,-1,1150,1149,1383,-1,1383,1149,1382,-1,1162,1160,1350,-1,1350,1160,1288,-1,1151,1165,1380,-1,1380,1165,1381,-1,1165,1162,1381,-1,1381,1162,1350,-1,1059,1057,1473,-1,1473,1057,1285,-1,1047,1060,1471,-1,1471,1060,1472,-1,1060,1059,1472,-1,1472,1059,1473,-1,1072,1070,1370,-1,1370,1070,1283,-1,1065,1073,1468,-1,1468,1073,1341,-1,1341,1073,1342,-1,1342,1073,1072,-1,1342,1072,1370,-1,1085,1083,1372,-1,1372,1083,1281,-1,1078,1086,1352,-1,1352,1086,1371,-1,1086,1085,1371,-1,1371,1085,1372,-1,1098,1096,1374,-1,1374,1096,1279,-1,1091,1099,1356,-1,1356,1099,1373,-1,1099,1098,1373,-1,1373,1098,1374,-1,1111,1109,1364,-1,1364,1109,1277,-1,1104,1112,1359,-1,1359,1112,1375,-1,1112,1111,1375,-1,1375,1111,1364,-1,1124,1122,1357,-1,1357,1122,1275,-1,1117,1125,1361,-1,1361,1125,1360,-1,1125,1124,1360,-1,1360,1124,1357,-1,397,402,833,-1,833,402,1544,-1,833,1544,834,-1,13,12,1545,-1,1545,12,838,-1,1545,838,840,-1,16,13,1272,-1,1272,13,1545,-1,402,401,1544,-1,1544,401,1273,-1,374,372,851,-1,851,372,1546,-1,851,1546,842,-1,378,375,1547,-1,1547,375,855,-1,1547,855,860,-1,364,363,920,-1,920,363,1548,-1,920,1548,912,-1,368,369,955,-1,955,369,919,-1,955,919,917,-1,358,357,902,-1,902,357,1549,-1,902,1549,886,-1,360,359,1550,-1,1550,359,907,-1,1550,907,910,-1,391,392,895,-1,895,392,1551,-1,895,1551,885,-1,394,395,1552,-1,1552,395,894,-1,1552,894,889,-1,389,388,880,-1,880,388,1553,-1,880,1553,746,-1,382,390,1554,-1,1554,390,876,-1,1554,876,873,-1,376,381,867,-1,867,381,1555,-1,867,1555,862,-1,387,377,1556,-1,1556,377,866,-1,1556,866,864,-1,94,93,795,-1,795,93,1557,-1,795,1557,779,-1,95,100,1558,-1,1558,100,801,-1,1558,801,815,-1,99,98,812,-1,812,98,1559,-1,812,1559,813,-1,103,102,1560,-1,1560,102,817,-1,1560,817,819,-1,101,106,808,-1,808,106,1561,-1,808,1561,809,-1,21,109,1562,-1,1562,109,827,-1,1562,827,836,-1,83,88,788,-1,788,88,1563,-1,788,1563,778,-1,92,84,1564,-1,1564,84,787,-1,1564,787,782,-1,82,81,765,-1,765,81,1565,-1,765,1565,764,-1,85,89,1566,-1,1566,89,770,-1,1566,770,772,-1,74,73,752,-1,752,73,954,-1,752,954,751,-1,80,75,1567,-1,1567,75,759,-1,1567,759,762,-1,379,378,1264,-1,1264,378,1547,-1,372,371,1546,-1,1546,371,1271,-1,385,387,1266,-1,1266,387,1556,-1,381,380,1555,-1,1555,380,1263,-1,634,1554,679,-1,679,1554,680,-1,634,635,1554,-1,1554,635,689,-1,1554,689,688,-1,382,647,666,-1,688,641,1554,-1,1554,641,640,-1,1554,640,382,-1,382,640,642,-1,382,642,647,-1,666,665,382,-1,382,665,648,-1,382,648,383,-1,388,386,1553,-1,1553,386,1265,-1,393,394,1268,-1,1268,394,1552,-1,392,384,1551,-1,1551,384,651,-1,361,360,1270,-1,1270,360,1550,-1,357,356,1549,-1,1549,356,1267,-1,366,368,741,-1,741,368,955,-1,363,362,1548,-1,1548,362,1269,-1,22,21,1274,-1,1274,21,1562,-1,106,105,1561,-1,1561,105,1257,-1,104,103,1258,-1,1258,103,1560,-1,98,97,1559,-1,1559,97,1259,-1,96,95,1260,-1,1260,95,1558,-1,93,91,1557,-1,1557,91,1261,-1,90,92,1262,-1,1262,92,1564,-1,88,87,1563,-1,1563,87,1255,-1,86,85,1256,-1,1256,85,1566,-1,81,79,1565,-1,1565,79,1253,-1,78,80,1254,-1,1254,80,1567,-1,73,71,954,-1,954,71,738,-1,764,1565,763,-1,763,1565,1253,-1,1253,1254,763,-1,763,1254,1567,-1,763,1567,762,-1,778,1563,777,-1,777,1563,1255,-1,1255,1256,777,-1,777,1256,1566,-1,777,1566,772,-1,779,1557,780,-1,780,1557,1261,-1,1261,1262,780,-1,780,1262,1564,-1,780,1564,782,-1,1559,1259,1260,-1,813,1559,816,-1,816,1559,1260,-1,816,1260,815,-1,815,1260,1558,-1,1257,1258,1561,-1,1561,1258,1560,-1,1561,1560,809,-1,809,1560,819,-1,834,1544,837,-1,837,1544,1273,-1,1273,1274,837,-1,837,1274,1562,-1,837,1562,836,-1,912,1548,911,-1,911,1548,1269,-1,1269,1270,911,-1,911,1270,1550,-1,911,1550,910,-1,959,957,1493,-1,1493,957,1334,-1,886,1549,887,-1,887,1549,1267,-1,1267,1268,887,-1,887,1268,1552,-1,887,1552,889,-1,885,1551,872,-1,872,1551,651,-1,651,680,872,-1,872,680,1554,-1,872,1554,873,-1,746,1553,747,-1,747,1553,1265,-1,1265,1266,747,-1,747,1266,1556,-1,747,1556,864,-1,862,1555,861,-1,861,1555,1263,-1,1263,1264,861,-1,861,1264,1547,-1,861,1547,860,-1,842,1546,841,-1,841,1546,1271,-1,1271,1272,841,-1,841,1272,1545,-1,841,1545,840,-1,
        ]
    }
}
Shape{
    appearance Appearance {
        material  Material 	{
            diffuseColor 0.7529411764705882 0.7529411764705882 0.7529411764705882
            specularColor 0.3764705882352941 0.3764705882352941 0.3764705882352941
            ambientIntensity 0.2
            transparency 0
            shininess 0.5
        }
    }
    geometry IndexedFaceSet {
        ccw TRUE
        solid FALSE
        coord DEF co Coordinate {
            point [
                -0.0394 0.6929 0.1378, -0.0394 0.5846 0.1378, 0.0394 0.6929 0.1378, 0.0394 0.5846 0.1378, -0.0394 0.7244 0.0984, 0.0394 0.7244 0.0984, -0.0394 0.9409 0.0984, 0.0394 0.9409 0.0984, 0.0394 0.9606 0.0787, 0.0394 0.9606 -0.0, -0.0394 0.9606 0.0787, -0.0394 0.9606 -0.0, 0.0394 0.9409 -0.0197, 0.0394 0.6929 -0.0197, -0.0394 0.9409 -0.0197, -0.0394 0.6929 -0.0197, -0.0394 0.6456 0.0394, 0.0394 0.6456 0.0394, -0.0394 0.0827 0.0394, 0.0394 0.0827 0.0394, 0.0394 0.0623 0.0421, -0.0394 0.0623 0.0421, 0.0394 0.0433 0.0499, -0.0394 0.0433 0.0499, 0.0394 0.027 0.0624, -0.0394 0.027 0.0624, 0.0394 0.0145 0.0787, -0.0394 0.0145 0.0787, 0.0394 0.0066 0.0977, -0.0394 0.0066 0.0977, 0.0394 0.0039 0.1181, -0.0394 0.0039 0.1181, -0.0394 0.1843 0.1754, 0.0394 0.1843 0.1754, -0.0394 0.186 0.1656, 0.0394 0.186 0.1656, -0.0394 0.1901 0.1565, 0.0394 0.1901 0.1565, -0.0394 0.1964 0.1487, 0.0394 0.1964 0.1487, -0.0394 0.2044 0.1428, 0.0394 0.2044 0.1428, -0.0394 0.2137 0.1391, 0.0394 0.2137 0.1391, -0.0394 0.2236 0.1378, 0.0394 0.2236 0.1378, -0.0394 0.3878 0.1378, 0.0394 0.3878 0.1378, -0.0394 0.398 0.1391, 0.0394 0.398 0.1391, -0.0394 0.4075 0.1431, 0.0394 0.4075 0.1431, -0.0394 0.4156 0.1493, 0.0394 0.4156 0.1493, -0.0394 0.4219 0.1575, 0.0394 0.4219 0.1575, -0.0394 0.4258 0.167, 0.0394 0.4258 0.167, -0.0394 0.4272 0.1772, 0.0394 0.4272 0.1772, -0.0394 0.4272 0.1969, -0.0394 0.5846 0.1969, -0.0394 0.0039 0.1969, -0.0394 0.182 0.1969, -0.0394 0.96 0.0838, -0.0394 0.946 0.0978, -0.0394 0.9508 0.0958, -0.0394 0.958 0.0886, -0.0394 0.9549 0.0927, -0.0394 0.9549 -0.0139, -0.0394 0.9508 -0.017, -0.0394 0.958 -0.0098, -0.0394 0.96 -0.0051, -0.0394 0.946 -0.019, 0.0394 0.5846 0.1969, 0.0394 0.4272 0.1969, 0.0394 0.96 -0.0051, 0.0394 0.946 -0.019, 0.0394 0.9508 -0.017, 0.0394 0.958 -0.0098, 0.0394 0.9549 -0.0139, 0.0394 0.182 0.1969, 0.0394 0.0039 0.1969, 0.0394 0.96 0.0838, 0.0394 0.946 0.0978, 0.0394 0.958 0.0886, 0.0394 0.9508 0.0958, 0.0394 0.9549 0.0927, -0.0394 0.5157 1.4529, -0.0394 0.5157 0.2165, -0.0394 0.4272 0.2165, -0.0394 0.4272 1.3386, -0.0394 0.43 1.3643, -0.0394 0.4384 1.3888, -0.0394 0.4519 1.4109, -0.0394 0.4699 1.4295, -0.0394 0.4915 1.4438, 0.0394 0.4272 0.2165, 0.0394 0.5157 0.2165, 0.0394 0.4272 1.3386, 0.0394 0.5157 1.4529, 0.0394 0.43 1.3643, 0.0394 0.4915 1.4438, 0.0394 0.4699 1.4295, 0.0394 0.4519 1.4109, 0.0394 0.4384 1.3888, -0.0394 0.1799 0.2165, -0.0394 0.074 1.2249, 0.0394 0.1799 0.2165, 0.0394 0.074 1.2249, 0.0394 0.0039 1.4567, -0.0394 0.0039 1.4567, 0.0394 0.0039 0.2165, -0.0394 0.0039 0.2165, -0.0394 0.1519 1.3447, -0.0394 0.0774 1.2383, -0.0394 0.1497 1.3699, -0.0394 0.074 1.2296, -0.0394 0.0752 1.2342, -0.0394 0.0599 1.456, -0.0394 0.0647 1.4541, -0.0394 0.0688 1.4509, -0.0394 0.0548 1.4567, -0.0394 0.1545 1.3622, -0.0394 0.1554 1.3577, -0.0394 0.1526 1.3664, -0.0394 0.1553 1.3532, -0.0394 0.1541 1.3488, 0.0394 0.074 1.2296, 0.0394 0.0752 1.2342, 0.0394 0.0774 1.2383, 0.0394 0.1519 1.3447, 0.0394 0.1497 1.3699, 0.0394 0.0688 1.4509, 0.0394 0.0647 1.4541, 0.0394 0.0599 1.456, 0.0394 0.0548 1.4567, 0.0394 0.1541 1.3488, 0.0394 0.1553 1.3532, 0.0394 0.1526 1.3664, 0.0394 0.1554 1.3577, 0.0394 0.1545 1.3622, 0.4528 0.6929 0.1378, 0.4528 0.5846 0.1378, 0.5315 0.6929 0.1378, 0.5315 0.5846 0.1378, 0.4528 0.7244 0.0984, 0.5315 0.7244 0.0984, 0.4528 0.9409 0.0984, 0.5315 0.9409 0.0984, 0.5315 0.9606 0.0787, 0.5315 0.9606 -0.0, 0.4528 0.9606 0.0787, 0.4528 0.9606 -0.0, 0.5315 0.9409 -0.0197, 0.5315 0.6929 -0.0197, 0.4528 0.9409 -0.0197, 0.4528 0.6929 -0.0197, 0.4528 0.6456 0.0394, 0.5315 0.6456 0.0394, 0.4528 0.0827 0.0394, 0.5315 0.0827 0.0394, 0.5315 0.0623 0.0421, 0.4528 0.0623 0.0421, 0.5315 0.0433 0.0499, 0.4528 0.0433 0.0499, 0.5315 0.027 0.0624, 0.4528 0.027 0.0624, 0.5315 0.0145 0.0787, 0.4528 0.0145 0.0787, 0.5315 0.0066 0.0977, 0.4528 0.0066 0.0977, 0.5315 0.0039 0.1181, 0.4528 0.0039 0.1181, 0.4528 0.1843 0.1754, 0.5315 0.1843 0.1754, 0.4528 0.186 0.1656, 0.5315 0.186 0.1656, 0.4528 0.1901 0.1565, 0.5315 0.1901 0.1565, 0.4528 0.1964 0.1487, 0.5315 0.1964 0.1487, 0.4528 0.2044 0.1428, 0.5315 0.2044 0.1428, 0.4528 0.2137 0.1391, 0.5315 0.2137 0.1391, 0.4528 0.2236 0.1378, 0.5315 0.2236 0.1378, 0.4528 0.3878 0.1378, 0.5315 0.3878 0.1378, 0.4528 0.398 0.1391, 0.5315 0.398 0.1391, 0.4528 0.4075 0.1431, 0.5315 0.4075 0.1431, 0.4528 0.4156 0.1493, 0.5315 0.4156 0.1493, 0.4528 0.4219 0.1575, 0.5315 0.4219 0.1575, 0.4528 0.4258 0.167, 0.5315 0.4258 0.167, 0.4528 0.4272 0.1772, 0.5315 0.4272 0.1772, 0.4528 0.4272 0.1969, 0.4528 0.5846 0.1969, 0.4528 0.0039 0.1969, 0.4528 0.182 0.1969, 0.4528 0.96 0.0838, 0.4528 0.946 0.0978, 0.4528 0.9508 0.0958, 0.4528 0.958 0.0886, 0.4528 0.9549 0.0927, 0.4528 0.9549 -0.0139, 0.4528 0.9508 -0.017, 0.4528 0.958 -0.0098, 0.4528 0.96 -0.0051, 0.4528 0.946 -0.019, 0.5315 0.5846 0.1969, 0.5315 0.4272 0.1969, 0.5315 0.96 -0.0051, 0.5315 0.946 -0.019, 0.5315 0.9508 -0.017, 0.5315 0.958 -0.0098, 0.5315 0.9549 -0.0139, 0.5315 0.182 0.1969, 0.5315 0.0039 0.1969, 0.5315 0.96 0.0838, 0.5315 0.946 0.0978, 0.5315 0.958 0.0886, 0.5315 0.9508 0.0958, 0.5315 0.9549 0.0927, 0.4528 0.5157 0.2165, 0.4528 0.4272 0.2165, 0.4528 0.5157 1.4529, 0.4528 0.4272 1.3386, 0.4528 0.43 1.3643, 0.4528 0.4384 1.3888, 0.4528 0.4915 1.4438, 0.4528 0.4519 1.4109, 0.4528 0.4699 1.4295, 0.5315 0.4272 1.3386, 0.5315 0.4272 0.2165, 0.5315 0.5157 0.2165, 0.5315 0.4384 1.3888, 0.5315 0.4915 1.4438, 0.5315 0.4519 1.4109, 0.5315 0.4699 1.4295, 0.5315 0.5157 1.4529, 0.5315 0.43 1.3643, 0.4528 0.1799 0.2165, 0.4528 0.074 1.2249, 0.5315 0.1799 0.2165, 0.5315 0.074 1.2249, 0.5315 0.0039 1.4567, 0.4528 0.0039 1.4567, 0.5315 0.0039 0.2165, 0.4528 0.0039 0.2165, 0.4528 0.074 1.2296, 0.4528 0.0752 1.2342, 0.4528 0.0774 1.2383, 0.4528 0.0548 1.4567, 0.4528 0.0587 1.4563, 0.4528 0.1541 1.3488, 0.4528 0.1519 1.3447, 0.4528 0.1497 1.3699, 0.4528 0.0688 1.4509, 0.4528 0.0624 1.4552, 0.4528 0.0658 1.4534, 0.4528 0.1526 1.3664, 0.4528 0.1545 1.3622, 0.4528 0.1553 1.3532, 0.4528 0.1554 1.3577, 0.5315 0.074 1.2296, 0.5315 0.0752 1.2342, 0.5315 0.0774 1.2383, 0.5315 0.0548 1.4567, 0.5315 0.1497 1.3699, 0.5315 0.0688 1.4509, 0.5315 0.0658 1.4534, 0.5315 0.0624 1.4552, 0.5315 0.0587 1.4563, 0.5315 0.1554 1.3577, 0.5315 0.1545 1.3622, 0.5315 0.1553 1.3532, 0.5315 0.1541 1.3488, 0.5315 0.1519 1.3447, 0.5315 0.1526 1.3664, 0.9449 0.6929 0.1378, 0.9449 0.5846 0.1378, 1.0236 0.6929 0.1378, 1.0236 0.5846 0.1378, 0.9449 0.7244 0.0984, 1.0236 0.7244 0.0984, 0.9449 0.9409 0.0984, 1.0236 0.9409 0.0984, 1.0236 0.9606 0.0787, 1.0236 0.9606 -0.0, 0.9449 0.9606 0.0787, 0.9449 0.9606 -0.0, 1.0236 0.9409 -0.0197, 1.0236 0.6929 -0.0197, 0.9449 0.9409 -0.0197, 0.9449 0.6929 -0.0197, 0.9449 0.6456 0.0394, 1.0236 0.6456 0.0394, 0.9449 0.0827 0.0394, 1.0236 0.0827 0.0394, 1.0236 0.0623 0.0421, 0.9449 0.0623 0.0421, 1.0236 0.0433 0.0499, 0.9449 0.0433 0.0499, 1.0236 0.027 0.0624, 0.9449 0.027 0.0624, 1.0236 0.0145 0.0787, 0.9449 0.0145 0.0787, 1.0236 0.0066 0.0977, 0.9449 0.0066 0.0977, 1.0236 0.0039 0.1181, 0.9449 0.0039 0.1181, 0.9449 0.1843 0.1754, 1.0236 0.1843 0.1754, 0.9449 0.186 0.1656, 1.0236 0.186 0.1656, 0.9449 0.1901 0.1565, 1.0236 0.1901 0.1565, 0.9449 0.1964 0.1487, 1.0236 0.1964 0.1487, 0.9449 0.2044 0.1428, 1.0236 0.2044 0.1428, 0.9449 0.2137 0.1391, 1.0236 0.2137 0.1391, 0.9449 0.2236 0.1378, 1.0236 0.2236 0.1378, 0.9449 0.3878 0.1378, 1.0236 0.3878 0.1378, 0.9449 0.398 0.1391, 1.0236 0.398 0.1391, 0.9449 0.4075 0.1431, 1.0236 0.4075 0.1431, 0.9449 0.4156 0.1493, 1.0236 0.4156 0.1493, 0.9449 0.4219 0.1575, 1.0236 0.4219 0.1575, 0.9449 0.4258 0.167, 1.0236 0.4258 0.167, 0.9449 0.4272 0.1772, 1.0236 0.4272 0.1772, 0.9449 0.4272 0.1969, 0.9449 0.5846 0.1969, 0.9449 0.0039 0.1969, 0.9449 0.182 0.1969, 0.9449 0.96 0.0838, 0.9449 0.946 0.0978, 0.9449 0.9508 0.0958, 0.9449 0.958 0.0886, 0.9449 0.9549 0.0927, 0.9449 0.9549 -0.0139, 0.9449 0.9508 -0.017, 0.9449 0.958 -0.0098, 0.9449 0.96 -0.0051, 0.9449 0.946 -0.019, 1.0236 0.5846 0.1969, 1.0236 0.4272 0.1969, 1.0236 0.96 -0.0051, 1.0236 0.946 -0.019, 1.0236 0.9508 -0.017, 1.0236 0.958 -0.0098, 1.0236 0.9549 -0.0139, 1.0236 0.182 0.1969, 1.0236 0.0039 0.1969, 1.0236 0.96 0.0838, 1.0236 0.946 0.0978, 1.0236 0.958 0.0886, 1.0236 0.9508 0.0958, 1.0236 0.9549 0.0927, 0.9449 0.5157 1.4529, 0.9449 0.5157 0.2165, 0.9449 0.4272 0.2165, 0.9449 0.4272 1.3386, 0.9449 0.43 1.3643, 0.9449 0.4384 1.3888, 0.9449 0.4519 1.4109, 0.9449 0.4699 1.4295, 0.9449 0.4915 1.4438, 1.0236 0.4915 1.4438, 1.0236 0.4699 1.4295, 1.0236 0.5157 1.4529, 1.0236 0.4519 1.4109, 1.0236 0.4384 1.3888, 1.0236 0.4272 0.2165, 1.0236 0.5157 0.2165, 1.0236 0.4272 1.3386, 1.0236 0.43 1.3643, 0.9449 0.1799 0.2165, 0.9449 0.074 1.2249, 1.0236 0.1799 0.2165, 1.0236 0.074 1.2249, 1.0236 0.0039 1.4567, 0.9449 0.0039 1.4567, 1.0236 0.0039 0.2165, 0.9449 0.0039 0.2165, 0.9449 0.1519 1.3447, 0.9449 0.0774 1.2383, 0.9449 0.1497 1.3699, 0.9449 0.074 1.2296, 0.9449 0.0752 1.2342, 0.9449 0.0599 1.456, 0.9449 0.0647 1.4541, 0.9449 0.0688 1.4509, 0.9449 0.0548 1.4567, 0.9449 0.1545 1.3622, 0.9449 0.1554 1.3577, 0.9449 0.1526 1.3664, 0.9449 0.1553 1.3532, 0.9449 0.1541 1.3488, 1.0236 0.074 1.2296, 1.0236 0.0752 1.2342, 1.0236 0.0774 1.2383, 1.0236 0.1519 1.3447, 1.0236 0.1497 1.3699, 1.0236 0.0688 1.4509, 1.0236 0.0647 1.4541, 1.0236 0.0599 1.456, 1.0236 0.0548 1.4567, 1.0236 0.1541 1.3488, 1.0236 0.1553 1.3532, 1.0236 0.1526 1.3664, 1.0236 0.1554 1.3577, 1.0236 0.1545 1.3622, 1.437 0.6929 0.1378, 1.437 0.5846 0.1378, 1.5157 0.6929 0.1378, 1.5157 0.5846 0.1378, 1.437 0.7244 0.0984, 1.5157 0.7244 0.0984, 1.437 0.9409 0.0984, 1.5157 0.9409 0.0984, 1.5157 0.9606 0.0787, 1.5157 0.9606 -0.0, 1.437 0.9606 0.0787, 1.437 0.9606 -0.0, 1.5157 0.9409 -0.0197, 1.5157 0.6929 -0.0197, 1.437 0.9409 -0.0197, 1.437 0.6929 -0.0197, 1.437 0.6456 0.0394, 1.5157 0.6456 0.0394, 1.437 0.0827 0.0394, 1.5157 0.0827 0.0394, 1.5157 0.0623 0.0421, 1.437 0.0623 0.0421, 1.5157 0.0433 0.0499, 1.437 0.0433 0.0499, 1.5157 0.027 0.0624, 1.437 0.027 0.0624, 1.5157 0.0145 0.0787, 1.437 0.0145 0.0787, 1.5157 0.0066 0.0977, 1.437 0.0066 0.0977, 1.5157 0.0039 0.1181, 1.437 0.0039 0.1181, 1.437 0.1843 0.1754, 1.5157 0.1843 0.1754, 1.437 0.186 0.1656, 1.5157 0.186 0.1656, 1.437 0.1901 0.1565, 1.5157 0.1901 0.1565, 1.437 0.1964 0.1487, 1.5157 0.1964 0.1487, 1.437 0.2044 0.1428, 1.5157 0.2044 0.1428, 1.437 0.2137 0.1391, 1.5157 0.2137 0.1391, 1.437 0.2236 0.1378, 1.5157 0.2236 0.1378, 1.437 0.3878 0.1378, 1.5157 0.3878 0.1378, 1.437 0.398 0.1391, 1.5157 0.398 0.1391, 1.437 0.4075 0.1431, 1.5157 0.4075 0.1431, 1.437 0.4156 0.1493, 1.5157 0.4156 0.1493, 1.437 0.4219 0.1575, 1.5157 0.4219 0.1575, 1.437 0.4258 0.167, 1.5157 0.4258 0.167, 1.437 0.4272 0.1772, 1.5157 0.4272 0.1772, 1.437 0.4272 0.1969, 1.437 0.5846 0.1969, 1.437 0.0039 0.1969, 1.437 0.182 0.1969, 1.437 0.96 0.0838, 1.437 0.946 0.0978, 1.437 0.9508 0.0958, 1.437 0.958 0.0886, 1.437 0.9549 0.0927, 1.437 0.9549 -0.0139, 1.437 0.9508 -0.017, 1.437 0.958 -0.0098, 1.437 0.96 -0.0051, 1.437 0.946 -0.019, 1.5157 0.5846 0.1969, 1.5157 0.4272 0.1969, 1.5157 0.946 -0.019, 1.5157 0.96 -0.0051, 1.5157 0.9508 -0.017, 1.5157 0.9549 -0.0139, 1.5157 0.958 -0.0098, 1.5157 0.182 0.1969, 1.5157 0.0039 0.1969, 1.5157 0.96 0.0838, 1.5157 0.958 0.0886, 1.5157 0.9549 0.0927, 1.5157 0.9508 0.0958, 1.5157 0.946 0.0978, 1.437 0.5157 1.4529, 1.437 0.5157 0.2165, 1.437 0.4272 0.2165, 1.437 0.4272 1.3386, 1.437 0.43 1.3643, 1.437 0.4384 1.3888, 1.437 0.4519 1.4109, 1.437 0.4699 1.4295, 1.437 0.4915 1.4438, 1.5157 0.4272 1.3386, 1.5157 0.4272 0.2165, 1.5157 0.5157 0.2165, 1.5157 0.5157 1.4529, 1.5157 0.4915 1.4438, 1.5157 0.4699 1.4295, 1.5157 0.4519 1.4109, 1.5157 0.4384 1.3888, 1.5157 0.43 1.3643, 1.437 0.1799 0.2165, 1.437 0.074 1.2249, 1.5157 0.1799 0.2165, 1.5157 0.074 1.2249, 1.5157 0.0039 1.4567, 1.437 0.0039 1.4567, 1.5157 0.0039 0.2165, 1.437 0.0039 0.2165, 1.437 0.1519 1.3447, 1.437 0.0774 1.2383, 1.437 0.1497 1.3699, 1.437 0.074 1.2296, 1.437 0.0752 1.2342, 1.437 0.1541 1.3488, 1.437 0.0599 1.456, 1.437 0.0647 1.4541, 1.437 0.0688 1.4509, 1.437 0.0548 1.4567, 1.437 0.1526 1.3664, 1.437 0.1545 1.3622, 1.437 0.1553 1.3532, 1.437 0.1554 1.3577, 1.5157 0.074 1.2296, 1.5157 0.0752 1.2342, 1.5157 0.0774 1.2383, 1.5157 0.1497 1.3699, 1.5157 0.0688 1.4509, 1.5157 0.0647 1.4541, 1.5157 0.1554 1.3577, 1.5157 0.1545 1.3622, 1.5157 0.1553 1.3532, 1.5157 0.1541 1.3488, 1.5157 0.1519 1.3447, 1.5157 0.1526 1.3664, 1.5157 0.0599 1.456, 1.5157 0.0548 1.4567, 1.9291 0.6929 0.1378, 1.9291 0.5846 0.1378, 2.0079 0.6929 0.1378, 2.0079 0.5846 0.1378, 1.9291 0.7244 0.0984, 2.0079 0.7244 0.0984, 1.9291 0.9409 0.0984, 2.0079 0.9409 0.0984, 2.0079 0.9606 0.0787, 2.0079 0.9606 -0.0, 1.9291 0.9606 0.0787, 1.9291 0.9606 -0.0, 2.0079 0.9409 -0.0197, 2.0079 0.6929 -0.0197, 1.9291 0.9409 -0.0197, 1.9291 0.6929 -0.0197, 1.9291 0.6456 0.0394, 2.0079 0.6456 0.0394, 1.9291 0.0827 0.0394, 2.0079 0.0827 0.0394, 2.0079 0.0623 0.0421, 1.9291 0.0623 0.0421, 2.0079 0.0433 0.0499, 1.9291 0.0433 0.0499, 2.0079 0.027 0.0624, 1.9291 0.027 0.0624, 2.0079 0.0145 0.0787, 1.9291 0.0145 0.0787, 2.0079 0.0066 0.0977, 1.9291 0.0066 0.0977, 2.0079 0.0039 0.1181, 1.9291 0.0039 0.1181, 1.9291 0.1843 0.1754, 2.0079 0.1843 0.1754, 1.9291 0.186 0.1656, 2.0079 0.186 0.1656, 1.9291 0.1901 0.1565, 2.0079 0.1901 0.1565, 1.9291 0.1964 0.1487, 2.0079 0.1964 0.1487, 1.9291 0.2044 0.1428, 2.0079 0.2044 0.1428, 1.9291 0.2137 0.1391, 2.0079 0.2137 0.1391, 1.9291 0.2236 0.1378, 2.0079 0.2236 0.1378, 1.9291 0.3878 0.1378, 2.0079 0.3878 0.1378, 1.9291 0.398 0.1391, 2.0079 0.398 0.1391, 1.9291 0.4075 0.1431, 2.0079 0.4075 0.1431, 1.9291 0.4156 0.1493, 2.0079 0.4156 0.1493, 1.9291 0.4219 0.1575, 2.0079 0.4219 0.1575, 1.9291 0.4258 0.167, 2.0079 0.4258 0.167, 1.9291 0.4272 0.1772, 2.0079 0.4272 0.1772, 1.9291 0.4272 0.1969, 1.9291 0.5846 0.1969, 1.9291 0.9508 0.0958, 1.9291 0.9549 0.0927, 1.9291 0.958 0.0886, 1.9291 0.0039 0.1969, 1.9291 0.182 0.1969, 1.9291 0.96 0.0838, 1.9291 0.946 0.0978, 1.9291 0.958 -0.0098, 1.9291 0.9549 -0.0139, 1.9291 0.9508 -0.017, 1.9291 0.96 -0.0051, 1.9291 0.946 -0.019, 2.0079 0.5846 0.1969, 2.0079 0.4272 0.1969, 2.0079 0.96 -0.0051, 2.0079 0.946 -0.019, 2.0079 0.9508 -0.017, 2.0079 0.958 -0.0098, 2.0079 0.9549 -0.0139, 2.0079 0.182 0.1969, 2.0079 0.0039 0.1969, 2.0079 0.96 0.0838, 2.0079 0.946 0.0978, 2.0079 0.958 0.0886, 2.0079 0.9508 0.0958, 2.0079 0.9549 0.0927, 1.9291 0.5157 0.2165, 1.9291 0.4272 0.2165, 1.9291 0.5157 1.4529, 1.9291 0.4272 1.3386, 1.9291 0.4915 1.4438, 1.9291 0.43 1.3643, 1.9291 0.4384 1.3888, 1.9291 0.4519 1.4109, 1.9291 0.4699 1.4295, 2.0079 0.4272 0.2165, 2.0079 0.5157 0.2165, 2.0079 0.4272 1.3386, 2.0079 0.5157 1.4529, 2.0079 0.43 1.3643, 2.0079 0.4384 1.3888, 2.0079 0.4519 1.4109, 2.0079 0.4915 1.4438, 2.0079 0.4699 1.4295, 1.9291 0.1799 0.2165, 1.9291 0.074 1.2249, 2.0079 0.1799 0.2165, 2.0079 0.074 1.2249, 2.0079 0.0039 1.4567, 1.9291 0.0039 1.4567, 2.0079 0.0039 0.2165, 1.9291 0.0039 0.2165, 1.9291 0.1519 1.3447, 1.9291 0.0774 1.2383, 1.9291 0.1497 1.3699, 1.9291 0.074 1.2296, 1.9291 0.0752 1.2342, 1.9291 0.0599 1.456, 1.9291 0.0647 1.4541, 1.9291 0.0688 1.4509, 1.9291 0.0548 1.4567, 1.9291 0.1545 1.3622, 1.9291 0.1554 1.3577, 1.9291 0.1526 1.3664, 1.9291 0.1553 1.3532, 1.9291 0.1541 1.3488, 2.0079 0.074 1.2296, 2.0079 0.0752 1.2342, 2.0079 0.0774 1.2383, 2.0079 0.1519 1.3447, 2.0079 0.1497 1.3699, 2.0079 0.0688 1.4509, 2.0079 0.0647 1.4541, 2.0079 0.0599 1.456, 2.0079 0.0548 1.4567, 2.0079 0.1541 1.3488, 2.0079 0.1553 1.3532, 2.0079 0.1526 1.3664, 2.0079 0.1554 1.3577, 2.0079 0.1545 1.3622, 2.4213 0.6929 0.1378, 2.4213 0.5846 0.1378, 2.5 0.6929 0.1378, 2.5 0.5846 0.1378, 2.4213 0.7244 0.0984, 2.5 0.7244 0.0984, 2.4213 0.9409 0.0984, 2.5 0.9409 0.0984, 2.5 0.9606 0.0787, 2.5 0.9606 -0.0, 2.4213 0.9606 0.0787, 2.4213 0.9606 -0.0, 2.5 0.9409 -0.0197, 2.5 0.6929 -0.0197, 2.4213 0.9409 -0.0197, 2.4213 0.6929 -0.0197, 2.4213 0.6456 0.0394, 2.5 0.6456 0.0394, 2.4213 0.0827 0.0394, 2.5 0.0827 0.0394, 2.5 0.0623 0.0421, 2.4213 0.0623 0.0421, 2.5 0.0433 0.0499, 2.4213 0.0433 0.0499, 2.5 0.027 0.0624, 2.4213 0.027 0.0624, 2.5 0.0145 0.0787, 2.4213 0.0145 0.0787, 2.5 0.0066 0.0977, 2.4213 0.0066 0.0977, 2.5 0.0039 0.1181, 2.4213 0.0039 0.1181, 2.4213 0.1843 0.1754, 2.5 0.1843 0.1754, 2.4213 0.186 0.1656, 2.5 0.186 0.1656, 2.4213 0.1901 0.1565, 2.5 0.1901 0.1565, 2.4213 0.1964 0.1487, 2.5 0.1964 0.1487, 2.4213 0.2044 0.1428, 2.5 0.2044 0.1428, 2.4213 0.2137 0.1391, 2.5 0.2137 0.1391, 2.4213 0.2236 0.1378, 2.5 0.2236 0.1378, 2.4213 0.3878 0.1378, 2.5 0.3878 0.1378, 2.4213 0.398 0.1391, 2.5 0.398 0.1391, 2.4213 0.4075 0.1431, 2.5 0.4075 0.1431, 2.4213 0.4156 0.1493, 2.5 0.4156 0.1493, 2.4213 0.4219 0.1575, 2.5 0.4219 0.1575, 2.4213 0.4258 0.167, 2.5 0.4258 0.167, 2.4213 0.4272 0.1772, 2.5 0.4272 0.1772, 2.4213 0.4272 0.1969, 2.4213 0.5846 0.1969, 2.4213 0.0039 0.1969, 2.4213 0.182 0.1969, 2.4213 0.96 0.0838, 2.4213 0.946 0.0978, 2.4213 0.9508 0.0958, 2.4213 0.958 0.0886, 2.4213 0.9549 0.0927, 2.4213 0.9549 -0.0139, 2.4213 0.9508 -0.017, 2.4213 0.958 -0.0098, 2.4213 0.96 -0.0051, 2.4213 0.946 -0.019, 2.5 0.5846 0.1969, 2.5 0.4272 0.1969, 2.5 0.96 -0.0051, 2.5 0.946 -0.019, 2.5 0.9508 -0.017, 2.5 0.958 -0.0098, 2.5 0.9549 -0.0139, 2.5 0.182 0.1969, 2.5 0.0039 0.1969, 2.5 0.96 0.0838, 2.5 0.946 0.0978, 2.5 0.958 0.0886, 2.5 0.9508 0.0958, 2.5 0.9549 0.0927, 2.4213 0.5157 0.2165, 2.4213 0.4272 0.2165, 2.4213 0.5157 1.4529, 2.4213 0.4272 1.3386, 2.4213 0.43 1.3643, 2.4213 0.4384 1.3888, 2.4213 0.4519 1.4109, 2.4213 0.4915 1.4438, 2.4213 0.4699 1.4295, 2.5 0.4272 0.2165, 2.5 0.5157 0.2165, 2.5 0.4272 1.3386, 2.5 0.5157 1.4529, 2.5 0.43 1.3643, 2.5 0.4915 1.4438, 2.5 0.4699 1.4295, 2.5 0.4519 1.4109, 2.5 0.4384 1.3888, 2.4213 0.1799 0.2165, 2.4213 0.074 1.2249, 2.5 0.1799 0.2165, 2.5 0.074 1.2249, 2.5 0.0039 1.4567, 2.4213 0.0039 1.4567, 2.5 0.0039 0.2165, 2.4213 0.0039 0.2165, 2.4213 0.1519 1.3447, 2.4213 0.0774 1.2383, 2.4213 0.1497 1.3699, 2.4213 0.074 1.2296, 2.4213 0.0752 1.2342, 2.4213 0.1541 1.3488, 2.4213 0.0599 1.456, 2.4213 0.0647 1.4541, 2.4213 0.0688 1.4509, 2.4213 0.0548 1.4567, 2.4213 0.1526 1.3664, 2.4213 0.1545 1.3622, 2.4213 0.1553 1.3532, 2.4213 0.1554 1.3577, 2.5 0.074 1.2296, 2.5 0.0752 1.2342, 2.5 0.0774 1.2383, 2.5 0.1497 1.3699, 2.5 0.0688 1.4509, 2.5 0.0647 1.4541, 2.5 0.1554 1.3577, 2.5 0.1545 1.3622, 2.5 0.1553 1.3532, 2.5 0.1541 1.3488, 2.5 0.1519 1.3447, 2.5 0.1526 1.3664, 2.5 0.0599 1.456, 2.5 0.0548 1.4567, 2.9134 0.6929 0.1378, 2.9134 0.5846 0.1378, 2.9921 0.6929 0.1378, 2.9921 0.5846 0.1378, 2.9134 0.7244 0.0984, 2.9921 0.7244 0.0984, 2.9134 0.9409 0.0984, 2.9921 0.9409 0.0984, 2.9921 0.9606 0.0787, 2.9921 0.9606 -0.0, 2.9134 0.9606 0.0787, 2.9134 0.9606 -0.0, 2.9921 0.9409 -0.0197, 2.9921 0.6929 -0.0197, 2.9134 0.9409 -0.0197, 2.9134 0.6929 -0.0197, 2.9134 0.6456 0.0394, 2.9921 0.6456 0.0394, 2.9134 0.0827 0.0394, 2.9921 0.0827 0.0394, 2.9921 0.0623 0.0421, 2.9134 0.0623 0.0421, 2.9921 0.0433 0.0499, 2.9134 0.0433 0.0499, 2.9921 0.027 0.0624, 2.9134 0.027 0.0624, 2.9921 0.0145 0.0787, 2.9134 0.0145 0.0787, 2.9921 0.0066 0.0977, 2.9134 0.0066 0.0977, 2.9921 0.0039 0.1181, 2.9134 0.0039 0.1181, 2.9134 0.1843 0.1754, 2.9921 0.1843 0.1754, 2.9134 0.186 0.1656, 2.9921 0.186 0.1656, 2.9134 0.1901 0.1565, 2.9921 0.1901 0.1565, 2.9134 0.1964 0.1487, 2.9921 0.1964 0.1487, 2.9134 0.2044 0.1428, 2.9921 0.2044 0.1428, 2.9134 0.2137 0.1391, 2.9921 0.2137 0.1391, 2.9134 0.2236 0.1378, 2.9921 0.2236 0.1378, 2.9134 0.3878 0.1378, 2.9921 0.3878 0.1378, 2.9134 0.398 0.1391, 2.9921 0.398 0.1391, 2.9134 0.4075 0.1431, 2.9921 0.4075 0.1431, 2.9134 0.4156 0.1493, 2.9921 0.4156 0.1493, 2.9134 0.4219 0.1575, 2.9921 0.4219 0.1575, 2.9134 0.4258 0.167, 2.9921 0.4258 0.167, 2.9134 0.4272 0.1772, 2.9921 0.4272 0.1772, 2.9134 0.4272 0.1969, 2.9134 0.5846 0.1969, 2.9134 0.0039 0.1969, 2.9134 0.182 0.1969, 2.9134 0.96 0.0838, 2.9134 0.946 0.0978, 2.9134 0.9508 0.0958, 2.9134 0.958 0.0886, 2.9134 0.9549 0.0927, 2.9134 0.9549 -0.0139, 2.9134 0.9508 -0.017, 2.9134 0.958 -0.0098, 2.9134 0.96 -0.0051, 2.9134 0.946 -0.019, 2.9921 0.5846 0.1969, 2.9921 0.4272 0.1969, 2.9921 0.96 -0.0051, 2.9921 0.946 -0.019, 2.9921 0.9508 -0.017, 2.9921 0.958 -0.0098, 2.9921 0.9549 -0.0139, 2.9921 0.182 0.1969, 2.9921 0.0039 0.1969, 2.9921 0.96 0.0838, 2.9921 0.946 0.0978, 2.9921 0.958 0.0886, 2.9921 0.9508 0.0958, 2.9921 0.9549 0.0927, 2.9134 0.5157 0.2165, 2.9134 0.4272 0.2165, 2.9134 0.5157 1.4529, 2.9134 0.4272 1.3386, 2.9134 0.4915 1.4438, 2.9134 0.43 1.3643, 2.9134 0.4384 1.3888, 2.9134 0.4519 1.4109, 2.9134 0.4699 1.4295, 2.9921 0.4272 1.3386, 2.9921 0.4272 0.2165, 2.9921 0.5157 0.2165, 2.9921 0.5157 1.4529, 2.9921 0.4915 1.4438, 2.9921 0.4699 1.4295, 2.9921 0.4519 1.4109, 2.9921 0.4384 1.3888, 2.9921 0.43 1.3643, 2.9134 0.1799 0.2165, 2.9134 0.074 1.2249, 2.9921 0.1799 0.2165, 2.9921 0.074 1.2249, 2.9921 0.0039 1.4567, 2.9134 0.0039 1.4567, 2.9921 0.0039 0.2165, 2.9134 0.0039 0.2165, 2.9134 0.074 1.2296, 2.9134 0.0752 1.2342, 2.9134 0.1519 1.3447, 2.9134 0.0774 1.2383, 2.9134 0.1497 1.3699, 2.9134 0.0688 1.4509, 2.9134 0.0548 1.4567, 2.9134 0.0587 1.4563, 2.9134 0.0624 1.4552, 2.9134 0.0658 1.4534, 2.9134 0.1545 1.3622, 2.9134 0.1554 1.3577, 2.9134 0.1526 1.3664, 2.9134 0.1553 1.3532, 2.9134 0.1541 1.3488, 2.9921 0.074 1.2296, 2.9921 0.0752 1.2342, 2.9921 0.0774 1.2383, 2.9921 0.0548 1.4567, 2.9921 0.1519 1.3447, 2.9921 0.1497 1.3699, 2.9921 0.0688 1.4509, 2.9921 0.0658 1.4534, 2.9921 0.0624 1.4552, 2.9921 0.0587 1.4563, 2.9921 0.1541 1.3488, 2.9921 0.1553 1.3532, 2.9921 0.1526 1.3664, 2.9921 0.1554 1.3577, 2.9921 0.1545 1.3622, -0.5315 0.6929 0.1378, -0.5315 0.5846 0.1378, -0.4528 0.6929 0.1378, -0.4528 0.5846 0.1378, -0.5315 0.7244 0.0984, -0.4528 0.7244 0.0984, -0.5315 0.9409 0.0984, -0.4528 0.9409 0.0984, -0.4528 0.9606 0.0787, -0.4528 0.9606 -0.0, -0.5315 0.9606 0.0787, -0.5315 0.9606 -0.0, -0.4528 0.9409 -0.0197, -0.4528 0.6929 -0.0197, -0.5315 0.9409 -0.0197, -0.5315 0.6929 -0.0197, -0.5315 0.6456 0.0394, -0.4528 0.6456 0.0394, -0.5315 0.0827 0.0394, -0.4528 0.0827 0.0394, -0.4528 0.0623 0.0421, -0.5315 0.0623 0.0421, -0.4528 0.0433 0.0499, -0.5315 0.0433 0.0499, -0.4528 0.027 0.0624, -0.5315 0.027 0.0624, -0.4528 0.0145 0.0787, -0.5315 0.0145 0.0787, -0.4528 0.0066 0.0977, -0.5315 0.0066 0.0977, -0.4528 0.0039 0.1181, -0.5315 0.0039 0.1181, -0.5315 0.1843 0.1754, -0.4528 0.1843 0.1754, -0.5315 0.186 0.1656, -0.4528 0.186 0.1656, -0.5315 0.1901 0.1565, -0.4528 0.1901 0.1565, -0.5315 0.1964 0.1487, -0.4528 0.1964 0.1487, -0.5315 0.2044 0.1428, -0.4528 0.2044 0.1428, -0.5315 0.2137 0.1391, -0.4528 0.2137 0.1391, -0.5315 0.2236 0.1378, -0.4528 0.2236 0.1378, -0.5315 0.3878 0.1378, -0.4528 0.3878 0.1378, -0.5315 0.398 0.1391, -0.4528 0.398 0.1391, -0.5315 0.4075 0.1431, -0.4528 0.4075 0.1431, -0.5315 0.4156 0.1493, -0.4528 0.4156 0.1493, -0.5315 0.4219 0.1575, -0.4528 0.4219 0.1575, -0.5315 0.4258 0.167, -0.4528 0.4258 0.167, -0.5315 0.4272 0.1772, -0.4528 0.4272 0.1772, -0.5315 0.4272 0.1969, -0.5315 0.5846 0.1969, -0.5315 0.0039 0.1969, -0.5315 0.182 0.1969, -0.5315 0.96 0.0838, -0.5315 0.946 0.0978, -0.5315 0.9508 0.0958, -0.5315 0.958 0.0886, -0.5315 0.9549 0.0927, -0.5315 0.9549 -0.0139, -0.5315 0.9508 -0.017, -0.5315 0.958 -0.0098, -0.5315 0.96 -0.0051, -0.5315 0.946 -0.019, -0.4528 0.5846 0.1969, -0.4528 0.4272 0.1969, -0.4528 0.946 -0.019, -0.4528 0.96 -0.0051, -0.4528 0.9508 -0.017, -0.4528 0.9549 -0.0139, -0.4528 0.958 -0.0098, -0.4528 0.182 0.1969, -0.4528 0.0039 0.1969, -0.4528 0.96 0.0838, -0.4528 0.958 0.0886, -0.4528 0.9549 0.0927, -0.4528 0.9508 0.0958, -0.4528 0.946 0.0978, -0.5315 0.5157 0.2165, -0.5315 0.4272 0.2165, -0.5315 0.5157 1.4529, -0.5315 0.4272 1.3386, -0.5315 0.4915 1.4438, -0.5315 0.43 1.3643, -0.5315 0.4384 1.3888, -0.5315 0.4519 1.4109, -0.5315 0.4699 1.4295, -0.4528 0.4272 1.3386, -0.4528 0.4272 0.2165, -0.4528 0.5157 0.2165, -0.4528 0.4384 1.3888, -0.4528 0.4915 1.4438, -0.4528 0.4519 1.4109, -0.4528 0.4699 1.4295, -0.4528 0.5157 1.4529, -0.4528 0.43 1.3643, -0.5315 0.1799 0.2165, -0.5315 0.074 1.2249, -0.4528 0.1799 0.2165, -0.4528 0.074 1.2249, -0.4528 0.0039 1.4567, -0.5315 0.0039 1.4567, -0.4528 0.0039 0.2165, -0.5315 0.0039 0.2165, -0.5315 0.1519 1.3447, -0.5315 0.0774 1.2383, -0.5315 0.1497 1.3699, -0.5315 0.074 1.2296, -0.5315 0.0752 1.2342, -0.5315 0.1541 1.3488, -0.5315 0.0599 1.456, -0.5315 0.0647 1.4541, -0.5315 0.0688 1.4509, -0.5315 0.0548 1.4567, -0.5315 0.1526 1.3664, -0.5315 0.1545 1.3622, -0.5315 0.1553 1.3532, -0.5315 0.1554 1.3577, -0.4528 0.074 1.2296, -0.4528 0.0752 1.2342, -0.4528 0.0774 1.2383, -0.4528 0.1497 1.3699, -0.4528 0.0688 1.4509, -0.4528 0.0647 1.4541, -0.4528 0.1554 1.3577, -0.4528 0.1545 1.3622, -0.4528 0.1553 1.3532, -0.4528 0.1541 1.3488, -0.4528 0.1519 1.3447, -0.4528 0.1526 1.3664, -0.4528 0.0599 1.456, -0.4528 0.0548 1.4567, -1.0236 0.6929 0.1378, -1.0236 0.5846 0.1378, -0.9449 0.6929 0.1378, -0.9449 0.5846 0.1378, -1.0236 0.7244 0.0984, -0.9449 0.7244 0.0984, -1.0236 0.9409 0.0984, -0.9449 0.9409 0.0984, -0.9449 0.9606 0.0787, -0.9449 0.9606 -0.0, -1.0236 0.9606 0.0787, -1.0236 0.9606 -0.0, -0.9449 0.9409 -0.0197, -0.9449 0.6929 -0.0197, -1.0236 0.9409 -0.0197, -1.0236 0.6929 -0.0197, -1.0236 0.6456 0.0394, -0.9449 0.6456 0.0394, -1.0236 0.0827 0.0394, -0.9449 0.0827 0.0394, -0.9449 0.0623 0.0421, -1.0236 0.0623 0.0421, -0.9449 0.0433 0.0499, -1.0236 0.0433 0.0499, -0.9449 0.027 0.0624, -1.0236 0.027 0.0624, -0.9449 0.0145 0.0787, -1.0236 0.0145 0.0787, -0.9449 0.0066 0.0977, -1.0236 0.0066 0.0977, -0.9449 0.0039 0.1181, -1.0236 0.0039 0.1181, -1.0236 0.1843 0.1754, -0.9449 0.1843 0.1754, -1.0236 0.186 0.1656, -0.9449 0.186 0.1656, -1.0236 0.1901 0.1565, -0.9449 0.1901 0.1565, -1.0236 0.1964 0.1487, -0.9449 0.1964 0.1487, -1.0236 0.2044 0.1428, -0.9449 0.2044 0.1428, -1.0236 0.2137 0.1391, -0.9449 0.2137 0.1391, -1.0236 0.2236 0.1378, -0.9449 0.2236 0.1378, -1.0236 0.3878 0.1378, -0.9449 0.3878 0.1378, -1.0236 0.398 0.1391, -0.9449 0.398 0.1391, -1.0236 0.4075 0.1431, -0.9449 0.4075 0.1431, -1.0236 0.4156 0.1493, -0.9449 0.4156 0.1493, -1.0236 0.4219 0.1575, -0.9449 0.4219 0.1575, -1.0236 0.4258 0.167, -0.9449 0.4258 0.167, -1.0236 0.4272 0.1772, -0.9449 0.4272 0.1772, -1.0236 0.4272 0.1969, -1.0236 0.5846 0.1969, -1.0236 0.0039 0.1969, -1.0236 0.182 0.1969, -1.0236 0.96 0.0838, -1.0236 0.946 0.0978, -1.0236 0.9508 0.0958, -1.0236 0.958 0.0886, -1.0236 0.9549 0.0927, -1.0236 0.9549 -0.0139, -1.0236 0.9508 -0.017, -1.0236 0.958 -0.0098, -1.0236 0.96 -0.0051, -1.0236 0.946 -0.019, -0.9449 0.5846 0.1969, -0.9449 0.4272 0.1969, -0.9449 0.96 -0.0051, -0.9449 0.946 -0.019, -0.9449 0.9508 -0.017, -0.9449 0.958 -0.0098, -0.9449 0.9549 -0.0139, -0.9449 0.182 0.1969, -0.9449 0.0039 0.1969, -0.9449 0.96 0.0838, -0.9449 0.946 0.0978, -0.9449 0.958 0.0886, -0.9449 0.9508 0.0958, -0.9449 0.9549 0.0927, -1.0236 0.5157 0.2165, -1.0236 0.4272 0.2165, -1.0236 0.5157 1.4529, -1.0236 0.4272 1.3386, -1.0236 0.43 1.3643, -1.0236 0.4384 1.3888, -1.0236 0.4915 1.4438, -1.0236 0.4519 1.4109, -1.0236 0.4699 1.4295, -0.9449 0.4272 0.2165, -0.9449 0.5157 0.2165, -0.9449 0.4272 1.3386, -0.9449 0.5157 1.4529, -0.9449 0.4699 1.4295, -0.9449 0.4519 1.4109, -0.9449 0.4915 1.4438, -0.9449 0.4384 1.3888, -0.9449 0.43 1.3643, -1.0236 0.1799 0.2165, -1.0236 0.074 1.2249, -0.9449 0.1799 0.2165, -0.9449 0.074 1.2249, -0.9449 0.0039 1.4567, -1.0236 0.0039 1.4567, -0.9449 0.0039 0.2165, -1.0236 0.0039 0.2165, -1.0236 0.1519 1.3447, -1.0236 0.0774 1.2383, -1.0236 0.1497 1.3699, -1.0236 0.074 1.2296, -1.0236 0.0752 1.2342, -1.0236 0.0599 1.456, -1.0236 0.0647 1.4541, -1.0236 0.0688 1.4509, -1.0236 0.0548 1.4567, -1.0236 0.1545 1.3622, -1.0236 0.1554 1.3577, -1.0236 0.1526 1.3664, -1.0236 0.1553 1.3532, -1.0236 0.1541 1.3488, -0.9449 0.074 1.2296, -0.9449 0.0752 1.2342, -0.9449 0.0774 1.2383, -0.9449 0.1519 1.3447, -0.9449 0.1497 1.3699, -0.9449 0.0688 1.4509, -0.9449 0.0647 1.4541, -0.9449 0.0599 1.456, -0.9449 0.0548 1.4567, -0.9449 0.1541 1.3488, -0.9449 0.1553 1.3532, -0.9449 0.1526 1.3664, -0.9449 0.1554 1.3577, -0.9449 0.1545 1.3622, -1.5157 0.6929 0.1378, -1.5157 0.5846 0.1378, -1.437 0.6929 0.1378, -1.437 0.5846 0.1378, -1.5157 0.7244 0.0984, -1.437 0.7244 0.0984, -1.5157 0.9409 0.0984, -1.437 0.9409 0.0984, -1.437 0.9606 0.0787, -1.437 0.9606 -0.0, -1.5157 0.9606 0.0787, -1.5157 0.9606 -0.0, -1.437 0.9409 -0.0197, -1.437 0.6929 -0.0197, -1.5157 0.9409 -0.0197, -1.5157 0.6929 -0.0197, -1.5157 0.6456 0.0394, -1.437 0.6456 0.0394, -1.5157 0.0827 0.0394, -1.437 0.0827 0.0394, -1.437 0.0623 0.0421, -1.5157 0.0623 0.0421, -1.437 0.0433 0.0499, -1.5157 0.0433 0.0499, -1.437 0.027 0.0624, -1.5157 0.027 0.0624, -1.437 0.0145 0.0787, -1.5157 0.0145 0.0787, -1.437 0.0066 0.0977, -1.5157 0.0066 0.0977, -1.437 0.0039 0.1181, -1.5157 0.0039 0.1181, -1.5157 0.1843 0.1754, -1.437 0.1843 0.1754, -1.5157 0.186 0.1656, -1.437 0.186 0.1656, -1.5157 0.1901 0.1565, -1.437 0.1901 0.1565, -1.5157 0.1964 0.1487, -1.437 0.1964 0.1487, -1.5157 0.2044 0.1428, -1.437 0.2044 0.1428, -1.5157 0.2137 0.1391, -1.437 0.2137 0.1391, -1.5157 0.2236 0.1378, -1.437 0.2236 0.1378, -1.5157 0.3878 0.1378, -1.437 0.3878 0.1378, -1.5157 0.398 0.1391, -1.437 0.398 0.1391, -1.5157 0.4075 0.1431, -1.437 0.4075 0.1431, -1.5157 0.4156 0.1493, -1.437 0.4156 0.1493, -1.5157 0.4219 0.1575, -1.437 0.4219 0.1575, -1.5157 0.4258 0.167, -1.437 0.4258 0.167, -1.5157 0.4272 0.1772, -1.437 0.4272 0.1772, -1.5157 0.4272 0.1969, -1.5157 0.5846 0.1969, -1.5157 0.0039 0.1969, -1.5157 0.182 0.1969, -1.5157 0.96 0.0838, -1.5157 0.946 0.0978, -1.5157 0.9508 0.0958, -1.5157 0.958 0.0886, -1.5157 0.9549 0.0927, -1.5157 0.9549 -0.0139, -1.5157 0.9508 -0.017, -1.5157 0.958 -0.0098, -1.5157 0.96 -0.0051, -1.5157 0.946 -0.019, -1.437 0.5846 0.1969, -1.437 0.4272 0.1969, -1.437 0.96 -0.0051, -1.437 0.946 -0.019, -1.437 0.9508 -0.017, -1.437 0.958 -0.0098, -1.437 0.9549 -0.0139, -1.437 0.182 0.1969, -1.437 0.0039 0.1969, -1.437 0.96 0.0838, -1.437 0.946 0.0978, -1.437 0.958 0.0886, -1.437 0.9508 0.0958, -1.437 0.9549 0.0927, -1.5157 0.5157 1.4529, -1.5157 0.5157 0.2165, -1.5157 0.4272 0.2165, -1.5157 0.4272 1.3386, -1.5157 0.43 1.3643, -1.5157 0.4384 1.3888, -1.5157 0.4519 1.4109, -1.5157 0.4699 1.4295, -1.5157 0.4915 1.4438, -1.437 0.4699 1.4295, -1.437 0.4519 1.4109, -1.437 0.4384 1.3888, -1.437 0.4272 0.2165, -1.437 0.5157 0.2165, -1.437 0.4272 1.3386, -1.437 0.5157 1.4529, -1.437 0.43 1.3643, -1.437 0.4915 1.4438, -1.5157 0.1799 0.2165, -1.5157 0.074 1.2249, -1.437 0.1799 0.2165, -1.437 0.074 1.2249, -1.437 0.0039 1.4567, -1.5157 0.0039 1.4567, -1.437 0.0039 0.2165, -1.5157 0.0039 0.2165, -1.5157 0.1519 1.3447, -1.5157 0.0774 1.2383, -1.5157 0.1497 1.3699, -1.5157 0.074 1.2296, -1.5157 0.0752 1.2342, -1.5157 0.1541 1.3488, -1.5157 0.0599 1.456, -1.5157 0.0647 1.4541, -1.5157 0.0688 1.4509, -1.5157 0.0548 1.4567, -1.5157 0.1526 1.3664, -1.5157 0.1545 1.3622, -1.5157 0.1553 1.3532, -1.5157 0.1554 1.3577, -1.437 0.074 1.2296, -1.437 0.0752 1.2342, -1.437 0.0774 1.2383, -1.437 0.1497 1.3699, -1.437 0.0688 1.4509, -1.437 0.0647 1.4541, -1.437 0.1554 1.3577, -1.437 0.1545 1.3622, -1.437 0.1553 1.3532, -1.437 0.1541 1.3488, -1.437 0.1519 1.3447, -1.437 0.1526 1.3664, -1.437 0.0599 1.456, -1.437 0.0548 1.4567, -2.0079 0.6929 0.1378, -2.0079 0.5846 0.1378, -1.9291 0.6929 0.1378, -1.9291 0.5846 0.1378, -2.0079 0.7244 0.0984, -1.9291 0.7244 0.0984, -2.0079 0.9409 0.0984, -1.9291 0.9409 0.0984, -1.9291 0.9606 0.0787, -1.9291 0.9606 -0.0, -2.0079 0.9606 0.0787, -2.0079 0.9606 -0.0, -1.9291 0.9409 -0.0197, -1.9291 0.6929 -0.0197, -2.0079 0.9409 -0.0197, -2.0079 0.6929 -0.0197, -2.0079 0.6456 0.0394, -1.9291 0.6456 0.0394, -2.0079 0.0827 0.0394, -1.9291 0.0827 0.0394, -1.9291 0.0623 0.0421, -2.0079 0.0623 0.0421, -1.9291 0.0433 0.0499, -2.0079 0.0433 0.0499, -1.9291 0.027 0.0624, -2.0079 0.027 0.0624, -1.9291 0.0145 0.0787, -2.0079 0.0145 0.0787, -1.9291 0.0066 0.0977, -2.0079 0.0066 0.0977, -1.9291 0.0039 0.1181, -2.0079 0.0039 0.1181, -2.0079 0.1843 0.1754, -1.9291 0.1843 0.1754, -2.0079 0.186 0.1656, -1.9291 0.186 0.1656, -2.0079 0.1901 0.1565, -1.9291 0.1901 0.1565, -2.0079 0.1964 0.1487, -1.9291 0.1964 0.1487, -2.0079 0.2044 0.1428, -1.9291 0.2044 0.1428, -2.0079 0.2137 0.1391, -1.9291 0.2137 0.1391, -2.0079 0.2236 0.1378, -1.9291 0.2236 0.1378, -2.0079 0.3878 0.1378, -1.9291 0.3878 0.1378, -2.0079 0.398 0.1391, -1.9291 0.398 0.1391, -2.0079 0.4075 0.1431, -1.9291 0.4075 0.1431, -2.0079 0.4156 0.1493, -1.9291 0.4156 0.1493, -2.0079 0.4219 0.1575, -1.9291 0.4219 0.1575, -2.0079 0.4258 0.167, -1.9291 0.4258 0.167, -2.0079 0.4272 0.1772, -1.9291 0.4272 0.1772, -2.0079 0.4272 0.1969, -2.0079 0.5846 0.1969, -2.0079 0.0039 0.1969, -2.0079 0.182 0.1969, -2.0079 0.96 0.0838, -2.0079 0.946 0.0978, -2.0079 0.9508 0.0958, -2.0079 0.958 0.0886, -2.0079 0.9549 0.0927, -2.0079 0.9549 -0.0139, -2.0079 0.9508 -0.017, -2.0079 0.958 -0.0098, -2.0079 0.96 -0.0051, -2.0079 0.946 -0.019, -1.9291 0.5846 0.1969, -1.9291 0.4272 0.1969, -1.9291 0.96 -0.0051, -1.9291 0.946 -0.019, -1.9291 0.9508 -0.017, -1.9291 0.958 -0.0098, -1.9291 0.9549 -0.0139, -1.9291 0.182 0.1969, -1.9291 0.0039 0.1969, -1.9291 0.96 0.0838, -1.9291 0.946 0.0978, -1.9291 0.958 0.0886, -1.9291 0.9508 0.0958, -1.9291 0.9549 0.0927, -2.0079 0.5157 1.4529, -2.0079 0.5157 0.2165, -2.0079 0.4272 0.2165, -2.0079 0.4272 1.3386, -2.0079 0.43 1.3643, -2.0079 0.4384 1.3888, -2.0079 0.4519 1.4109, -2.0079 0.4699 1.4295, -2.0079 0.4915 1.4438, -1.9291 0.4272 0.2165, -1.9291 0.5157 0.2165, -1.9291 0.4272 1.3386, -1.9291 0.5157 1.4529, -1.9291 0.43 1.3643, -1.9291 0.4915 1.4438, -1.9291 0.4699 1.4295, -1.9291 0.4519 1.4109, -1.9291 0.4384 1.3888, -2.0079 0.1799 0.2165, -2.0079 0.074 1.2249, -1.9291 0.1799 0.2165, -1.9291 0.074 1.2249, -1.9291 0.0039 1.4567, -2.0079 0.0039 1.4567, -1.9291 0.0039 0.2165, -2.0079 0.0039 0.2165, -2.0079 0.1519 1.3447, -2.0079 0.0774 1.2383, -2.0079 0.1497 1.3699, -2.0079 0.074 1.2296, -2.0079 0.0752 1.2342, -2.0079 0.0599 1.456, -2.0079 0.0647 1.4541, -2.0079 0.0688 1.4509, -2.0079 0.0548 1.4567, -2.0079 0.1545 1.3622, -2.0079 0.1554 1.3577, -2.0079 0.1526 1.3664, -2.0079 0.1553 1.3532, -2.0079 0.1541 1.3488, -1.9291 0.074 1.2296, -1.9291 0.0752 1.2342, -1.9291 0.0774 1.2383, -1.9291 0.1519 1.3447, -1.9291 0.1497 1.3699, -1.9291 0.0688 1.4509, -1.9291 0.0647 1.4541, -1.9291 0.0599 1.456, -1.9291 0.0548 1.4567, -1.9291 0.1541 1.3488, -1.9291 0.1553 1.3532, -1.9291 0.1526 1.3664, -1.9291 0.1554 1.3577, -1.9291 0.1545 1.3622, -2.5 0.6929 0.1378, -2.5 0.5846 0.1378, -2.4213 0.6929 0.1378, -2.4213 0.5846 0.1378, -2.5 0.7244 0.0984, -2.4213 0.7244 0.0984, -2.5 0.9409 0.0984, -2.4213 0.9409 0.0984, -2.4213 0.9606 0.0787, -2.4213 0.9606 -0.0, -2.5 0.9606 0.0787, -2.5 0.9606 -0.0, -2.4213 0.9409 -0.0197, -2.4213 0.6929 -0.0197, -2.5 0.9409 -0.0197, -2.5 0.6929 -0.0197, -2.5 0.6456 0.0394, -2.4213 0.6456 0.0394, -2.5 0.0827 0.0394, -2.4213 0.0827 0.0394, -2.4213 0.0623 0.0421, -2.5 0.0623 0.0421, -2.4213 0.0433 0.0499, -2.5 0.0433 0.0499, -2.4213 0.027 0.0624, -2.5 0.027 0.0624, -2.4213 0.0145 0.0787, -2.5 0.0145 0.0787, -2.4213 0.0066 0.0977, -2.5 0.0066 0.0977, -2.4213 0.0039 0.1181, -2.5 0.0039 0.1181, -2.5 0.1843 0.1754, -2.4213 0.1843 0.1754, -2.5 0.186 0.1656, -2.4213 0.186 0.1656, -2.5 0.1901 0.1565, -2.4213 0.1901 0.1565, -2.5 0.1964 0.1487, -2.4213 0.1964 0.1487, -2.5 0.2044 0.1428, -2.4213 0.2044 0.1428, -2.5 0.2137 0.1391, -2.4213 0.2137 0.1391, -2.5 0.2236 0.1378, -2.4213 0.2236 0.1378, -2.5 0.3878 0.1378, -2.4213 0.3878 0.1378, -2.5 0.398 0.1391, -2.4213 0.398 0.1391, -2.5 0.4075 0.1431, -2.4213 0.4075 0.1431, -2.5 0.4156 0.1493, -2.4213 0.4156 0.1493, -2.5 0.4219 0.1575, -2.4213 0.4219 0.1575, -2.5 0.4258 0.167, -2.4213 0.4258 0.167, -2.5 0.4272 0.1772, -2.4213 0.4272 0.1772, -2.5 0.4272 0.1969, -2.5 0.5846 0.1969, -2.5 0.0039 0.1969, -2.5 0.182 0.1969, -2.5 0.96 0.0838, -2.5 0.946 0.0978, -2.5 0.9508 0.0958, -2.5 0.958 0.0886, -2.5 0.9549 0.0927, -2.5 0.9549 -0.0139, -2.5 0.9508 -0.017, -2.5 0.958 -0.0098, -2.5 0.96 -0.0051, -2.5 0.946 -0.019, -2.4213 0.5846 0.1969, -2.4213 0.4272 0.1969, -2.4213 0.96 -0.0051, -2.4213 0.946 -0.019, -2.4213 0.9508 -0.017, -2.4213 0.958 -0.0098, -2.4213 0.9549 -0.0139, -2.4213 0.182 0.1969, -2.4213 0.0039 0.1969, -2.4213 0.96 0.0838, -2.4213 0.946 0.0978, -2.4213 0.958 0.0886, -2.4213 0.9508 0.0958, -2.4213 0.9549 0.0927, -2.5 0.5157 0.2165, -2.5 0.4272 0.2165, -2.5 0.5157 1.4529, -2.5 0.4272 1.3386, -2.5 0.4915 1.4438, -2.5 0.43 1.3643, -2.5 0.4384 1.3888, -2.5 0.4519 1.4109, -2.5 0.4699 1.4295, -2.4213 0.4272 0.2165, -2.4213 0.5157 0.2165, -2.4213 0.4272 1.3386, -2.4213 0.5157 1.4529, -2.4213 0.43 1.3643, -2.4213 0.4915 1.4438, -2.4213 0.4699 1.4295, -2.4213 0.4519 1.4109, -2.4213 0.4384 1.3888, -2.5 0.1799 0.2165, -2.5 0.074 1.2249, -2.4213 0.1799 0.2165, -2.4213 0.074 1.2249, -2.4213 0.0039 1.4567, -2.5 0.0039 1.4567, -2.4213 0.0039 0.2165, -2.5 0.0039 0.2165, -2.5 0.1519 1.3447, -2.5 0.0774 1.2383, -2.5 0.1497 1.3699, -2.5 0.074 1.2296, -2.5 0.0752 1.2342, -2.5 0.1541 1.3488, -2.5 0.0599 1.456, -2.5 0.0647 1.4541, -2.5 0.0688 1.4509, -2.5 0.0548 1.4567, -2.5 0.1526 1.3664, -2.5 0.1545 1.3622, -2.5 0.1553 1.3532, -2.5 0.1554 1.3577, -2.4213 0.074 1.2296, -2.4213 0.0752 1.2342, -2.4213 0.0774 1.2383, -2.4213 0.1497 1.3699, -2.4213 0.0688 1.4509, -2.4213 0.0647 1.4541, -2.4213 0.1554 1.3577, -2.4213 0.1545 1.3622, -2.4213 0.1553 1.3532, -2.4213 0.1541 1.3488, -2.4213 0.1519 1.3447, -2.4213 0.1526 1.3664, -2.4213 0.0599 1.456, -2.4213 0.0548 1.4567, -2.9921 0.6929 0.1378, -2.9921 0.5846 0.1378, -2.9134 0.6929 0.1378, -2.9134 0.5846 0.1378, -2.9921 0.7244 0.0984, -2.9134 0.7244 0.0984, -2.9921 0.9409 0.0984, -2.9134 0.9409 0.0984, -2.9134 0.9606 0.0787, -2.9134 0.9606 -0.0, -2.9921 0.9606 0.0787, -2.9921 0.9606 -0.0, -2.9134 0.9409 -0.0197, -2.9134 0.6929 -0.0197, -2.9921 0.9409 -0.0197, -2.9921 0.6929 -0.0197, -2.9921 0.6456 0.0394, -2.9134 0.6456 0.0394, -2.9921 0.0827 0.0394, -2.9134 0.0827 0.0394, -2.9134 0.0623 0.0421, -2.9921 0.0623 0.0421, -2.9134 0.0433 0.0499, -2.9921 0.0433 0.0499, -2.9134 0.027 0.0624, -2.9921 0.027 0.0624, -2.9134 0.0145 0.0787, -2.9921 0.0145 0.0787, -2.9134 0.0066 0.0977, -2.9921 0.0066 0.0977, -2.9134 0.0039 0.1181, -2.9921 0.0039 0.1181, -2.9921 0.1843 0.1754, -2.9134 0.1843 0.1754, -2.9921 0.186 0.1656, -2.9134 0.186 0.1656, -2.9921 0.1901 0.1565, -2.9134 0.1901 0.1565, -2.9921 0.1964 0.1487, -2.9134 0.1964 0.1487, -2.9921 0.2044 0.1428, -2.9134 0.2044 0.1428, -2.9921 0.2137 0.1391, -2.9134 0.2137 0.1391, -2.9921 0.2236 0.1378, -2.9134 0.2236 0.1378, -2.9921 0.3878 0.1378, -2.9134 0.3878 0.1378, -2.9921 0.398 0.1391, -2.9134 0.398 0.1391, -2.9921 0.4075 0.1431, -2.9134 0.4075 0.1431, -2.9921 0.4156 0.1493, -2.9134 0.4156 0.1493, -2.9921 0.4219 0.1575, -2.9134 0.4219 0.1575, -2.9921 0.4258 0.167, -2.9134 0.4258 0.167, -2.9921 0.4272 0.1772, -2.9134 0.4272 0.1772, -2.9921 0.4272 0.1969, -2.9921 0.5846 0.1969, -2.9921 0.0039 0.1969, -2.9921 0.182 0.1969, -2.9921 0.96 0.0838, -2.9921 0.946 0.0978, -2.9921 0.9508 0.0958, -2.9921 0.958 0.0886, -2.9921 0.9549 0.0927, -2.9921 0.9549 -0.0139, -2.9921 0.9508 -0.017, -2.9921 0.958 -0.0098, -2.9921 0.96 -0.0051, -2.9921 0.946 -0.019, -2.9134 0.5846 0.1969, -2.9134 0.4272 0.1969, -2.9134 0.96 -0.0051, -2.9134 0.946 -0.019, -2.9134 0.9508 -0.017, -2.9134 0.958 -0.0098, -2.9134 0.9549 -0.0139, -2.9134 0.182 0.1969, -2.9134 0.0039 0.1969, -2.9134 0.96 0.0838, -2.9134 0.946 0.0978, -2.9134 0.958 0.0886, -2.9134 0.9508 0.0958, -2.9134 0.9549 0.0927, -2.9921 0.5157 1.4529, -2.9921 0.5157 0.2165, -2.9921 0.4272 0.2165, -2.9921 0.4272 1.3386, -2.9921 0.43 1.3643, -2.9921 0.4384 1.3888, -2.9921 0.4519 1.4109, -2.9921 0.4699 1.4295, -2.9921 0.4915 1.4438, -2.9134 0.4915 1.4438, -2.9134 0.4699 1.4295, -2.9134 0.5157 1.4529, -2.9134 0.4519 1.4109, -2.9134 0.4384 1.3888, -2.9134 0.4272 0.2165, -2.9134 0.5157 0.2165, -2.9134 0.4272 1.3386, -2.9134 0.43 1.3643, -2.9921 0.1799 0.2165, -2.9921 0.074 1.2249, -2.9134 0.1799 0.2165, -2.9134 0.074 1.2249, -2.9134 0.0039 1.4567, -2.9921 0.0039 1.4567, -2.9134 0.0039 0.2165, -2.9921 0.0039 0.2165, -2.9921 0.1519 1.3447, -2.9921 0.0774 1.2383, -2.9921 0.1497 1.3699, -2.9921 0.074 1.2296, -2.9921 0.0752 1.2342, -2.9921 0.0599 1.456, -2.9921 0.0647 1.4541, -2.9921 0.0688 1.4509, -2.9921 0.0548 1.4567, -2.9921 0.1545 1.3622, -2.9921 0.1554 1.3577, -2.9921 0.1526 1.3664, -2.9921 0.1553 1.3532, -2.9921 0.1541 1.3488, -2.9134 0.074 1.2296, -2.9134 0.0752 1.2342, -2.9134 0.0774 1.2383, -2.9134 0.1519 1.3447, -2.9134 0.1497 1.3699, -2.9134 0.0688 1.4509, -2.9134 0.0647 1.4541, -2.9134 0.0599 1.456, -2.9134 0.0548 1.4567, -2.9134 0.1541 1.3488, -2.9134 0.1553 1.3532, -2.9134 0.1526 1.3664, -2.9134 0.1554 1.3577, -2.9134 0.1545 1.3622, -2.9134 0.1545 1.3622
            ]
        }
        coordIndex [
            0,1,2,-1,2,1,3,-1,4,0,5,-1,5,0,2,-1,6,4,7,-1,7,4,5,-1,8,9,10,-1,10,9,11,-1,12,13,14,-1,14,13,15,-1,16,15,17,-1,17,15,13,-1,18,16,19,-1,19,16,17,-1,18,19,20,-1,18,20,21,-1,21,20,22,-1,21,22,23,-1,23,22,24,-1,23,24,25,-1,25,24,26,-1,25,26,27,-1,27,26,28,-1,27,28,29,-1,29,28,30,-1,29,30,31,-1,32,33,34,-1,34,33,35,-1,34,35,36,-1,36,35,37,-1,36,37,38,-1,38,37,39,-1,38,39,40,-1,40,39,41,-1,40,41,42,-1,42,41,43,-1,42,43,44,-1,44,43,45,-1,46,44,47,-1,47,44,45,-1,46,47,48,-1,48,47,49,-1,48,49,50,-1,50,49,51,-1,50,51,52,-1,52,51,53,-1,52,53,54,-1,54,53,55,-1,54,55,56,-1,56,55,57,-1,56,57,58,-1,58,57,59,-1,38,40,18,-1,48,50,1,-1,1,50,52,-1,1,52,54,-1,60,61,58,-1,58,61,1,-1,58,1,56,-1,56,1,54,-1,23,25,36,-1,31,62,63,-1,40,42,18,-1,18,42,44,-1,18,44,46,-1,64,10,6,-1,6,10,14,-1,6,14,4,-1,4,14,15,-1,4,15,0,-1,0,15,16,-1,0,16,1,-1,1,16,18,-1,1,18,48,-1,48,18,46,-1,63,32,31,-1,31,32,34,-1,31,34,29,-1,29,34,36,-1,29,36,27,-1,27,36,25,-1,38,18,36,-1,36,18,21,-1,36,21,23,-1,6,65,64,-1,64,65,66,-1,64,66,67,-1,67,66,68,-1,69,70,71,-1,71,70,72,-1,10,11,14,-1,14,11,72,-1,14,72,73,-1,73,72,70,-1,3,19,17,-1,74,75,3,-1,3,75,59,-1,59,57,3,-1,3,57,55,-1,3,55,53,-1,45,43,19,-1,76,9,12,-1,12,9,7,-1,12,7,13,-1,13,7,5,-1,13,5,17,-1,17,5,2,-1,17,2,3,-1,53,51,3,-1,3,51,49,-1,3,49,19,-1,19,49,47,-1,19,47,45,-1,12,77,76,-1,76,77,78,-1,76,78,79,-1,79,78,80,-1,30,28,37,-1,37,28,26,-1,37,26,24,-1,81,82,33,-1,33,82,30,-1,33,30,35,-1,35,30,37,-1,43,41,19,-1,19,41,39,-1,19,39,20,-1,20,39,37,-1,20,37,22,-1,22,37,24,-1,9,8,7,-1,7,8,83,-1,7,83,84,-1,84,83,85,-1,84,85,86,-1,86,85,87,-1,62,31,82,-1,82,31,30,-1,3,1,74,-1,74,1,61,-1,58,59,60,-1,60,59,75,-1,33,32,81,-1,81,32,63,-1,88,89,90,-1,90,91,88,-1,88,91,92,-1,88,92,93,-1,93,94,88,-1,88,94,95,-1,88,95,96,-1,97,98,99,-1,99,98,100,-1,99,100,101,-1,100,102,103,-1,103,104,100,-1,100,104,105,-1,100,105,101,-1,91,99,101,-1,91,101,92,-1,92,101,105,-1,92,105,93,-1,93,105,104,-1,93,104,94,-1,94,104,103,-1,94,103,95,-1,95,103,102,-1,95,102,96,-1,96,102,100,-1,96,100,88,-1,97,99,90,-1,90,99,91,-1,106,107,108,-1,108,107,109,-1,110,111,112,-1,112,111,113,-1,114,115,116,-1,106,113,107,-1,107,113,111,-1,107,111,117,-1,117,111,118,-1,119,120,115,-1,115,120,121,-1,115,121,116,-1,118,111,115,-1,115,111,122,-1,115,122,119,-1,123,124,125,-1,125,124,126,-1,125,126,116,-1,116,126,127,-1,116,127,114,-1,110,112,109,-1,109,112,108,-1,109,128,110,-1,110,128,129,-1,110,129,130,-1,131,132,130,-1,130,132,133,-1,130,133,134,-1,134,135,130,-1,130,135,136,-1,130,136,110,-1,131,137,132,-1,132,137,138,-1,132,138,139,-1,139,138,140,-1,139,140,141,-1,122,111,136,-1,136,111,110,-1,122,136,135,-1,122,135,119,-1,119,135,134,-1,119,134,120,-1,120,134,133,-1,120,133,121,-1,116,121,132,-1,132,121,133,-1,116,132,139,-1,116,139,125,-1,125,139,141,-1,125,141,123,-1,123,141,140,-1,123,140,124,-1,124,140,138,-1,124,138,126,-1,126,138,137,-1,126,137,127,-1,127,137,131,-1,127,131,114,-1,115,114,130,-1,130,114,131,-1,115,130,118,-1,118,130,129,-1,118,129,117,-1,117,129,128,-1,117,128,107,-1,107,128,109,-1,8,10,64,-1,8,64,83,-1,83,64,67,-1,83,67,85,-1,85,67,68,-1,85,68,87,-1,87,68,66,-1,87,66,86,-1,86,66,65,-1,86,65,84,-1,84,65,6,-1,84,6,7,-1,11,9,76,-1,11,76,72,-1,72,76,79,-1,72,79,71,-1,71,79,80,-1,71,80,69,-1,69,80,78,-1,69,78,70,-1,70,78,77,-1,70,77,73,-1,73,77,12,-1,73,12,14,-1,142,143,144,-1,144,143,145,-1,146,142,147,-1,147,142,144,-1,148,146,149,-1,149,146,147,-1,150,151,152,-1,152,151,153,-1,154,155,156,-1,156,155,157,-1,158,157,159,-1,159,157,155,-1,160,158,161,-1,161,158,159,-1,160,161,162,-1,160,162,163,-1,163,162,164,-1,163,164,165,-1,165,164,166,-1,165,166,167,-1,167,166,168,-1,167,168,169,-1,169,168,170,-1,169,170,171,-1,171,170,172,-1,171,172,173,-1,174,175,176,-1,176,175,177,-1,176,177,178,-1,178,177,179,-1,178,179,180,-1,180,179,181,-1,180,181,182,-1,182,181,183,-1,182,183,184,-1,184,183,185,-1,184,185,186,-1,186,185,187,-1,188,186,189,-1,189,186,187,-1,188,189,190,-1,190,189,191,-1,190,191,192,-1,192,191,193,-1,192,193,194,-1,194,193,195,-1,194,195,196,-1,196,195,197,-1,196,197,198,-1,198,197,199,-1,198,199,200,-1,200,199,201,-1,180,182,160,-1,190,192,143,-1,143,192,194,-1,143,194,196,-1,202,203,200,-1,200,203,143,-1,200,143,198,-1,198,143,196,-1,165,167,178,-1,173,204,205,-1,182,184,160,-1,160,184,186,-1,160,186,188,-1,206,152,148,-1,148,152,156,-1,148,156,146,-1,146,156,157,-1,146,157,142,-1,142,157,158,-1,142,158,143,-1,143,158,160,-1,143,160,190,-1,190,160,188,-1,205,174,173,-1,173,174,176,-1,173,176,171,-1,171,176,178,-1,171,178,169,-1,169,178,167,-1,180,160,178,-1,178,160,163,-1,178,163,165,-1,148,207,206,-1,206,207,208,-1,206,208,209,-1,209,208,210,-1,211,212,213,-1,213,212,214,-1,152,153,156,-1,156,153,214,-1,156,214,215,-1,215,214,212,-1,145,161,159,-1,216,217,145,-1,145,217,201,-1,201,199,145,-1,145,199,197,-1,145,197,195,-1,187,185,161,-1,218,151,154,-1,154,151,149,-1,154,149,155,-1,155,149,147,-1,155,147,159,-1,159,147,144,-1,159,144,145,-1,195,193,145,-1,145,193,191,-1,145,191,161,-1,161,191,189,-1,161,189,187,-1,154,219,218,-1,218,219,220,-1,218,220,221,-1,221,220,222,-1,172,170,179,-1,179,170,168,-1,179,168,166,-1,223,224,175,-1,175,224,172,-1,175,172,177,-1,177,172,179,-1,185,183,161,-1,161,183,181,-1,161,181,162,-1,162,181,179,-1,162,179,164,-1,164,179,166,-1,151,150,149,-1,149,150,225,-1,149,225,226,-1,226,225,227,-1,226,227,228,-1,228,227,229,-1,204,173,224,-1,224,173,172,-1,145,143,216,-1,216,143,203,-1,200,201,202,-1,202,201,217,-1,175,174,223,-1,223,174,205,-1,230,231,232,-1,232,231,233,-1,233,234,232,-1,232,234,235,-1,232,235,236,-1,236,235,237,-1,236,237,238,-1,239,240,241,-1,242,243,244,-1,244,243,245,-1,241,246,239,-1,239,246,243,-1,239,243,247,-1,247,243,242,-1,233,239,247,-1,233,247,234,-1,234,247,242,-1,234,242,235,-1,235,242,244,-1,235,244,237,-1,237,244,245,-1,237,245,238,-1,238,245,243,-1,238,243,236,-1,236,243,246,-1,236,246,232,-1,240,239,231,-1,231,239,233,-1,248,249,250,-1,250,249,251,-1,252,253,254,-1,254,253,255,-1,248,255,249,-1,249,255,253,-1,249,253,256,-1,256,253,257,-1,257,253,258,-1,258,253,259,-1,258,259,260,-1,261,262,263,-1,263,262,258,-1,263,258,264,-1,260,265,258,-1,258,265,266,-1,258,266,264,-1,263,267,261,-1,261,267,268,-1,261,268,269,-1,269,268,270,-1,271,252,251,-1,251,252,254,-1,251,254,250,-1,271,272,252,-1,252,272,273,-1,252,273,274,-1,275,276,273,-1,273,276,277,-1,277,278,273,-1,273,278,279,-1,273,279,274,-1,280,281,282,-1,282,281,283,-1,273,284,275,-1,275,284,283,-1,275,283,285,-1,285,283,281,-1,259,253,274,-1,274,253,252,-1,259,274,279,-1,259,279,260,-1,260,279,278,-1,260,278,265,-1,265,278,277,-1,265,277,266,-1,266,277,276,-1,266,276,264,-1,263,264,275,-1,275,264,276,-1,263,275,285,-1,263,285,267,-1,267,285,281,-1,267,281,268,-1,268,281,280,-1,268,280,270,-1,270,280,282,-1,270,282,269,-1,269,282,283,-1,269,283,261,-1,261,283,284,-1,261,284,262,-1,258,262,273,-1,273,262,284,-1,258,273,257,-1,257,273,272,-1,257,272,256,-1,256,272,271,-1,256,271,249,-1,249,271,251,-1,286,287,288,-1,288,287,289,-1,290,286,291,-1,291,286,288,-1,292,290,293,-1,293,290,291,-1,294,295,296,-1,296,295,297,-1,298,299,300,-1,300,299,301,-1,302,301,303,-1,303,301,299,-1,304,302,305,-1,305,302,303,-1,304,305,306,-1,304,306,307,-1,307,306,308,-1,307,308,309,-1,309,308,310,-1,309,310,311,-1,311,310,312,-1,311,312,313,-1,313,312,314,-1,313,314,315,-1,315,314,316,-1,315,316,317,-1,318,319,320,-1,320,319,321,-1,320,321,322,-1,322,321,323,-1,322,323,324,-1,324,323,325,-1,324,325,326,-1,326,325,327,-1,326,327,328,-1,328,327,329,-1,328,329,330,-1,330,329,331,-1,332,330,333,-1,333,330,331,-1,332,333,334,-1,334,333,335,-1,334,335,336,-1,336,335,337,-1,336,337,338,-1,338,337,339,-1,338,339,340,-1,340,339,341,-1,340,341,342,-1,342,341,343,-1,342,343,344,-1,344,343,345,-1,324,326,304,-1,334,336,287,-1,287,336,338,-1,287,338,340,-1,346,347,344,-1,344,347,287,-1,344,287,342,-1,342,287,340,-1,309,311,322,-1,317,348,349,-1,326,328,304,-1,304,328,330,-1,304,330,332,-1,350,296,292,-1,292,296,300,-1,292,300,290,-1,290,300,301,-1,290,301,286,-1,286,301,302,-1,286,302,287,-1,287,302,304,-1,287,304,334,-1,334,304,332,-1,349,318,317,-1,317,318,320,-1,317,320,315,-1,315,320,322,-1,315,322,313,-1,313,322,311,-1,324,304,322,-1,322,304,307,-1,322,307,309,-1,292,351,350,-1,350,351,352,-1,350,352,353,-1,353,352,354,-1,355,356,357,-1,357,356,358,-1,296,297,300,-1,300,297,358,-1,300,358,359,-1,359,358,356,-1,289,305,303,-1,360,361,289,-1,289,361,345,-1,345,343,289,-1,289,343,341,-1,289,341,339,-1,331,329,305,-1,362,295,298,-1,298,295,293,-1,298,293,299,-1,299,293,291,-1,299,291,303,-1,303,291,288,-1,303,288,289,-1,339,337,289,-1,289,337,335,-1,289,335,305,-1,305,335,333,-1,305,333,331,-1,298,363,362,-1,362,363,364,-1,362,364,365,-1,365,364,366,-1,316,314,323,-1,323,314,312,-1,323,312,310,-1,367,368,319,-1,319,368,316,-1,319,316,321,-1,321,316,323,-1,329,327,305,-1,305,327,325,-1,305,325,306,-1,306,325,323,-1,306,323,308,-1,308,323,310,-1,295,294,293,-1,293,294,369,-1,293,369,370,-1,370,369,371,-1,370,371,372,-1,372,371,373,-1,348,317,368,-1,368,317,316,-1,289,287,360,-1,360,287,347,-1,344,345,346,-1,346,345,361,-1,319,318,367,-1,367,318,349,-1,374,375,376,-1,376,377,374,-1,374,377,378,-1,374,378,379,-1,379,380,374,-1,374,380,381,-1,374,381,382,-1,383,384,385,-1,385,384,386,-1,385,386,387,-1,388,389,390,-1,390,389,385,-1,390,385,391,-1,391,385,387,-1,377,390,391,-1,377,391,378,-1,378,391,387,-1,378,387,379,-1,379,387,386,-1,379,386,380,-1,380,386,384,-1,380,384,381,-1,381,384,383,-1,381,383,382,-1,382,383,385,-1,382,385,374,-1,388,390,376,-1,376,390,377,-1,392,393,394,-1,394,393,395,-1,396,397,398,-1,398,397,399,-1,400,401,402,-1,392,399,393,-1,393,399,397,-1,393,397,403,-1,403,397,404,-1,405,406,401,-1,401,406,407,-1,401,407,402,-1,404,397,401,-1,401,397,408,-1,401,408,405,-1,409,410,411,-1,411,410,412,-1,411,412,402,-1,402,412,413,-1,402,413,400,-1,396,398,395,-1,395,398,394,-1,395,414,396,-1,396,414,415,-1,396,415,416,-1,417,418,416,-1,416,418,419,-1,416,419,420,-1,420,421,416,-1,416,421,422,-1,416,422,396,-1,417,423,418,-1,418,423,424,-1,418,424,425,-1,425,424,426,-1,425,426,427,-1,408,397,422,-1,422,397,396,-1,408,422,421,-1,408,421,405,-1,405,421,420,-1,405,420,406,-1,406,420,419,-1,406,419,407,-1,402,407,418,-1,418,407,419,-1,402,418,425,-1,402,425,411,-1,411,425,427,-1,411,427,409,-1,409,427,426,-1,409,426,410,-1,410,426,424,-1,410,424,412,-1,412,424,423,-1,412,423,413,-1,413,423,417,-1,413,417,400,-1,401,400,416,-1,416,400,417,-1,401,416,404,-1,404,416,415,-1,404,415,403,-1,403,415,414,-1,403,414,393,-1,393,414,395,-1,428,429,430,-1,430,429,431,-1,432,428,433,-1,433,428,430,-1,434,432,435,-1,435,432,433,-1,436,437,438,-1,438,437,439,-1,440,441,442,-1,442,441,443,-1,444,443,445,-1,445,443,441,-1,446,444,447,-1,447,444,445,-1,446,447,448,-1,446,448,449,-1,449,448,450,-1,449,450,451,-1,451,450,452,-1,451,452,453,-1,453,452,454,-1,453,454,455,-1,455,454,456,-1,455,456,457,-1,457,456,458,-1,457,458,459,-1,460,461,462,-1,462,461,463,-1,462,463,464,-1,464,463,465,-1,464,465,466,-1,466,465,467,-1,466,467,468,-1,468,467,469,-1,468,469,470,-1,470,469,471,-1,470,471,472,-1,472,471,473,-1,474,472,475,-1,475,472,473,-1,474,475,476,-1,476,475,477,-1,476,477,478,-1,478,477,479,-1,478,479,480,-1,480,479,481,-1,480,481,482,-1,482,481,483,-1,482,483,484,-1,484,483,485,-1,484,485,486,-1,486,485,487,-1,466,468,446,-1,476,478,429,-1,429,478,480,-1,429,480,482,-1,488,489,486,-1,486,489,429,-1,486,429,484,-1,484,429,482,-1,451,453,464,-1,459,490,491,-1,468,470,446,-1,446,470,472,-1,446,472,474,-1,492,438,434,-1,434,438,442,-1,434,442,432,-1,432,442,443,-1,432,443,428,-1,428,443,444,-1,428,444,429,-1,429,444,446,-1,429,446,476,-1,476,446,474,-1,491,460,459,-1,459,460,462,-1,459,462,457,-1,457,462,464,-1,457,464,455,-1,455,464,453,-1,466,446,464,-1,464,446,449,-1,464,449,451,-1,434,493,492,-1,492,493,494,-1,492,494,495,-1,495,494,496,-1,497,498,499,-1,499,498,500,-1,438,439,442,-1,442,439,500,-1,442,500,501,-1,501,500,498,-1,431,447,445,-1,440,435,441,-1,441,435,433,-1,441,433,445,-1,445,433,430,-1,445,430,431,-1,502,503,431,-1,431,503,487,-1,487,485,431,-1,431,485,483,-1,431,483,481,-1,473,471,447,-1,481,479,431,-1,431,479,477,-1,431,477,447,-1,447,477,475,-1,447,475,473,-1,504,505,440,-1,440,505,437,-1,440,437,435,-1,504,506,505,-1,505,506,507,-1,505,507,508,-1,458,456,465,-1,465,456,454,-1,465,454,452,-1,509,510,461,-1,461,510,458,-1,461,458,463,-1,463,458,465,-1,437,436,435,-1,435,436,511,-1,435,511,512,-1,512,513,435,-1,435,513,514,-1,435,514,515,-1,471,469,447,-1,447,469,467,-1,447,467,448,-1,448,467,465,-1,448,465,450,-1,450,465,452,-1,490,459,510,-1,510,459,458,-1,431,429,502,-1,502,429,489,-1,486,487,488,-1,488,487,503,-1,461,460,509,-1,509,460,491,-1,516,517,518,-1,518,519,516,-1,516,519,520,-1,516,520,521,-1,521,522,516,-1,516,522,523,-1,516,523,524,-1,525,526,527,-1,527,528,525,-1,525,528,529,-1,525,529,530,-1,530,531,525,-1,525,531,532,-1,525,532,533,-1,519,525,533,-1,519,533,520,-1,520,533,532,-1,520,532,521,-1,521,532,531,-1,521,531,522,-1,522,531,530,-1,522,530,523,-1,523,530,529,-1,523,529,524,-1,524,529,528,-1,524,528,516,-1,526,525,518,-1,518,525,519,-1,534,535,536,-1,536,535,537,-1,538,539,540,-1,540,539,541,-1,542,543,544,-1,534,541,535,-1,535,541,539,-1,535,539,545,-1,545,539,546,-1,542,544,547,-1,548,549,543,-1,543,549,550,-1,543,550,544,-1,546,539,543,-1,543,539,551,-1,543,551,548,-1,544,552,547,-1,547,552,553,-1,547,553,554,-1,554,553,555,-1,538,540,537,-1,537,540,536,-1,537,556,538,-1,538,556,557,-1,538,557,558,-1,559,560,558,-1,558,560,561,-1,562,563,564,-1,564,563,565,-1,558,566,559,-1,559,566,565,-1,559,565,567,-1,567,565,563,-1,561,568,558,-1,558,568,569,-1,558,569,538,-1,551,539,569,-1,569,539,538,-1,551,569,568,-1,551,568,548,-1,548,568,561,-1,548,561,549,-1,549,561,560,-1,549,560,550,-1,544,550,559,-1,559,550,560,-1,544,559,567,-1,544,567,552,-1,552,567,563,-1,552,563,553,-1,553,563,562,-1,553,562,555,-1,555,562,564,-1,555,564,554,-1,554,564,565,-1,554,565,547,-1,547,565,566,-1,547,566,542,-1,543,542,558,-1,558,542,566,-1,543,558,546,-1,546,558,557,-1,546,557,545,-1,545,557,556,-1,545,556,535,-1,535,556,537,-1,570,571,572,-1,572,571,573,-1,574,570,575,-1,575,570,572,-1,576,574,577,-1,577,574,575,-1,578,579,580,-1,580,579,581,-1,582,583,584,-1,584,583,585,-1,586,585,587,-1,587,585,583,-1,588,586,589,-1,589,586,587,-1,588,589,590,-1,588,590,591,-1,591,590,592,-1,591,592,593,-1,593,592,594,-1,593,594,595,-1,595,594,596,-1,595,596,597,-1,597,596,598,-1,597,598,599,-1,599,598,600,-1,599,600,601,-1,602,603,604,-1,604,603,605,-1,604,605,606,-1,606,605,607,-1,606,607,608,-1,608,607,609,-1,608,609,610,-1,610,609,611,-1,610,611,612,-1,612,611,613,-1,612,613,614,-1,614,613,615,-1,616,614,617,-1,617,614,615,-1,616,617,618,-1,618,617,619,-1,618,619,620,-1,620,619,621,-1,620,621,622,-1,622,621,623,-1,622,623,624,-1,624,623,625,-1,624,625,626,-1,626,625,627,-1,626,627,628,-1,628,627,629,-1,584,585,581,-1,608,610,588,-1,618,620,571,-1,571,620,622,-1,571,622,624,-1,630,631,628,-1,628,631,571,-1,628,571,626,-1,626,571,624,-1,632,633,634,-1,581,585,580,-1,601,635,636,-1,610,612,588,-1,588,612,614,-1,588,614,616,-1,616,618,588,-1,588,618,571,-1,588,571,586,-1,586,571,570,-1,586,570,585,-1,585,570,574,-1,585,574,580,-1,580,574,576,-1,580,576,637,-1,597,604,595,-1,595,604,606,-1,595,606,593,-1,636,602,601,-1,601,602,604,-1,601,604,599,-1,599,604,597,-1,637,576,634,-1,634,576,638,-1,634,638,632,-1,639,640,641,-1,608,588,606,-1,606,588,591,-1,606,591,593,-1,581,642,584,-1,584,642,639,-1,584,639,643,-1,643,639,641,-1,573,589,587,-1,644,645,573,-1,573,645,629,-1,629,627,573,-1,573,627,625,-1,573,625,623,-1,615,613,589,-1,646,579,582,-1,582,579,577,-1,582,577,583,-1,583,577,575,-1,583,575,587,-1,587,575,572,-1,587,572,573,-1,623,621,573,-1,573,621,619,-1,573,619,589,-1,589,619,617,-1,589,617,615,-1,582,647,646,-1,646,647,648,-1,646,648,649,-1,649,648,650,-1,600,598,607,-1,607,598,596,-1,607,596,594,-1,651,652,603,-1,603,652,600,-1,603,600,605,-1,605,600,607,-1,613,611,589,-1,589,611,609,-1,589,609,590,-1,590,609,607,-1,590,607,592,-1,592,607,594,-1,579,578,577,-1,577,578,653,-1,577,653,654,-1,654,653,655,-1,654,655,656,-1,656,655,657,-1,635,601,652,-1,652,601,600,-1,573,571,644,-1,644,571,631,-1,628,629,630,-1,630,629,645,-1,603,602,651,-1,651,602,636,-1,658,659,660,-1,660,659,661,-1,660,661,662,-1,661,663,664,-1,664,665,661,-1,661,665,666,-1,661,666,662,-1,667,668,669,-1,669,668,670,-1,671,669,672,-1,672,669,673,-1,670,674,669,-1,669,674,675,-1,669,675,673,-1,661,669,671,-1,661,671,663,-1,663,671,672,-1,663,672,664,-1,664,672,673,-1,664,673,665,-1,665,673,675,-1,665,675,666,-1,666,675,674,-1,666,674,662,-1,662,674,670,-1,662,670,660,-1,667,669,659,-1,659,669,661,-1,676,677,678,-1,678,677,679,-1,680,681,682,-1,682,681,683,-1,684,685,686,-1,676,683,677,-1,677,683,681,-1,677,681,687,-1,687,681,688,-1,689,690,685,-1,685,690,691,-1,685,691,686,-1,688,681,685,-1,685,681,692,-1,685,692,689,-1,693,694,695,-1,695,694,696,-1,695,696,686,-1,686,696,697,-1,686,697,684,-1,680,682,679,-1,679,682,678,-1,679,698,680,-1,680,698,699,-1,680,699,700,-1,701,702,700,-1,700,702,703,-1,700,703,704,-1,704,705,700,-1,700,705,706,-1,700,706,680,-1,701,707,702,-1,702,707,708,-1,702,708,709,-1,709,708,710,-1,709,710,711,-1,692,681,706,-1,706,681,680,-1,692,706,705,-1,692,705,689,-1,689,705,704,-1,689,704,690,-1,690,704,703,-1,690,703,691,-1,686,691,702,-1,702,691,703,-1,686,702,709,-1,686,709,695,-1,695,709,711,-1,695,711,693,-1,693,711,710,-1,693,710,694,-1,694,710,708,-1,694,708,696,-1,696,708,707,-1,696,707,697,-1,697,707,701,-1,697,701,684,-1,685,684,700,-1,700,684,701,-1,685,700,688,-1,688,700,699,-1,688,699,687,-1,687,699,698,-1,687,698,677,-1,677,698,679,-1,712,713,714,-1,714,713,715,-1,716,712,717,-1,717,712,714,-1,718,716,719,-1,719,716,717,-1,720,721,722,-1,722,721,723,-1,724,725,726,-1,726,725,727,-1,728,727,729,-1,729,727,725,-1,730,728,731,-1,731,728,729,-1,730,731,732,-1,730,732,733,-1,733,732,734,-1,733,734,735,-1,735,734,736,-1,735,736,737,-1,737,736,738,-1,737,738,739,-1,739,738,740,-1,739,740,741,-1,741,740,742,-1,741,742,743,-1,744,745,746,-1,746,745,747,-1,746,747,748,-1,748,747,749,-1,748,749,750,-1,750,749,751,-1,750,751,752,-1,752,751,753,-1,752,753,754,-1,754,753,755,-1,754,755,756,-1,756,755,757,-1,758,756,759,-1,759,756,757,-1,758,759,760,-1,760,759,761,-1,760,761,762,-1,762,761,763,-1,762,763,764,-1,764,763,765,-1,764,765,766,-1,766,765,767,-1,766,767,768,-1,768,767,769,-1,768,769,770,-1,770,769,771,-1,750,752,730,-1,760,762,713,-1,713,762,764,-1,713,764,766,-1,772,773,770,-1,770,773,713,-1,770,713,768,-1,768,713,766,-1,735,737,748,-1,743,774,775,-1,752,754,730,-1,730,754,756,-1,730,756,758,-1,776,722,718,-1,718,722,726,-1,718,726,716,-1,716,726,727,-1,716,727,712,-1,712,727,728,-1,712,728,713,-1,713,728,730,-1,713,730,760,-1,760,730,758,-1,775,744,743,-1,743,744,746,-1,743,746,741,-1,741,746,748,-1,741,748,739,-1,739,748,737,-1,750,730,748,-1,748,730,733,-1,748,733,735,-1,718,777,776,-1,776,777,778,-1,776,778,779,-1,779,778,780,-1,781,782,783,-1,783,782,784,-1,722,723,726,-1,726,723,784,-1,726,784,785,-1,785,784,782,-1,715,731,729,-1,786,787,715,-1,715,787,771,-1,771,769,715,-1,715,769,767,-1,715,767,765,-1,757,755,731,-1,788,721,724,-1,724,721,719,-1,724,719,725,-1,725,719,717,-1,725,717,729,-1,729,717,714,-1,729,714,715,-1,765,763,715,-1,715,763,761,-1,715,761,731,-1,731,761,759,-1,731,759,757,-1,724,789,788,-1,788,789,790,-1,788,790,791,-1,791,790,792,-1,742,740,749,-1,749,740,738,-1,749,738,736,-1,793,794,745,-1,745,794,742,-1,745,742,747,-1,747,742,749,-1,755,753,731,-1,731,753,751,-1,731,751,732,-1,732,751,749,-1,732,749,734,-1,734,749,736,-1,721,720,719,-1,719,720,795,-1,719,795,796,-1,796,795,797,-1,796,797,798,-1,798,797,799,-1,774,743,794,-1,794,743,742,-1,715,713,786,-1,786,713,773,-1,770,771,772,-1,772,771,787,-1,745,744,793,-1,793,744,775,-1,800,801,802,-1,802,801,803,-1,802,803,804,-1,804,805,802,-1,802,805,806,-1,802,806,807,-1,807,806,808,-1,809,810,811,-1,811,810,812,-1,811,812,813,-1,814,815,816,-1,814,816,812,-1,812,816,817,-1,812,817,813,-1,803,811,813,-1,803,813,804,-1,804,813,817,-1,804,817,805,-1,805,817,816,-1,805,816,806,-1,806,816,815,-1,806,815,808,-1,808,815,814,-1,808,814,807,-1,807,814,812,-1,807,812,802,-1,809,811,801,-1,801,811,803,-1,818,819,820,-1,820,819,821,-1,822,823,824,-1,824,823,825,-1,826,827,828,-1,818,825,819,-1,819,825,823,-1,819,823,829,-1,829,823,830,-1,826,828,831,-1,832,833,827,-1,827,833,834,-1,827,834,828,-1,830,823,827,-1,827,823,835,-1,827,835,832,-1,828,836,831,-1,831,836,837,-1,831,837,838,-1,838,837,839,-1,822,824,821,-1,821,824,820,-1,821,840,822,-1,822,840,841,-1,822,841,842,-1,843,844,842,-1,842,844,845,-1,846,847,848,-1,848,847,849,-1,842,850,843,-1,843,850,849,-1,843,849,851,-1,851,849,847,-1,845,852,842,-1,842,852,853,-1,842,853,822,-1,835,823,853,-1,853,823,822,-1,835,853,852,-1,835,852,832,-1,832,852,845,-1,832,845,833,-1,833,845,844,-1,833,844,834,-1,828,834,843,-1,843,834,844,-1,828,843,851,-1,828,851,836,-1,836,851,847,-1,836,847,837,-1,837,847,846,-1,837,846,839,-1,839,846,848,-1,839,848,838,-1,838,848,849,-1,838,849,831,-1,831,849,850,-1,831,850,826,-1,827,826,842,-1,842,826,850,-1,827,842,830,-1,830,842,841,-1,830,841,829,-1,829,841,840,-1,829,840,819,-1,819,840,821,-1,854,855,856,-1,856,855,857,-1,858,854,859,-1,859,854,856,-1,860,858,861,-1,861,858,859,-1,862,863,864,-1,864,863,865,-1,866,867,868,-1,868,867,869,-1,870,869,871,-1,871,869,867,-1,872,870,873,-1,873,870,871,-1,872,873,874,-1,872,874,875,-1,875,874,876,-1,875,876,877,-1,877,876,878,-1,877,878,879,-1,879,878,880,-1,879,880,881,-1,881,880,882,-1,881,882,883,-1,883,882,884,-1,883,884,885,-1,886,887,888,-1,888,887,889,-1,888,889,890,-1,890,889,891,-1,890,891,892,-1,892,891,893,-1,892,893,894,-1,894,893,895,-1,894,895,896,-1,896,895,897,-1,896,897,898,-1,898,897,899,-1,900,898,901,-1,901,898,899,-1,900,901,902,-1,902,901,903,-1,902,903,904,-1,904,903,905,-1,904,905,906,-1,906,905,907,-1,906,907,908,-1,908,907,909,-1,908,909,910,-1,910,909,911,-1,910,911,912,-1,912,911,913,-1,892,894,872,-1,902,904,855,-1,855,904,906,-1,855,906,908,-1,914,915,912,-1,912,915,855,-1,912,855,910,-1,910,855,908,-1,877,879,890,-1,885,916,917,-1,894,896,872,-1,872,896,898,-1,872,898,900,-1,918,864,860,-1,860,864,868,-1,860,868,858,-1,858,868,869,-1,858,869,854,-1,854,869,870,-1,854,870,855,-1,855,870,872,-1,855,872,902,-1,902,872,900,-1,917,886,885,-1,885,886,888,-1,885,888,883,-1,883,888,890,-1,883,890,881,-1,881,890,879,-1,892,872,890,-1,890,872,875,-1,890,875,877,-1,860,919,918,-1,918,919,920,-1,918,920,921,-1,921,920,922,-1,923,924,925,-1,925,924,926,-1,864,865,868,-1,868,865,926,-1,868,926,927,-1,927,926,924,-1,857,873,871,-1,928,929,857,-1,857,929,913,-1,913,911,857,-1,857,911,909,-1,857,909,907,-1,899,897,873,-1,930,863,866,-1,866,863,861,-1,866,861,867,-1,867,861,859,-1,867,859,871,-1,871,859,856,-1,871,856,857,-1,907,905,857,-1,857,905,903,-1,857,903,873,-1,873,903,901,-1,873,901,899,-1,866,931,930,-1,930,931,932,-1,930,932,933,-1,933,932,934,-1,884,882,891,-1,891,882,880,-1,891,880,878,-1,935,936,887,-1,887,936,884,-1,887,884,889,-1,889,884,891,-1,897,895,873,-1,873,895,893,-1,873,893,874,-1,874,893,891,-1,874,891,876,-1,876,891,878,-1,863,862,861,-1,861,862,937,-1,861,937,938,-1,938,937,939,-1,938,939,940,-1,940,939,941,-1,916,885,936,-1,936,885,884,-1,857,855,928,-1,928,855,915,-1,912,913,914,-1,914,913,929,-1,887,886,935,-1,935,886,917,-1,942,943,944,-1,944,943,945,-1,944,945,946,-1,946,945,947,-1,947,948,946,-1,946,948,949,-1,946,949,950,-1,951,952,953,-1,953,954,951,-1,951,954,955,-1,951,955,956,-1,956,957,951,-1,951,957,958,-1,951,958,959,-1,945,951,959,-1,945,959,947,-1,947,959,958,-1,947,958,948,-1,948,958,957,-1,948,957,949,-1,949,957,956,-1,949,956,950,-1,950,956,955,-1,950,955,946,-1,946,955,954,-1,946,954,944,-1,952,951,943,-1,943,951,945,-1,960,961,962,-1,962,961,963,-1,964,965,966,-1,966,965,967,-1,960,967,961,-1,961,967,965,-1,961,965,968,-1,968,965,969,-1,970,971,972,-1,972,971,973,-1,969,965,971,-1,971,965,974,-1,971,974,975,-1,975,976,971,-1,971,976,977,-1,971,977,973,-1,978,979,980,-1,980,979,981,-1,980,981,972,-1,972,981,982,-1,972,982,970,-1,983,964,963,-1,963,964,966,-1,963,966,962,-1,983,984,964,-1,964,984,985,-1,964,985,986,-1,987,988,985,-1,985,988,989,-1,985,989,990,-1,990,991,985,-1,985,991,992,-1,985,992,986,-1,987,993,988,-1,988,993,994,-1,988,994,995,-1,995,994,996,-1,995,996,997,-1,974,965,986,-1,986,965,964,-1,974,986,992,-1,974,992,975,-1,975,992,991,-1,975,991,976,-1,976,991,990,-1,976,990,977,-1,977,990,989,-1,977,989,973,-1,972,973,988,-1,988,973,989,-1,972,988,995,-1,972,995,980,-1,980,995,997,-1,980,997,978,-1,978,997,996,-1,978,996,979,-1,979,996,994,-1,979,994,981,-1,981,994,993,-1,981,993,982,-1,982,993,987,-1,982,987,970,-1,971,970,985,-1,985,970,987,-1,971,985,969,-1,969,985,984,-1,969,984,968,-1,968,984,983,-1,968,983,961,-1,961,983,963,-1,998,999,1000,-1,1000,999,1001,-1,1002,998,1003,-1,1003,998,1000,-1,1004,1002,1005,-1,1005,1002,1003,-1,1006,1007,1008,-1,1008,1007,1009,-1,1010,1011,1012,-1,1012,1011,1013,-1,1014,1013,1015,-1,1015,1013,1011,-1,1016,1014,1017,-1,1017,1014,1015,-1,1016,1017,1018,-1,1016,1018,1019,-1,1019,1018,1020,-1,1019,1020,1021,-1,1021,1020,1022,-1,1021,1022,1023,-1,1023,1022,1024,-1,1023,1024,1025,-1,1025,1024,1026,-1,1025,1026,1027,-1,1027,1026,1028,-1,1027,1028,1029,-1,1030,1031,1032,-1,1032,1031,1033,-1,1032,1033,1034,-1,1034,1033,1035,-1,1034,1035,1036,-1,1036,1035,1037,-1,1036,1037,1038,-1,1038,1037,1039,-1,1038,1039,1040,-1,1040,1039,1041,-1,1040,1041,1042,-1,1042,1041,1043,-1,1044,1042,1045,-1,1045,1042,1043,-1,1044,1045,1046,-1,1046,1045,1047,-1,1046,1047,1048,-1,1048,1047,1049,-1,1048,1049,1050,-1,1050,1049,1051,-1,1050,1051,1052,-1,1052,1051,1053,-1,1052,1053,1054,-1,1054,1053,1055,-1,1054,1055,1056,-1,1056,1055,1057,-1,1036,1038,1016,-1,1046,1048,999,-1,999,1048,1050,-1,999,1050,1052,-1,1058,1059,1056,-1,1056,1059,999,-1,1056,999,1054,-1,1054,999,1052,-1,1021,1023,1034,-1,1029,1060,1061,-1,1038,1040,1016,-1,1016,1040,1042,-1,1016,1042,1044,-1,1062,1008,1004,-1,1004,1008,1012,-1,1004,1012,1002,-1,1002,1012,1013,-1,1002,1013,998,-1,998,1013,1014,-1,998,1014,999,-1,999,1014,1016,-1,999,1016,1046,-1,1046,1016,1044,-1,1061,1030,1029,-1,1029,1030,1032,-1,1029,1032,1027,-1,1027,1032,1034,-1,1027,1034,1025,-1,1025,1034,1023,-1,1036,1016,1034,-1,1034,1016,1019,-1,1034,1019,1021,-1,1004,1063,1062,-1,1062,1063,1064,-1,1062,1064,1065,-1,1065,1064,1066,-1,1067,1068,1069,-1,1069,1068,1070,-1,1008,1009,1012,-1,1012,1009,1070,-1,1012,1070,1071,-1,1071,1070,1068,-1,1001,1017,1015,-1,1010,1005,1011,-1,1011,1005,1003,-1,1011,1003,1015,-1,1015,1003,1000,-1,1015,1000,1001,-1,1072,1073,1001,-1,1001,1073,1057,-1,1057,1055,1001,-1,1001,1055,1053,-1,1001,1053,1051,-1,1043,1041,1017,-1,1051,1049,1001,-1,1001,1049,1047,-1,1001,1047,1017,-1,1017,1047,1045,-1,1017,1045,1043,-1,1074,1075,1010,-1,1010,1075,1007,-1,1010,1007,1005,-1,1074,1076,1075,-1,1075,1076,1077,-1,1075,1077,1078,-1,1028,1026,1035,-1,1035,1026,1024,-1,1035,1024,1022,-1,1079,1080,1031,-1,1031,1080,1028,-1,1031,1028,1033,-1,1033,1028,1035,-1,1007,1006,1005,-1,1005,1006,1081,-1,1005,1081,1082,-1,1082,1083,1005,-1,1005,1083,1084,-1,1005,1084,1085,-1,1041,1039,1017,-1,1017,1039,1037,-1,1017,1037,1018,-1,1018,1037,1035,-1,1018,1035,1020,-1,1020,1035,1022,-1,1060,1029,1080,-1,1080,1029,1028,-1,1001,999,1072,-1,1072,999,1059,-1,1056,1057,1058,-1,1058,1057,1073,-1,1031,1030,1079,-1,1079,1030,1061,-1,1086,1087,1088,-1,1088,1087,1089,-1,1088,1089,1090,-1,1090,1089,1091,-1,1091,1092,1090,-1,1090,1092,1093,-1,1090,1093,1094,-1,1095,1096,1097,-1,1098,1099,1100,-1,1100,1099,1101,-1,1097,1102,1095,-1,1095,1102,1099,-1,1095,1099,1103,-1,1103,1099,1098,-1,1089,1095,1103,-1,1089,1103,1091,-1,1091,1103,1098,-1,1091,1098,1092,-1,1092,1098,1100,-1,1092,1100,1093,-1,1093,1100,1101,-1,1093,1101,1094,-1,1094,1101,1099,-1,1094,1099,1090,-1,1090,1099,1102,-1,1090,1102,1088,-1,1096,1095,1087,-1,1087,1095,1089,-1,1104,1105,1106,-1,1106,1105,1107,-1,1108,1109,1110,-1,1110,1109,1111,-1,1112,1113,1114,-1,1104,1111,1105,-1,1105,1111,1109,-1,1105,1109,1115,-1,1115,1109,1116,-1,1112,1114,1117,-1,1118,1119,1113,-1,1113,1119,1120,-1,1113,1120,1114,-1,1116,1109,1113,-1,1113,1109,1121,-1,1113,1121,1118,-1,1114,1122,1117,-1,1117,1122,1123,-1,1117,1123,1124,-1,1124,1123,1125,-1,1108,1110,1107,-1,1107,1110,1106,-1,1107,1126,1108,-1,1108,1126,1127,-1,1108,1127,1128,-1,1129,1130,1128,-1,1128,1130,1131,-1,1132,1133,1134,-1,1134,1133,1135,-1,1128,1136,1129,-1,1129,1136,1135,-1,1129,1135,1137,-1,1137,1135,1133,-1,1131,1138,1128,-1,1128,1138,1139,-1,1128,1139,1108,-1,1121,1109,1139,-1,1139,1109,1108,-1,1121,1139,1138,-1,1121,1138,1118,-1,1118,1138,1131,-1,1118,1131,1119,-1,1119,1131,1130,-1,1119,1130,1120,-1,1114,1120,1129,-1,1129,1120,1130,-1,1114,1129,1137,-1,1114,1137,1122,-1,1122,1137,1133,-1,1122,1133,1123,-1,1123,1133,1132,-1,1123,1132,1125,-1,1125,1132,1134,-1,1125,1134,1124,-1,1124,1134,1135,-1,1124,1135,1117,-1,1117,1135,1136,-1,1117,1136,1112,-1,1113,1112,1128,-1,1128,1112,1136,-1,1113,1128,1116,-1,1116,1128,1127,-1,1116,1127,1115,-1,1115,1127,1126,-1,1115,1126,1105,-1,1105,1126,1107,-1,1140,1141,1142,-1,1142,1141,1143,-1,1144,1140,1145,-1,1145,1140,1142,-1,1146,1144,1147,-1,1147,1144,1145,-1,1148,1149,1150,-1,1150,1149,1151,-1,1152,1153,1154,-1,1154,1153,1155,-1,1156,1155,1157,-1,1157,1155,1153,-1,1158,1156,1159,-1,1159,1156,1157,-1,1158,1159,1160,-1,1158,1160,1161,-1,1161,1160,1162,-1,1161,1162,1163,-1,1163,1162,1164,-1,1163,1164,1165,-1,1165,1164,1166,-1,1165,1166,1167,-1,1167,1166,1168,-1,1167,1168,1169,-1,1169,1168,1170,-1,1169,1170,1171,-1,1172,1173,1174,-1,1174,1173,1175,-1,1174,1175,1176,-1,1176,1175,1177,-1,1176,1177,1178,-1,1178,1177,1179,-1,1178,1179,1180,-1,1180,1179,1181,-1,1180,1181,1182,-1,1182,1181,1183,-1,1182,1183,1184,-1,1184,1183,1185,-1,1186,1184,1187,-1,1187,1184,1185,-1,1186,1187,1188,-1,1188,1187,1189,-1,1188,1189,1190,-1,1190,1189,1191,-1,1190,1191,1192,-1,1192,1191,1193,-1,1192,1193,1194,-1,1194,1193,1195,-1,1194,1195,1196,-1,1196,1195,1197,-1,1196,1197,1198,-1,1198,1197,1199,-1,1178,1180,1158,-1,1188,1190,1141,-1,1141,1190,1192,-1,1141,1192,1194,-1,1200,1201,1198,-1,1198,1201,1141,-1,1198,1141,1196,-1,1196,1141,1194,-1,1163,1165,1176,-1,1171,1202,1203,-1,1180,1182,1158,-1,1158,1182,1184,-1,1158,1184,1186,-1,1204,1150,1146,-1,1146,1150,1154,-1,1146,1154,1144,-1,1144,1154,1155,-1,1144,1155,1140,-1,1140,1155,1156,-1,1140,1156,1141,-1,1141,1156,1158,-1,1141,1158,1188,-1,1188,1158,1186,-1,1203,1172,1171,-1,1171,1172,1174,-1,1171,1174,1169,-1,1169,1174,1176,-1,1169,1176,1167,-1,1167,1176,1165,-1,1178,1158,1176,-1,1176,1158,1161,-1,1176,1161,1163,-1,1146,1205,1204,-1,1204,1205,1206,-1,1204,1206,1207,-1,1207,1206,1208,-1,1209,1210,1211,-1,1211,1210,1212,-1,1150,1151,1154,-1,1154,1151,1212,-1,1154,1212,1213,-1,1213,1212,1210,-1,1143,1159,1157,-1,1214,1215,1143,-1,1143,1215,1199,-1,1199,1197,1143,-1,1143,1197,1195,-1,1143,1195,1193,-1,1185,1183,1159,-1,1216,1149,1152,-1,1152,1149,1147,-1,1152,1147,1153,-1,1153,1147,1145,-1,1153,1145,1157,-1,1157,1145,1142,-1,1157,1142,1143,-1,1193,1191,1143,-1,1143,1191,1189,-1,1143,1189,1159,-1,1159,1189,1187,-1,1159,1187,1185,-1,1152,1217,1216,-1,1216,1217,1218,-1,1216,1218,1219,-1,1219,1218,1220,-1,1170,1168,1177,-1,1177,1168,1166,-1,1177,1166,1164,-1,1221,1222,1173,-1,1173,1222,1170,-1,1173,1170,1175,-1,1175,1170,1177,-1,1183,1181,1159,-1,1159,1181,1179,-1,1159,1179,1160,-1,1160,1179,1177,-1,1160,1177,1162,-1,1162,1177,1164,-1,1149,1148,1147,-1,1147,1148,1223,-1,1147,1223,1224,-1,1224,1223,1225,-1,1224,1225,1226,-1,1226,1225,1227,-1,1202,1171,1222,-1,1222,1171,1170,-1,1143,1141,1214,-1,1214,1141,1201,-1,1198,1199,1200,-1,1200,1199,1215,-1,1173,1172,1221,-1,1221,1172,1203,-1,1228,1229,1230,-1,1230,1229,1231,-1,1231,1232,1230,-1,1230,1232,1233,-1,1230,1233,1234,-1,1234,1233,1235,-1,1234,1235,1236,-1,1237,1238,1239,-1,1239,1238,1240,-1,1241,1242,1243,-1,1243,1242,1244,-1,1243,1244,1240,-1,1240,1244,1245,-1,1240,1245,1239,-1,1231,1239,1245,-1,1231,1245,1232,-1,1232,1245,1244,-1,1232,1244,1233,-1,1233,1244,1242,-1,1233,1242,1235,-1,1235,1242,1241,-1,1235,1241,1236,-1,1236,1241,1243,-1,1236,1243,1234,-1,1234,1243,1240,-1,1234,1240,1230,-1,1237,1239,1229,-1,1229,1239,1231,-1,1246,1247,1248,-1,1248,1247,1249,-1,1250,1251,1252,-1,1252,1251,1253,-1,1254,1255,1256,-1,1246,1253,1247,-1,1247,1253,1251,-1,1247,1251,1257,-1,1257,1251,1258,-1,1259,1260,1255,-1,1255,1260,1261,-1,1255,1261,1256,-1,1258,1251,1255,-1,1255,1251,1262,-1,1255,1262,1259,-1,1263,1264,1265,-1,1265,1264,1266,-1,1265,1266,1256,-1,1256,1266,1267,-1,1256,1267,1254,-1,1250,1252,1249,-1,1249,1252,1248,-1,1249,1268,1250,-1,1250,1268,1269,-1,1250,1269,1270,-1,1271,1272,1270,-1,1270,1272,1273,-1,1270,1273,1274,-1,1274,1275,1270,-1,1270,1275,1276,-1,1270,1276,1250,-1,1271,1277,1272,-1,1272,1277,1278,-1,1272,1278,1279,-1,1279,1278,1280,-1,1279,1280,1281,-1,1262,1251,1276,-1,1276,1251,1250,-1,1262,1276,1275,-1,1262,1275,1259,-1,1259,1275,1274,-1,1259,1274,1260,-1,1260,1274,1273,-1,1260,1273,1261,-1,1256,1261,1272,-1,1272,1261,1273,-1,1256,1272,1279,-1,1256,1279,1265,-1,1265,1279,1281,-1,1265,1281,1263,-1,1263,1281,1280,-1,1263,1280,1264,-1,1264,1280,1278,-1,1264,1278,1266,-1,1266,1278,1277,-1,1266,1277,1267,-1,1267,1277,1271,-1,1267,1271,1254,-1,1255,1254,1270,-1,1270,1254,1271,-1,1255,1270,1258,-1,1258,1270,1269,-1,1258,1269,1257,-1,1257,1269,1268,-1,1257,1268,1247,-1,1247,1268,1249,-1,1282,1283,1284,-1,1284,1283,1285,-1,1286,1282,1287,-1,1287,1282,1284,-1,1288,1286,1289,-1,1289,1286,1287,-1,1290,1291,1292,-1,1292,1291,1293,-1,1294,1295,1296,-1,1296,1295,1297,-1,1298,1297,1299,-1,1299,1297,1295,-1,1300,1298,1301,-1,1301,1298,1299,-1,1300,1301,1302,-1,1300,1302,1303,-1,1303,1302,1304,-1,1303,1304,1305,-1,1305,1304,1306,-1,1305,1306,1307,-1,1307,1306,1308,-1,1307,1308,1309,-1,1309,1308,1310,-1,1309,1310,1311,-1,1311,1310,1312,-1,1311,1312,1313,-1,1314,1315,1316,-1,1316,1315,1317,-1,1316,1317,1318,-1,1318,1317,1319,-1,1318,1319,1320,-1,1320,1319,1321,-1,1320,1321,1322,-1,1322,1321,1323,-1,1322,1323,1324,-1,1324,1323,1325,-1,1324,1325,1326,-1,1326,1325,1327,-1,1328,1326,1329,-1,1329,1326,1327,-1,1328,1329,1330,-1,1330,1329,1331,-1,1330,1331,1332,-1,1332,1331,1333,-1,1332,1333,1334,-1,1334,1333,1335,-1,1334,1335,1336,-1,1336,1335,1337,-1,1336,1337,1338,-1,1338,1337,1339,-1,1338,1339,1340,-1,1340,1339,1341,-1,1320,1322,1300,-1,1330,1332,1283,-1,1283,1332,1334,-1,1283,1334,1336,-1,1342,1343,1340,-1,1340,1343,1283,-1,1340,1283,1338,-1,1338,1283,1336,-1,1305,1307,1318,-1,1313,1344,1345,-1,1322,1324,1300,-1,1300,1324,1326,-1,1300,1326,1328,-1,1346,1292,1288,-1,1288,1292,1296,-1,1288,1296,1286,-1,1286,1296,1297,-1,1286,1297,1282,-1,1282,1297,1298,-1,1282,1298,1283,-1,1283,1298,1300,-1,1283,1300,1330,-1,1330,1300,1328,-1,1345,1314,1313,-1,1313,1314,1316,-1,1313,1316,1311,-1,1311,1316,1318,-1,1311,1318,1309,-1,1309,1318,1307,-1,1320,1300,1318,-1,1318,1300,1303,-1,1318,1303,1305,-1,1288,1347,1346,-1,1346,1347,1348,-1,1346,1348,1349,-1,1349,1348,1350,-1,1351,1352,1353,-1,1353,1352,1354,-1,1292,1293,1296,-1,1296,1293,1354,-1,1296,1354,1355,-1,1355,1354,1352,-1,1285,1301,1299,-1,1356,1357,1285,-1,1285,1357,1341,-1,1341,1339,1285,-1,1285,1339,1337,-1,1285,1337,1335,-1,1327,1325,1301,-1,1358,1291,1294,-1,1294,1291,1289,-1,1294,1289,1295,-1,1295,1289,1287,-1,1295,1287,1299,-1,1299,1287,1284,-1,1299,1284,1285,-1,1335,1333,1285,-1,1285,1333,1331,-1,1285,1331,1301,-1,1301,1331,1329,-1,1301,1329,1327,-1,1294,1359,1358,-1,1358,1359,1360,-1,1358,1360,1361,-1,1361,1360,1362,-1,1312,1310,1319,-1,1319,1310,1308,-1,1319,1308,1306,-1,1363,1364,1315,-1,1315,1364,1312,-1,1315,1312,1317,-1,1317,1312,1319,-1,1325,1323,1301,-1,1301,1323,1321,-1,1301,1321,1302,-1,1302,1321,1319,-1,1302,1319,1304,-1,1304,1319,1306,-1,1291,1290,1289,-1,1289,1290,1365,-1,1289,1365,1366,-1,1366,1365,1367,-1,1366,1367,1368,-1,1368,1367,1369,-1,1344,1313,1364,-1,1364,1313,1312,-1,1285,1283,1356,-1,1356,1283,1343,-1,1340,1341,1342,-1,1342,1341,1357,-1,1315,1314,1363,-1,1363,1314,1345,-1,1370,1371,1372,-1,1372,1373,1370,-1,1370,1373,1374,-1,1370,1374,1375,-1,1375,1376,1370,-1,1370,1376,1377,-1,1370,1377,1378,-1,1379,1380,1381,-1,1382,1383,1384,-1,1384,1383,1385,-1,1384,1385,1386,-1,1386,1385,1381,-1,1381,1385,1387,-1,1381,1387,1379,-1,1373,1384,1386,-1,1373,1386,1374,-1,1374,1386,1381,-1,1374,1381,1375,-1,1375,1381,1380,-1,1375,1380,1376,-1,1376,1380,1379,-1,1376,1379,1377,-1,1377,1379,1387,-1,1377,1387,1378,-1,1378,1387,1385,-1,1378,1385,1370,-1,1382,1384,1372,-1,1372,1384,1373,-1,1388,1389,1390,-1,1390,1389,1391,-1,1392,1393,1394,-1,1394,1393,1395,-1,1396,1397,1398,-1,1388,1395,1389,-1,1389,1395,1393,-1,1389,1393,1399,-1,1399,1393,1400,-1,1396,1398,1401,-1,1402,1403,1397,-1,1397,1403,1404,-1,1397,1404,1398,-1,1400,1393,1397,-1,1397,1393,1405,-1,1397,1405,1402,-1,1398,1406,1401,-1,1401,1406,1407,-1,1401,1407,1408,-1,1408,1407,1409,-1,1392,1394,1391,-1,1391,1394,1390,-1,1391,1410,1392,-1,1392,1410,1411,-1,1392,1411,1412,-1,1413,1414,1412,-1,1412,1414,1415,-1,1416,1417,1418,-1,1418,1417,1419,-1,1412,1420,1413,-1,1413,1420,1419,-1,1413,1419,1421,-1,1421,1419,1417,-1,1415,1422,1412,-1,1412,1422,1423,-1,1412,1423,1392,-1,1405,1393,1423,-1,1423,1393,1392,-1,1405,1423,1422,-1,1405,1422,1402,-1,1402,1422,1415,-1,1402,1415,1403,-1,1403,1415,1414,-1,1403,1414,1404,-1,1398,1404,1413,-1,1413,1404,1414,-1,1398,1413,1421,-1,1398,1421,1406,-1,1406,1421,1417,-1,1406,1417,1407,-1,1407,1417,1416,-1,1407,1416,1409,-1,1409,1416,1418,-1,1409,1418,1408,-1,1408,1418,1419,-1,1408,1419,1401,-1,1401,1419,1420,-1,1401,1420,1396,-1,1397,1396,1412,-1,1412,1396,1420,-1,1397,1412,1400,-1,1400,1412,1411,-1,1400,1411,1399,-1,1399,1411,1410,-1,1399,1410,1389,-1,1389,1410,1391,-1,1424,1425,1426,-1,1426,1425,1427,-1,1428,1424,1429,-1,1429,1424,1426,-1,1430,1428,1431,-1,1431,1428,1429,-1,1432,1433,1434,-1,1434,1433,1435,-1,1436,1437,1438,-1,1438,1437,1439,-1,1440,1439,1441,-1,1441,1439,1437,-1,1442,1440,1443,-1,1443,1440,1441,-1,1442,1443,1444,-1,1442,1444,1445,-1,1445,1444,1446,-1,1445,1446,1447,-1,1447,1446,1448,-1,1447,1448,1449,-1,1449,1448,1450,-1,1449,1450,1451,-1,1451,1450,1452,-1,1451,1452,1453,-1,1453,1452,1454,-1,1453,1454,1455,-1,1456,1457,1458,-1,1458,1457,1459,-1,1458,1459,1460,-1,1460,1459,1461,-1,1460,1461,1462,-1,1462,1461,1463,-1,1462,1463,1464,-1,1464,1463,1465,-1,1464,1465,1466,-1,1466,1465,1467,-1,1466,1467,1468,-1,1468,1467,1469,-1,1470,1468,1471,-1,1471,1468,1469,-1,1470,1471,1472,-1,1472,1471,1473,-1,1472,1473,1474,-1,1474,1473,1475,-1,1474,1475,1476,-1,1476,1475,1477,-1,1476,1477,1478,-1,1478,1477,1479,-1,1478,1479,1480,-1,1480,1479,1481,-1,1480,1481,1482,-1,1482,1481,1483,-1,1462,1464,1442,-1,1472,1474,1425,-1,1425,1474,1476,-1,1425,1476,1478,-1,1484,1485,1482,-1,1482,1485,1425,-1,1482,1425,1480,-1,1480,1425,1478,-1,1447,1449,1460,-1,1455,1486,1487,-1,1464,1466,1442,-1,1442,1466,1468,-1,1442,1468,1470,-1,1488,1434,1430,-1,1430,1434,1438,-1,1430,1438,1428,-1,1428,1438,1439,-1,1428,1439,1424,-1,1424,1439,1440,-1,1424,1440,1425,-1,1425,1440,1442,-1,1425,1442,1472,-1,1472,1442,1470,-1,1487,1456,1455,-1,1455,1456,1458,-1,1455,1458,1453,-1,1453,1458,1460,-1,1453,1460,1451,-1,1451,1460,1449,-1,1462,1442,1460,-1,1460,1442,1445,-1,1460,1445,1447,-1,1430,1489,1488,-1,1488,1489,1490,-1,1488,1490,1491,-1,1491,1490,1492,-1,1493,1494,1495,-1,1495,1494,1496,-1,1434,1435,1438,-1,1438,1435,1496,-1,1438,1496,1497,-1,1497,1496,1494,-1,1427,1443,1441,-1,1498,1499,1427,-1,1427,1499,1483,-1,1483,1481,1427,-1,1427,1481,1479,-1,1427,1479,1477,-1,1469,1467,1443,-1,1500,1433,1436,-1,1436,1433,1431,-1,1436,1431,1437,-1,1437,1431,1429,-1,1437,1429,1441,-1,1441,1429,1426,-1,1441,1426,1427,-1,1477,1475,1427,-1,1427,1475,1473,-1,1427,1473,1443,-1,1443,1473,1471,-1,1443,1471,1469,-1,1436,1501,1500,-1,1500,1501,1502,-1,1500,1502,1503,-1,1503,1502,1504,-1,1454,1452,1461,-1,1461,1452,1450,-1,1461,1450,1448,-1,1505,1506,1457,-1,1457,1506,1454,-1,1457,1454,1459,-1,1459,1454,1461,-1,1467,1465,1443,-1,1443,1465,1463,-1,1443,1463,1444,-1,1444,1463,1461,-1,1444,1461,1446,-1,1446,1461,1448,-1,1433,1432,1431,-1,1431,1432,1507,-1,1431,1507,1508,-1,1508,1507,1509,-1,1508,1509,1510,-1,1510,1509,1511,-1,1486,1455,1506,-1,1506,1455,1454,-1,1427,1425,1498,-1,1498,1425,1485,-1,1482,1483,1484,-1,1484,1483,1499,-1,1457,1456,1505,-1,1505,1456,1487,-1,1512,1513,1514,-1,1514,1515,1512,-1,1512,1515,1516,-1,1512,1516,1517,-1,1517,1518,1512,-1,1512,1518,1519,-1,1512,1519,1520,-1,1521,1522,1523,-1,1523,1522,1524,-1,1523,1524,1525,-1,1526,1527,1528,-1,1526,1528,1524,-1,1524,1528,1529,-1,1524,1529,1525,-1,1515,1523,1525,-1,1515,1525,1516,-1,1516,1525,1529,-1,1516,1529,1517,-1,1517,1529,1528,-1,1517,1528,1518,-1,1518,1528,1527,-1,1518,1527,1519,-1,1519,1527,1526,-1,1519,1526,1520,-1,1520,1526,1524,-1,1520,1524,1512,-1,1521,1523,1514,-1,1514,1523,1515,-1,1530,1531,1532,-1,1532,1531,1533,-1,1534,1535,1536,-1,1536,1535,1537,-1,1538,1539,1540,-1,1530,1537,1531,-1,1531,1537,1535,-1,1531,1535,1541,-1,1541,1535,1542,-1,1543,1544,1539,-1,1539,1544,1545,-1,1539,1545,1540,-1,1542,1535,1539,-1,1539,1535,1546,-1,1539,1546,1543,-1,1547,1548,1549,-1,1549,1548,1550,-1,1549,1550,1540,-1,1540,1550,1551,-1,1540,1551,1538,-1,1534,1536,1533,-1,1533,1536,1532,-1,1533,1552,1534,-1,1534,1552,1553,-1,1534,1553,1554,-1,1555,1556,1554,-1,1554,1556,1557,-1,1554,1557,1558,-1,1558,1559,1554,-1,1554,1559,1560,-1,1554,1560,1534,-1,1555,1561,1556,-1,1556,1561,1562,-1,1556,1562,1563,-1,1563,1562,1564,-1,1563,1564,1565,-1,1546,1535,1560,-1,1560,1535,1534,-1,1546,1560,1559,-1,1546,1559,1543,-1,1543,1559,1558,-1,1543,1558,1544,-1,1544,1558,1557,-1,1544,1557,1545,-1,1540,1545,1556,-1,1556,1545,1557,-1,1540,1556,1563,-1,1540,1563,1549,-1,1549,1563,1565,-1,1549,1565,1547,-1,1547,1565,1564,-1,1547,1564,1548,-1,1548,1564,1562,-1,1548,1562,1550,-1,1550,1562,1561,-1,1550,1561,1551,-1,1551,1561,1555,-1,1551,1555,1538,-1,1539,1538,1554,-1,1554,1538,1555,-1,1539,1554,1542,-1,1542,1554,1553,-1,1542,1553,1541,-1,1541,1553,1552,-1,1541,1552,1531,-1,1531,1552,1533,-1,1566,1567,1568,-1,1568,1567,1569,-1,1570,1566,1571,-1,1571,1566,1568,-1,1572,1570,1573,-1,1573,1570,1571,-1,1574,1575,1576,-1,1576,1575,1577,-1,1578,1579,1580,-1,1580,1579,1581,-1,1582,1581,1583,-1,1583,1581,1579,-1,1584,1582,1585,-1,1585,1582,1583,-1,1584,1585,1586,-1,1584,1586,1587,-1,1587,1586,1588,-1,1587,1588,1589,-1,1589,1588,1590,-1,1589,1590,1591,-1,1591,1590,1592,-1,1591,1592,1593,-1,1593,1592,1594,-1,1593,1594,1595,-1,1595,1594,1596,-1,1595,1596,1597,-1,1598,1599,1600,-1,1600,1599,1601,-1,1600,1601,1602,-1,1602,1601,1603,-1,1602,1603,1604,-1,1604,1603,1605,-1,1604,1605,1606,-1,1606,1605,1607,-1,1606,1607,1608,-1,1608,1607,1609,-1,1608,1609,1610,-1,1610,1609,1611,-1,1612,1610,1613,-1,1613,1610,1611,-1,1612,1613,1614,-1,1614,1613,1615,-1,1614,1615,1616,-1,1616,1615,1617,-1,1616,1617,1618,-1,1618,1617,1619,-1,1618,1619,1620,-1,1620,1619,1621,-1,1620,1621,1622,-1,1622,1621,1623,-1,1622,1623,1624,-1,1624,1623,1625,-1,1604,1606,1584,-1,1614,1616,1567,-1,1567,1616,1618,-1,1567,1618,1620,-1,1626,1627,1624,-1,1624,1627,1567,-1,1624,1567,1622,-1,1622,1567,1620,-1,1589,1591,1602,-1,1597,1628,1629,-1,1606,1608,1584,-1,1584,1608,1610,-1,1584,1610,1612,-1,1630,1576,1572,-1,1572,1576,1580,-1,1572,1580,1570,-1,1570,1580,1581,-1,1570,1581,1566,-1,1566,1581,1582,-1,1566,1582,1567,-1,1567,1582,1584,-1,1567,1584,1614,-1,1614,1584,1612,-1,1629,1598,1597,-1,1597,1598,1600,-1,1597,1600,1595,-1,1595,1600,1602,-1,1595,1602,1593,-1,1593,1602,1591,-1,1604,1584,1602,-1,1602,1584,1587,-1,1602,1587,1589,-1,1572,1631,1630,-1,1630,1631,1632,-1,1630,1632,1633,-1,1633,1632,1634,-1,1635,1636,1637,-1,1637,1636,1638,-1,1576,1577,1580,-1,1580,1577,1638,-1,1580,1638,1639,-1,1639,1638,1636,-1,1569,1585,1583,-1,1640,1641,1569,-1,1569,1641,1625,-1,1625,1623,1569,-1,1569,1623,1621,-1,1569,1621,1619,-1,1611,1609,1585,-1,1642,1575,1578,-1,1578,1575,1573,-1,1578,1573,1579,-1,1579,1573,1571,-1,1579,1571,1583,-1,1583,1571,1568,-1,1583,1568,1569,-1,1619,1617,1569,-1,1569,1617,1615,-1,1569,1615,1585,-1,1585,1615,1613,-1,1585,1613,1611,-1,1578,1643,1642,-1,1642,1643,1644,-1,1642,1644,1645,-1,1645,1644,1646,-1,1596,1594,1603,-1,1603,1594,1592,-1,1603,1592,1590,-1,1647,1648,1599,-1,1599,1648,1596,-1,1599,1596,1601,-1,1601,1596,1603,-1,1609,1607,1585,-1,1585,1607,1605,-1,1585,1605,1586,-1,1586,1605,1603,-1,1586,1603,1588,-1,1588,1603,1590,-1,1575,1574,1573,-1,1573,1574,1649,-1,1573,1649,1650,-1,1650,1649,1651,-1,1650,1651,1652,-1,1652,1651,1653,-1,1628,1597,1648,-1,1648,1597,1596,-1,1569,1567,1640,-1,1640,1567,1627,-1,1624,1625,1626,-1,1626,1625,1641,-1,1599,1598,1647,-1,1647,1598,1629,-1,1654,1655,1656,-1,1656,1655,1657,-1,1656,1657,1658,-1,1659,1660,1661,-1,1659,1661,1657,-1,1657,1661,1662,-1,1657,1662,1658,-1,1663,1664,1665,-1,1665,1664,1666,-1,1665,1666,1667,-1,1668,1669,1670,-1,1668,1670,1666,-1,1666,1670,1671,-1,1666,1671,1667,-1,1657,1665,1667,-1,1657,1667,1659,-1,1659,1667,1671,-1,1659,1671,1660,-1,1660,1671,1670,-1,1660,1670,1661,-1,1661,1670,1669,-1,1661,1669,1662,-1,1662,1669,1668,-1,1662,1668,1658,-1,1658,1668,1666,-1,1658,1666,1656,-1,1663,1665,1655,-1,1655,1665,1657,-1,1672,1673,1674,-1,1674,1673,1675,-1,1676,1677,1678,-1,1678,1677,1679,-1,1680,1681,1682,-1,1672,1679,1673,-1,1673,1679,1677,-1,1673,1677,1683,-1,1683,1677,1684,-1,1680,1682,1685,-1,1686,1687,1681,-1,1681,1687,1688,-1,1681,1688,1682,-1,1684,1677,1681,-1,1681,1677,1689,-1,1681,1689,1686,-1,1682,1690,1685,-1,1685,1690,1691,-1,1685,1691,1692,-1,1692,1691,1693,-1,1676,1678,1675,-1,1675,1678,1674,-1,1675,1694,1676,-1,1676,1694,1695,-1,1676,1695,1696,-1,1697,1698,1696,-1,1696,1698,1699,-1,1700,1701,1702,-1,1702,1701,1703,-1,1696,1704,1697,-1,1697,1704,1703,-1,1697,1703,1705,-1,1705,1703,1701,-1,1699,1706,1696,-1,1696,1706,1707,-1,1696,1707,1676,-1,1689,1677,1707,-1,1707,1677,1676,-1,1689,1707,1706,-1,1689,1706,1686,-1,1686,1706,1699,-1,1686,1699,1687,-1,1687,1699,1698,-1,1687,1698,1688,-1,1682,1688,1697,-1,1697,1688,1698,-1,1682,1697,1705,-1,1682,1705,1690,-1,1690,1705,1701,-1,1690,1701,1691,-1,1691,1701,1700,-1,1691,1700,1693,-1,1693,1700,1702,-1,1693,1702,1692,-1,1692,1702,1703,-1,1692,1703,1685,-1,1685,1703,1704,-1,1685,1704,1680,-1,1681,1680,1696,-1,1696,1680,1704,-1,1681,1696,1684,-1,1684,1696,1695,-1,1684,1695,1683,-1,1683,1695,1694,-1,1683,1694,1673,-1,1673,1694,1675,-1,1708,1709,1710,-1,1710,1709,1711,-1,1712,1708,1713,-1,1713,1708,1710,-1,1714,1712,1715,-1,1715,1712,1713,-1,1716,1717,1718,-1,1718,1717,1719,-1,1720,1721,1722,-1,1722,1721,1723,-1,1724,1723,1725,-1,1725,1723,1721,-1,1726,1724,1727,-1,1727,1724,1725,-1,1726,1727,1728,-1,1726,1728,1729,-1,1729,1728,1730,-1,1729,1730,1731,-1,1731,1730,1732,-1,1731,1732,1733,-1,1733,1732,1734,-1,1733,1734,1735,-1,1735,1734,1736,-1,1735,1736,1737,-1,1737,1736,1738,-1,1737,1738,1739,-1,1740,1741,1742,-1,1742,1741,1743,-1,1742,1743,1744,-1,1744,1743,1745,-1,1744,1745,1746,-1,1746,1745,1747,-1,1746,1747,1748,-1,1748,1747,1749,-1,1748,1749,1750,-1,1750,1749,1751,-1,1750,1751,1752,-1,1752,1751,1753,-1,1754,1752,1755,-1,1755,1752,1753,-1,1754,1755,1756,-1,1756,1755,1757,-1,1756,1757,1758,-1,1758,1757,1759,-1,1758,1759,1760,-1,1760,1759,1761,-1,1760,1761,1762,-1,1762,1761,1763,-1,1762,1763,1764,-1,1764,1763,1765,-1,1764,1765,1766,-1,1766,1765,1767,-1,1746,1748,1726,-1,1756,1758,1709,-1,1709,1758,1760,-1,1709,1760,1762,-1,1768,1769,1766,-1,1766,1769,1709,-1,1766,1709,1764,-1,1764,1709,1762,-1,1731,1733,1744,-1,1739,1770,1771,-1,1748,1750,1726,-1,1726,1750,1752,-1,1726,1752,1754,-1,1772,1718,1714,-1,1714,1718,1722,-1,1714,1722,1712,-1,1712,1722,1723,-1,1712,1723,1708,-1,1708,1723,1724,-1,1708,1724,1709,-1,1709,1724,1726,-1,1709,1726,1756,-1,1756,1726,1754,-1,1771,1740,1739,-1,1739,1740,1742,-1,1739,1742,1737,-1,1737,1742,1744,-1,1737,1744,1735,-1,1735,1744,1733,-1,1746,1726,1744,-1,1744,1726,1729,-1,1744,1729,1731,-1,1714,1773,1772,-1,1772,1773,1774,-1,1772,1774,1775,-1,1775,1774,1776,-1,1777,1778,1779,-1,1779,1778,1780,-1,1718,1719,1722,-1,1722,1719,1780,-1,1722,1780,1781,-1,1781,1780,1778,-1,1711,1727,1725,-1,1782,1783,1711,-1,1711,1783,1767,-1,1767,1765,1711,-1,1711,1765,1763,-1,1711,1763,1761,-1,1753,1751,1727,-1,1784,1717,1720,-1,1720,1717,1715,-1,1720,1715,1721,-1,1721,1715,1713,-1,1721,1713,1725,-1,1725,1713,1710,-1,1725,1710,1711,-1,1761,1759,1711,-1,1711,1759,1757,-1,1711,1757,1727,-1,1727,1757,1755,-1,1727,1755,1753,-1,1720,1785,1784,-1,1784,1785,1786,-1,1784,1786,1787,-1,1787,1786,1788,-1,1738,1736,1745,-1,1745,1736,1734,-1,1745,1734,1732,-1,1789,1790,1741,-1,1741,1790,1738,-1,1741,1738,1743,-1,1743,1738,1745,-1,1751,1749,1727,-1,1727,1749,1747,-1,1727,1747,1728,-1,1728,1747,1745,-1,1728,1745,1730,-1,1730,1745,1732,-1,1717,1716,1715,-1,1715,1716,1791,-1,1715,1791,1792,-1,1792,1791,1793,-1,1792,1793,1794,-1,1794,1793,1795,-1,1770,1739,1790,-1,1790,1739,1738,-1,1711,1709,1782,-1,1782,1709,1769,-1,1766,1767,1768,-1,1768,1767,1783,-1,1741,1740,1789,-1,1789,1740,1771,-1,1796,1797,1798,-1,1798,1799,1796,-1,1796,1799,1800,-1,1796,1800,1801,-1,1801,1802,1796,-1,1796,1802,1803,-1,1796,1803,1804,-1,1805,1806,1807,-1,1807,1806,1808,-1,1807,1808,1809,-1,1810,1811,1812,-1,1812,1811,1807,-1,1812,1807,1813,-1,1813,1807,1809,-1,1799,1812,1813,-1,1799,1813,1800,-1,1800,1813,1809,-1,1800,1809,1801,-1,1801,1809,1808,-1,1801,1808,1802,-1,1802,1808,1806,-1,1802,1806,1803,-1,1803,1806,1805,-1,1803,1805,1804,-1,1804,1805,1807,-1,1804,1807,1796,-1,1810,1812,1798,-1,1798,1812,1799,-1,1814,1815,1816,-1,1816,1815,1817,-1,1818,1819,1820,-1,1820,1819,1821,-1,1822,1823,1824,-1,1814,1821,1815,-1,1815,1821,1819,-1,1815,1819,1825,-1,1825,1819,1826,-1,1827,1828,1823,-1,1823,1828,1829,-1,1823,1829,1824,-1,1826,1819,1823,-1,1823,1819,1830,-1,1823,1830,1827,-1,1831,1832,1833,-1,1833,1832,1834,-1,1833,1834,1824,-1,1824,1834,1835,-1,1824,1835,1822,-1,1818,1820,1817,-1,1817,1820,1816,-1,1817,1836,1818,-1,1818,1836,1837,-1,1818,1837,1838,-1,1839,1840,1838,-1,1838,1840,1841,-1,1838,1841,1842,-1,1842,1843,1838,-1,1838,1843,1844,-1,1838,1844,1818,-1,1839,1845,1840,-1,1840,1845,1846,-1,1840,1846,1847,-1,1847,1846,1848,-1,1847,1848,1849,-1,1830,1819,1844,-1,1844,1819,1818,-1,1830,1844,1843,-1,1830,1843,1827,-1,1827,1843,1842,-1,1827,1842,1828,-1,1828,1842,1841,-1,1828,1841,1829,-1,1824,1829,1840,-1,1840,1829,1841,-1,1824,1840,1847,-1,1824,1847,1833,-1,1833,1847,1849,-1,1833,1849,1831,-1,1831,1849,1848,-1,1831,1848,1832,-1,1832,1848,1846,-1,1832,1846,1834,-1,1834,1846,1845,-1,1834,1845,1835,-1,1835,1845,1839,-1,1835,1839,1822,-1,1823,1822,1838,-1,1838,1822,1839,-1,1823,1838,1826,-1,1826,1838,1837,-1,1826,1837,1825,-1,1825,1837,1836,-1,1825,1836,1815,-1,1815,1836,1817,-1,150,152,206,-1,150,206,225,-1,225,206,209,-1,225,209,227,-1,227,209,210,-1,227,210,229,-1,229,210,208,-1,229,208,228,-1,228,208,207,-1,228,207,226,-1,226,207,148,-1,226,148,149,-1,153,151,218,-1,153,218,214,-1,214,218,221,-1,214,221,213,-1,213,221,222,-1,213,222,211,-1,211,222,220,-1,211,220,212,-1,212,220,219,-1,212,219,215,-1,215,219,154,-1,215,154,156,-1,294,296,350,-1,294,350,369,-1,369,350,353,-1,369,353,371,-1,371,353,354,-1,371,354,373,-1,373,354,352,-1,373,352,372,-1,372,352,351,-1,372,351,370,-1,370,351,292,-1,370,292,293,-1,297,295,362,-1,297,362,358,-1,358,362,365,-1,358,365,357,-1,357,365,366,-1,357,366,355,-1,355,366,364,-1,355,364,356,-1,356,364,363,-1,356,363,359,-1,359,363,298,-1,359,298,300,-1,436,438,492,-1,436,492,511,-1,511,492,495,-1,511,495,512,-1,512,495,496,-1,512,496,513,-1,513,496,494,-1,513,494,514,-1,514,494,493,-1,514,493,515,-1,515,493,434,-1,515,434,435,-1,439,437,505,-1,439,505,500,-1,500,505,508,-1,500,508,499,-1,499,508,507,-1,499,507,497,-1,497,507,506,-1,497,506,498,-1,498,506,504,-1,498,504,501,-1,501,504,440,-1,501,440,442,-1,578,580,637,-1,578,637,653,-1,653,637,634,-1,653,634,655,-1,655,634,633,-1,655,633,657,-1,657,633,632,-1,657,632,656,-1,656,632,638,-1,656,638,654,-1,654,638,576,-1,654,576,577,-1,581,579,646,-1,581,646,642,-1,642,646,649,-1,642,649,639,-1,639,649,650,-1,639,650,640,-1,640,650,648,-1,640,648,641,-1,641,648,647,-1,641,647,643,-1,643,647,582,-1,643,582,584,-1,720,722,776,-1,720,776,795,-1,795,776,779,-1,795,779,797,-1,797,779,780,-1,797,780,799,-1,799,780,778,-1,799,778,798,-1,798,778,777,-1,798,777,796,-1,796,777,718,-1,796,718,719,-1,723,721,788,-1,723,788,784,-1,784,788,791,-1,784,791,783,-1,783,791,792,-1,783,792,781,-1,781,792,790,-1,781,790,782,-1,782,790,789,-1,782,789,785,-1,785,789,724,-1,785,724,726,-1,862,864,918,-1,862,918,937,-1,937,918,921,-1,937,921,939,-1,939,921,922,-1,939,922,941,-1,941,922,920,-1,941,920,940,-1,940,920,919,-1,940,919,938,-1,938,919,860,-1,938,860,861,-1,865,863,930,-1,865,930,926,-1,926,930,933,-1,926,933,925,-1,925,933,934,-1,925,934,923,-1,923,934,932,-1,923,932,924,-1,924,932,931,-1,924,931,927,-1,927,931,866,-1,927,866,868,-1,1006,1008,1062,-1,1006,1062,1081,-1,1081,1062,1065,-1,1081,1065,1082,-1,1082,1065,1066,-1,1082,1066,1083,-1,1083,1066,1064,-1,1083,1064,1084,-1,1084,1064,1063,-1,1084,1063,1085,-1,1085,1063,1004,-1,1085,1004,1005,-1,1009,1007,1075,-1,1009,1075,1070,-1,1070,1075,1078,-1,1070,1078,1069,-1,1069,1078,1077,-1,1069,1077,1067,-1,1067,1077,1076,-1,1067,1076,1068,-1,1068,1076,1074,-1,1068,1074,1071,-1,1071,1074,1010,-1,1071,1010,1012,-1,1148,1150,1204,-1,1148,1204,1223,-1,1223,1204,1207,-1,1223,1207,1225,-1,1225,1207,1208,-1,1225,1208,1227,-1,1227,1208,1206,-1,1227,1206,1226,-1,1226,1206,1205,-1,1226,1205,1224,-1,1224,1205,1146,-1,1224,1146,1147,-1,1151,1149,1216,-1,1151,1216,1212,-1,1212,1216,1219,-1,1212,1219,1211,-1,1211,1219,1220,-1,1211,1220,1209,-1,1209,1220,1218,-1,1209,1218,1210,-1,1210,1218,1217,-1,1210,1217,1213,-1,1213,1217,1152,-1,1213,1152,1154,-1,1290,1292,1346,-1,1290,1346,1365,-1,1365,1346,1349,-1,1365,1349,1367,-1,1367,1349,1350,-1,1367,1350,1369,-1,1369,1350,1348,-1,1369,1348,1368,-1,1368,1348,1347,-1,1368,1347,1366,-1,1366,1347,1288,-1,1366,1288,1289,-1,1293,1291,1358,-1,1293,1358,1354,-1,1354,1358,1361,-1,1354,1361,1353,-1,1353,1361,1362,-1,1353,1362,1351,-1,1351,1362,1360,-1,1351,1360,1352,-1,1352,1360,1359,-1,1352,1359,1355,-1,1355,1359,1294,-1,1355,1294,1296,-1,1432,1434,1488,-1,1432,1488,1507,-1,1507,1488,1491,-1,1507,1491,1509,-1,1509,1491,1492,-1,1509,1492,1511,-1,1511,1492,1490,-1,1511,1490,1510,-1,1510,1490,1489,-1,1510,1489,1508,-1,1508,1489,1430,-1,1508,1430,1431,-1,1435,1433,1500,-1,1435,1500,1496,-1,1496,1500,1503,-1,1496,1503,1495,-1,1495,1503,1504,-1,1495,1504,1493,-1,1493,1504,1502,-1,1493,1502,1494,-1,1494,1502,1501,-1,1494,1501,1497,-1,1497,1501,1436,-1,1497,1436,1438,-1,1574,1576,1630,-1,1574,1630,1649,-1,1649,1630,1633,-1,1649,1633,1651,-1,1651,1633,1634,-1,1651,1634,1653,-1,1653,1634,1632,-1,1653,1632,1652,-1,1652,1632,1631,-1,1652,1631,1650,-1,1650,1631,1572,-1,1650,1572,1573,-1,1577,1575,1642,-1,1577,1642,1638,-1,1638,1642,1645,-1,1638,1645,1637,-1,1637,1645,1646,-1,1637,1646,1635,-1,1635,1646,1644,-1,1635,1644,1636,-1,1636,1644,1643,-1,1636,1643,1639,-1,1639,1643,1578,-1,1639,1578,1580,-1,1716,1718,1772,-1,1716,1772,1791,-1,1791,1772,1775,-1,1791,1775,1793,-1,1793,1775,1776,-1,1793,1776,1795,-1,1795,1776,1774,-1,1795,1774,1794,-1,1794,1774,1773,-1,1794,1773,1792,-1,1792,1773,1714,-1,1792,1714,1715,-1,1719,1717,1784,-1,1719,1784,1780,-1,1780,1784,1787,-1,1780,1787,1779,-1,1779,1787,1788,-1,1779,1788,1777,-1,1777,1788,1786,-1,1777,1786,1778,-1,1778,1786,1785,-1,1778,1785,1781,-1,1781,1785,1720,-1,1781,1720,1722,-1,
        ]
    }
}
Shape{
    appearance Appearance {
        material  Material 	{
            diffuseColor 1.0 0.9607843137254902 0.9058823529411765
            specularColor 0.5019607843137255 0.47843137254901963 0.45098039215686275
            ambientIntensity 0.2
            transparency 0
            shininess 0.5
        }
    }
    geometry IndexedFaceSet {
        ccw TRUE
        solid FALSE
        coord DEF co Coordinate {
            point [
                1.6339 -0.1142 1.122, 1.6339 -0.2181 1.122, -1.6339 -0.1142 1.122, -1.6339 -0.2181 1.122, -1.6339 -0.1142 1.4875, -1.6339 -0.2181 1.2795, 1.6339 -0.1142 1.4875, 1.6339 -0.2181 1.2795, 3.6614 0.5551 1.4961, 3.8386 0.5551 1.4961, 3.6614 0.5551 0.1969, 3.8386 0.5551 0.1969, 3.6614 -0.9409 1.4961, 3.5827 -0.9409 1.4961, 3.5827 -0.8228 1.4961, 3.8386 0.7126 1.4961, 3.5827 0.7126 1.4961, 3.6417 -0.8228 1.4961, 3.6417 -0.5866 1.4961, 3.5827 -0.5866 1.4961, 3.5827 -0.9409 0.3937, 3.5827 -0.9803 0.3937, 3.5827 -0.9803 0.0, 3.5827 -0.8228 0.2165, 3.5827 -0.5866 0.2165, 3.5827 0.4764 0.0, 3.5827 0.4764 0.1969, 3.5827 0.6486 0.1969, 3.5827 0.7126 0.1969, -3.8386 0.5551 1.4961, -3.8386 0.7126 1.4961, -3.6614 0.5551 1.4961, -3.5827 0.7126 1.4961, -3.5827 -0.8228 1.4961, -3.5827 -0.9409 1.4961, -3.6417 -0.8228 1.4961, -3.6614 -0.9409 1.4961, -3.6417 -0.5866 1.4961, -3.5827 -0.5866 1.4961, -3.5827 -0.5866 0.2165, -3.5827 -0.9803 0.0, -3.5827 -0.9803 0.3937, -3.5827 -0.9409 0.3937, -3.5827 -0.8228 0.2165, -3.5827 0.4764 0.0, -3.5827 0.7126 0.1969, -3.5827 0.6486 0.1969, -3.5827 0.4764 0.1969, 3.6614 -0.9409 0.3937, 3.6614 0.4764 0.1969, 3.6614 -0.9803 0.1969, 3.6614 -0.9803 0.3937, 3.6614 -0.3504 0.1969, 3.6614 0.4764 0.0, 3.6614 -0.3504 0.0, 3.6614 -0.3504 0.0
            ]
        }
        coordIndex [
            0,1,2,-1,2,1,3,-1,4,5,6,-1,6,5,7,-1,3,5,2,-1,2,5,4,-1,6,7,0,-1,0,7,1,-1,5,3,7,-1,7,3,1,-1,8,9,10,-1,10,9,11,-1,12,13,14,-1,15,9,16,-1,16,9,8,-1,14,17,12,-1,12,17,18,-1,12,18,8,-1,8,18,19,-1,8,19,16,-1,20,21,22,-1,23,14,13,-1,13,20,23,-1,23,20,22,-1,23,22,24,-1,24,22,25,-1,24,25,19,-1,19,25,26,-1,19,26,16,-1,16,26,27,-1,16,27,28,-1,29,30,31,-1,31,30,32,-1,33,34,35,-1,35,34,36,-1,35,36,37,-1,37,36,31,-1,37,31,38,-1,38,31,32,-1,39,38,32,-1,40,41,42,-1,34,33,42,-1,42,33,43,-1,42,43,40,-1,40,43,44,-1,32,45,39,-1,39,45,46,-1,39,46,43,-1,43,46,47,-1,43,47,44,-1,20,13,48,-1,48,13,12,-1,8,10,49,-1,50,51,52,-1,52,51,48,-1,53,54,49,-1,49,54,52,-1,49,52,8,-1,8,52,48,-1,8,48,12,-1,
        ]
    }
}
Shape{
    appearance Appearance {
        material  Material 	{
            diffuseColor 1.0 1.0 1.0
            specularColor 0.8784313725490196 0.8784313725490196 0.8784313725490196
            ambientIntensity 0.2
            transparency 0
            shininess 0.5
        }
    }
    geometry IndexedFaceSet {
        ccw TRUE
        solid FALSE
        coord DEF co Coordinate {
            point [
                3.6614 -0.9409 0.3937, 3.6614 -0.9803 0.3937, 3.5827 -0.9409 0.3937, 3.5827 -0.9803 0.3937, 3.8386 -0.9803 0.1969, 3.6614 -0.9803 0.1969, 3.8386 -0.3504 0.1969, 3.6614 -0.3504 0.1969, 3.8386 -0.3504 0.0, 3.6614 -0.3504 0.0, 3.6614 -0.3504 0.0
            ]
        }
        coordIndex [
            0,1,2,-1,2,1,3,-1,4,5,6,-1,6,5,7,-1,6,7,8,-1,8,7,9,-1,
        ]
    }
}
Shape{
    appearance Appearance {
        material  Material 	{
            diffuseColor 1.0 0.9607843137254902 0.9058823529411765
            specularColor 0.5019607843137255 0.47843137254901963 0.45098039215686275
            ambientIntensity 0.2
            transparency 0
            shininess 0.5
        }
    }
    geometry IndexedFaceSet {
        ccw TRUE
        solid FALSE
        coord DEF co Coordinate {
            point [
                -3.6614 -0.9409 0.3937, -3.5827 -0.9409 0.3937, -3.6614 -0.9803 0.3937, -3.5827 -0.9803 0.3937, -3.8386 -0.3504 0.0, -3.6614 -0.3504 0.0, -3.8386 -0.3504 0.1969, -3.6614 -0.3504 0.1969, -3.8386 -0.9803 0.1969, -3.6614 -0.9803 0.1969, 3.2677 -0.311 1.5945, 3.3071 -0.2717 1.5551, 3.2677 -0.0354 1.5945, 3.3071 -0.0354 1.5551, 3.6024 -0.311 1.5945, 3.563 -0.2717 1.5551, 3.6024 0.5551 1.5945, 3.563 0.5157 1.5551, 3.6024 0.2205 1.5945, 3.2677 0.5551 1.5945, -2.4754 0.5551 1.5945, -3.563 0.5157 1.5551, 2.4754 0.5551 1.5945, 2.874 0.5551 1.5945, -2.874 0.5551 1.5945, -3.2677 0.5551 1.5945, -3.6024 0.5551 1.5945, -3.6024 -0.311 1.5945, -3.563 -0.2717 1.5551, -3.6024 0.2205 1.5945, -3.2677 -0.311 1.5945, -3.3071 -0.2717 1.5551, -3.2677 -0.0354 1.5945, -3.3071 -0.0354 1.5551, -3.3071 -0.0354 1.5551
            ]
        }
        coordIndex [
            0,1,2,-1,2,1,3,-1,4,5,6,-1,6,5,7,-1,6,7,8,-1,8,7,9,-1,10,11,12,-1,12,11,13,-1,14,15,10,-1,10,15,11,-1,16,17,18,-1,18,17,15,-1,18,15,14,-1,17,16,19,-1,20,21,22,-1,22,21,17,-1,22,17,23,-1,23,17,19,-1,20,24,21,-1,21,24,25,-1,21,25,26,-1,27,28,29,-1,29,28,21,-1,29,21,26,-1,30,31,27,-1,27,31,28,-1,32,33,30,-1,30,33,31,-1,
        ]
    }
}
Shape{
    appearance Appearance {
        material  Material 	{
            diffuseColor 0.25098039215686274 0.25098039215686274 0.25098039215686274
            specularColor 0.12549019607843137 0.12549019607843137 0.12549019607843137
            ambientIntensity 0.2
            transparency 0
            shininess 0.5
        }
    }
    geometry IndexedFaceSet {
        ccw TRUE
        solid FALSE
        coord DEF co Coordinate {
            point [
                1.6479 0.0351 0.0039, 1.6263 0.0285 0.0039, 1.6479 0.101 0.0039, 1.6263 0.1098 0.0039, 1.7301 0.0645 0.0039, 1.7679 0.0553 0.0039, 1.5711 -0.0191 0.0039, 1.5711 0.0097 0.0039, 1.7369 0.0664 0.0039, 1.7439 0.0677 0.0039, 1.7679 0.0817 0.0039, 1.7439 0.0683 0.0039, 1.7369 0.0696 0.0039, 1.7301 0.0713 0.0039, 1.5711 0.1585 0.0039, 1.5711 0.1297 0.0039, 1.6263 0.1098 0.0, 1.5711 0.1297 0.0, 1.6263 0.0285 0.0, 1.5711 0.0097 0.0, 1.5711 -0.0191 0.0, 1.7679 0.0553 0.0, 1.7679 0.0817 0.0, 1.5711 0.1585 0.0, 1.7301 0.0713 0.0, 1.7369 0.0696 0.0, 1.7439 0.0683 0.0, 1.7439 0.0677 0.0, 1.7369 0.0664 0.0, 1.7301 0.0645 0.0, 1.6479 0.0351 0.0, 1.6479 0.101 0.0, 1.7679 -0.1364 0.0, 1.7679 -0.1364 0.0039, 1.7649 -0.108 0.0039, 1.7649 -0.108 0.0, 1.7568 -0.0849 0.0039, 1.7568 -0.0849 0.0, 1.7424 -0.0635 0.0039, 1.7424 -0.0635 0.0, 1.7422 -0.0633 0.0039, 1.7422 -0.0633 0.0, 1.7268 -0.0494 0.0039, 1.7268 -0.0494 0.0, 1.7096 -0.0402 0.0039, 1.7096 -0.0402 0.0, 1.69 -0.0349 0.0039, 1.69 -0.0349 0.0, 1.672 -0.0335 0.0039, 1.672 -0.0335 0.0, 1.7679 -0.192 0.0, 1.7679 -0.192 0.0039, 1.5711 -0.192 0.0, 1.5711 -0.192 0.0039, 1.5711 -0.1384 0.0, 1.5711 -0.1384 0.0039, 1.6456 -0.0363 0.0039, 1.6456 -0.0363 0.0, 1.6251 -0.0433 0.0039, 1.6251 -0.0433 0.0, 1.6077 -0.0544 0.0039, 1.6077 -0.0544 0.0, 1.5922 -0.0704 0.0039, 1.5922 -0.0704 0.0, 1.5802 -0.0908 0.0039, 1.5802 -0.0908 0.0, 1.5733 -0.1135 0.0039, 1.5733 -0.1135 0.0, 1.7187 -0.073 0.0039, 1.7289 -0.0826 0.0039, 1.7381 -0.0969 0.0039, 1.7438 -0.1132 0.0039, 1.7463 -0.1365 0.0039, 1.7463 -0.1655 0.0039, 1.5927 -0.1655 0.0039, 1.5927 -0.1376 0.0039, 1.5946 -0.1168 0.0039, 1.5998 -0.1002 0.0039, 1.6078 -0.0868 0.0039, 1.6188 -0.0756 0.0039, 1.6322 -0.0675 0.0039, 1.6479 -0.0623 0.0039, 1.6714 -0.0599 0.0039, 1.691 -0.0616 0.0039, 1.7066 -0.0662 0.0039, 1.5927 -0.1376 0.0, 1.5927 -0.1655 0.0, 1.5946 -0.1168 0.0, 1.5998 -0.1002 0.0, 1.6078 -0.0868 0.0, 1.6188 -0.0756 0.0, 1.6322 -0.0675 0.0, 1.6479 -0.0623 0.0, 1.6714 -0.0599 0.0, 1.691 -0.0616 0.0, 1.7066 -0.0662 0.0, 1.7187 -0.073 0.0, 1.7289 -0.0826 0.0, 1.7381 -0.0969 0.0, 1.7438 -0.1132 0.0, 1.7463 -0.1365 0.0, 1.7463 -0.1655 0.0, 1.7679 -0.336 0.0039, 1.7679 -0.336 0.0, 1.5711 -0.336 0.0039, 1.5711 -0.336 0.0, 1.7679 -0.2352 0.0039, 1.7679 -0.2352 0.0, 1.7463 -0.2352 0.0039, 1.7463 -0.2352 0.0, 1.7463 -0.3096 0.0039, 1.7463 -0.3096 0.0, 1.6815 -0.3096 0.0039, 1.6815 -0.3096 0.0, 1.6815 -0.24 0.0039, 1.6815 -0.24 0.0, 1.6599 -0.24 0.0039, 1.6599 -0.24 0.0, 1.6599 -0.3096 0.0039, 1.6599 -0.3096 0.0, 1.5927 -0.3096 0.0039, 1.5927 -0.3096 0.0, 1.5927 -0.2304 0.0039, 1.5927 -0.2304 0.0, 1.5711 -0.2304 0.0039, 1.5711 -0.2304 0.0, 1.7487 -0.4205 0.0, 1.7487 -0.4205 0.0039, 1.7465 -0.4399 0.0039, 1.7465 -0.4399 0.0, 1.7412 -0.4546 0.0039, 1.7412 -0.4546 0.0, 1.7321 -0.4682 0.0039, 1.7321 -0.4682 0.0, 1.719 -0.4801 0.0039, 1.719 -0.4801 0.0, 1.7038 -0.4882 0.0039, 1.7038 -0.4882 0.0, 1.6827 -0.4935 0.0039, 1.6827 -0.4935 0.0, 1.6674 -0.4944 0.0039, 1.6674 -0.4944 0.0, 1.7361 -0.3744 0.0, 1.7361 -0.3744 0.0039, 1.7456 -0.3966 0.0039, 1.7456 -0.3966 0.0, 1.7625 -0.3744 0.0, 1.7625 -0.3744 0.0039, 1.7703 -0.4207 0.0, 1.7703 -0.4207 0.0039, 1.7687 -0.3972 0.0039, 1.7687 -0.3972 0.0, 1.6658 -0.5208 0.0, 1.6658 -0.5208 0.0039, 1.6938 -0.518 0.0039, 1.6938 -0.518 0.0, 1.7161 -0.5104 0.0039, 1.7161 -0.5104 0.0, 1.7347 -0.4987 0.0039, 1.7347 -0.4987 0.0, 1.7518 -0.4808 0.0039, 1.7518 -0.4808 0.0, 1.7625 -0.4621 0.0039, 1.7625 -0.4621 0.0, 1.7687 -0.4401 0.0039, 1.7687 -0.4401 0.0, 1.5711 -0.4523 0.0, 1.5711 -0.4523 0.0039, 1.5786 -0.4736 0.0039, 1.5786 -0.4736 0.0, 1.5891 -0.4892 0.0039, 1.5891 -0.4892 0.0, 1.604 -0.5029 0.0039, 1.604 -0.5029 0.0, 1.6226 -0.5132 0.0039, 1.6226 -0.5132 0.0, 1.6439 -0.5191 0.0039, 1.6439 -0.5191 0.0, 1.5711 -0.4022 0.0, 1.5711 -0.4022 0.0039, 1.5813 -0.3744 0.0, 1.5813 -0.3744 0.0039, 1.575 -0.3879 0.0039, 1.575 -0.3879 0.0, 1.6029 -0.3744 0.0, 1.6029 -0.3744 0.0039, 1.5903 -0.4249 0.0, 1.5903 -0.4249 0.0039, 1.5932 -0.3988 0.0039, 1.5932 -0.3988 0.0, 1.6009 -0.3779 0.0039, 1.6009 -0.3779 0.0, 1.6461 -0.4924 0.0039, 1.6461 -0.4924 0.0, 1.6291 -0.4871 0.0039, 1.6291 -0.4871 0.0, 1.6155 -0.4789 0.0039, 1.6155 -0.4789 0.0, 1.6057 -0.4697 0.0039, 1.6057 -0.4697 0.0, 1.5976 -0.4576 0.0039, 1.5976 -0.4576 0.0, 1.5923 -0.4433 0.0039, 1.5923 -0.4433 0.0, 1.7679 -0.6385 0.0039, 1.7679 -0.6385 0.0, 1.5711 -0.6385 0.0039, 1.5711 -0.6385 0.0, 1.7679 -0.6121 0.0039, 1.7679 -0.6121 0.0, 1.5927 -0.6121 0.0039, 1.5927 -0.6121 0.0, 1.5927 -0.5376 0.0039, 1.5927 -0.5376 0.0, 1.5711 -0.5376 0.0039, 1.5711 -0.5376 0.0, 1.5711 -0.5376 0.0
            ]
        }
        coordIndex [
            0,1,2,-1,2,1,3,-1,4,5,0,-1,0,5,6,-1,0,6,1,-1,1,6,7,-1,4,8,5,-1,5,8,9,-1,5,9,10,-1,10,9,11,-1,10,11,12,-1,12,13,10,-1,10,13,2,-1,10,2,14,-1,14,2,3,-1,14,3,15,-1,3,16,15,-1,15,16,17,-1,1,18,3,-1,3,18,16,-1,7,19,1,-1,1,19,18,-1,6,20,7,-1,7,20,19,-1,5,21,6,-1,6,21,20,-1,10,22,5,-1,5,22,21,-1,14,23,10,-1,10,23,22,-1,14,15,23,-1,23,15,17,-1,24,13,12,-1,24,12,25,-1,25,12,11,-1,25,11,26,-1,9,27,11,-1,11,27,26,-1,27,9,8,-1,27,8,28,-1,28,8,4,-1,28,4,29,-1,0,30,4,-1,4,30,29,-1,2,31,0,-1,0,31,30,-1,24,31,13,-1,13,31,2,-1,32,33,34,-1,32,34,35,-1,35,34,36,-1,35,36,37,-1,37,36,38,-1,37,38,39,-1,39,38,40,-1,39,40,41,-1,41,40,42,-1,41,42,43,-1,43,42,44,-1,43,44,45,-1,45,44,46,-1,45,46,47,-1,47,46,48,-1,47,48,49,-1,50,51,32,-1,32,51,33,-1,52,53,50,-1,50,53,51,-1,54,55,52,-1,52,55,53,-1,49,48,56,-1,49,56,57,-1,57,56,58,-1,57,58,59,-1,59,58,60,-1,59,60,61,-1,61,60,62,-1,61,62,63,-1,63,62,64,-1,63,64,65,-1,65,64,66,-1,65,66,67,-1,67,66,55,-1,67,55,54,-1,44,42,68,-1,68,42,40,-1,68,40,69,-1,69,40,38,-1,69,38,70,-1,70,38,36,-1,70,36,71,-1,71,36,34,-1,71,34,72,-1,72,34,33,-1,72,33,73,-1,73,33,51,-1,73,51,74,-1,74,51,53,-1,74,53,75,-1,75,53,55,-1,75,55,76,-1,76,55,66,-1,76,66,77,-1,77,66,64,-1,77,64,78,-1,78,64,62,-1,78,62,79,-1,79,62,60,-1,79,60,80,-1,80,60,58,-1,80,58,81,-1,81,58,56,-1,81,56,82,-1,82,56,48,-1,82,48,83,-1,83,48,46,-1,83,46,84,-1,84,46,44,-1,84,44,68,-1,75,85,74,-1,74,85,86,-1,85,75,76,-1,85,76,87,-1,87,76,77,-1,87,77,88,-1,88,77,78,-1,88,78,89,-1,89,78,79,-1,89,79,90,-1,90,79,80,-1,90,80,91,-1,91,80,81,-1,91,81,92,-1,92,81,82,-1,92,82,93,-1,93,82,83,-1,93,83,94,-1,94,83,84,-1,94,84,95,-1,95,84,68,-1,95,68,96,-1,96,68,69,-1,96,69,97,-1,97,69,70,-1,97,70,98,-1,98,70,71,-1,98,71,99,-1,99,71,72,-1,99,72,100,-1,73,101,72,-1,72,101,100,-1,86,101,74,-1,74,101,73,-1,102,103,104,-1,104,103,105,-1,106,107,102,-1,102,107,103,-1,108,109,106,-1,106,109,107,-1,110,111,108,-1,108,111,109,-1,112,113,110,-1,110,113,111,-1,114,115,112,-1,112,115,113,-1,116,117,114,-1,114,117,115,-1,118,119,116,-1,116,119,117,-1,120,121,118,-1,118,121,119,-1,122,123,120,-1,120,123,121,-1,124,125,122,-1,122,125,123,-1,124,104,125,-1,125,104,105,-1,124,122,104,-1,104,122,120,-1,116,114,118,-1,118,114,112,-1,108,106,110,-1,110,106,102,-1,110,102,112,-1,112,102,104,-1,112,104,118,-1,118,104,120,-1,126,127,128,-1,126,128,129,-1,129,128,130,-1,129,130,131,-1,131,130,132,-1,131,132,133,-1,133,132,134,-1,133,134,135,-1,135,134,136,-1,135,136,137,-1,137,136,138,-1,137,138,139,-1,139,138,140,-1,139,140,141,-1,142,143,144,-1,142,144,145,-1,145,144,127,-1,145,127,126,-1,146,147,142,-1,142,147,143,-1,148,149,150,-1,148,150,151,-1,151,150,147,-1,151,147,146,-1,152,153,154,-1,152,154,155,-1,155,154,156,-1,155,156,157,-1,157,156,158,-1,157,158,159,-1,159,158,160,-1,159,160,161,-1,161,160,162,-1,161,162,163,-1,163,162,164,-1,163,164,165,-1,165,164,149,-1,165,149,148,-1,166,167,168,-1,166,168,169,-1,169,168,170,-1,169,170,171,-1,171,170,172,-1,171,172,173,-1,173,172,174,-1,173,174,175,-1,175,174,176,-1,175,176,177,-1,177,176,153,-1,177,153,152,-1,178,179,166,-1,166,179,167,-1,180,181,182,-1,180,182,183,-1,183,182,179,-1,183,179,178,-1,184,185,180,-1,180,185,181,-1,186,187,188,-1,186,188,189,-1,189,188,190,-1,189,190,191,-1,191,190,185,-1,191,185,184,-1,141,140,192,-1,141,192,193,-1,193,192,194,-1,193,194,195,-1,195,194,196,-1,195,196,197,-1,197,196,198,-1,197,198,199,-1,199,198,200,-1,199,200,201,-1,201,200,202,-1,201,202,203,-1,203,202,187,-1,203,187,186,-1,143,147,144,-1,144,147,150,-1,144,150,127,-1,127,150,149,-1,127,149,128,-1,128,149,164,-1,128,164,130,-1,130,164,162,-1,130,162,132,-1,132,162,160,-1,132,160,134,-1,134,160,158,-1,134,158,136,-1,136,158,156,-1,136,156,138,-1,138,156,154,-1,138,154,140,-1,140,154,153,-1,140,153,192,-1,192,153,176,-1,192,176,194,-1,194,176,174,-1,194,174,196,-1,196,174,172,-1,196,172,198,-1,198,172,170,-1,198,170,200,-1,200,170,168,-1,200,168,202,-1,202,168,167,-1,202,167,187,-1,187,167,179,-1,187,179,188,-1,188,179,182,-1,188,182,190,-1,190,182,181,-1,190,181,185,-1,204,205,206,-1,206,205,207,-1,208,209,204,-1,204,209,205,-1,210,211,208,-1,208,211,209,-1,212,213,210,-1,210,213,211,-1,214,215,212,-1,212,215,213,-1,214,206,215,-1,215,206,207,-1,208,204,210,-1,210,204,206,-1,210,206,212,-1,212,206,214,-1,
        ]
    }
}
Shape{
    appearance Appearance {
        material  Material 	{
            diffuseColor 1.0 0.9607843137254902 0.9058823529411765
            specularColor 0.5019607843137255 0.47843137254901963 0.45098039215686275
            ambientIntensity 0.2
            transparency 0
            shininess 0.5
        }
    }
    geometry IndexedFaceSet {
        ccw TRUE
        solid FALSE
        coord DEF co Coordinate {
            point [
                1.6479 0.0351 0.0, 1.6479 0.101 0.0, 1.7301 0.0645 0.0, 1.7301 0.0713 0.0, 1.7369 0.0664 0.0, 1.7369 0.0696 0.0, 1.7439 0.0677 0.0, 1.7439 0.0683 0.0, 1.7463 -0.1655 0.0, 1.5927 -0.1655 0.0, 1.7463 -0.1365 0.0, 1.5927 -0.1376 0.0, 1.6479 -0.0623 0.0, 1.6714 -0.0599 0.0, 1.691 -0.0616 0.0, 1.7066 -0.0662 0.0, 1.7438 -0.1132 0.0, 1.5946 -0.1168 0.0, 1.5998 -0.1002 0.0, 1.6078 -0.0868 0.0, 1.7187 -0.073 0.0, 1.7289 -0.0826 0.0, 1.7381 -0.0969 0.0, 1.6188 -0.0756 0.0, 1.6322 -0.0675 0.0, -2.9331 -0.5866 0.2165, -2.9331 -0.5866 1.5945, -2.9636 -0.5826 1.5945, -2.9636 -0.5826 0.2165, -2.9921 -0.5708 1.5945, -2.9921 -0.5708 0.2165, -3.0166 -0.552 1.5945, -3.0166 -0.552 0.2165, -3.0354 -0.5276 1.5945, -3.0354 -0.5276 0.2165, -3.0472 -0.4991 1.5945, -3.0472 -0.4991 0.2165, -3.0512 -0.4685 1.5945, -3.0512 -0.4685 0.2165, 3.0512 -0.4685 0.2165, 3.0512 -0.4685 1.5945, 3.0472 -0.4991 1.5945, 3.0472 -0.4991 0.2165, 3.0354 -0.5276 1.5945, 3.0354 -0.5276 0.2165, 3.0166 -0.552 1.5945, 3.0166 -0.552 0.2165, 2.9921 -0.5708 1.5945, 2.9921 -0.5708 0.2165, 2.9636 -0.5826 1.5945, 2.9636 -0.5826 0.2165, 2.9331 -0.5866 1.5945, 2.9331 -0.5866 0.2165, 2.9331 -0.5866 0.2165
            ]
        }
        coordIndex [
            0,1,2,-1,2,1,3,-1,2,3,4,-1,4,3,5,-1,4,5,6,-1,6,5,7,-1,8,9,10,-1,10,9,11,-1,12,13,10,-1,13,14,10,-1,10,14,15,-1,10,15,16,-1,11,17,10,-1,10,17,18,-1,10,18,19,-1,20,21,15,-1,15,21,22,-1,15,22,16,-1,19,23,10,-1,10,23,24,-1,10,24,12,-1,25,26,27,-1,25,27,28,-1,28,27,29,-1,28,29,30,-1,30,29,31,-1,30,31,32,-1,32,31,33,-1,32,33,34,-1,34,33,35,-1,34,35,36,-1,36,35,37,-1,36,37,38,-1,39,40,41,-1,39,41,42,-1,42,41,43,-1,42,43,44,-1,44,43,45,-1,44,45,46,-1,46,45,47,-1,46,47,48,-1,48,47,49,-1,48,49,50,-1,50,49,51,-1,50,51,52,-1,
        ]
    }
}
Shape{
    appearance Appearance {
        material  Material 	{
            diffuseColor 0.0 0.0 0.0
            specularColor 0.0 0.0 0.0
            ambientIntensity 0.2
            transparency 0
            shininess 0.5
        }
    }
    geometry IndexedFaceSet {
        ccw TRUE
        solid FALSE
        coord DEF co Coordinate {
            point [
                -0.0237 -0.9843 0.4882, -0.0237 -0.9843 0.4791, -0.0237 -0.9803 0.4882, -0.0237 -0.9803 0.4791, -0.0556 -0.9843 0.4882, -0.0556 -0.9803 0.4882, -0.0556 -0.9843 0.5592, -0.0556 -0.9803 0.5592, -0.0659 -0.9843 0.5592, -0.0659 -0.9803 0.5592, -0.0659 -0.9843 0.4791, -0.0659 -0.9803 0.4791, 0.0174 -0.9843 0.4777, 0.0174 -0.9803 0.4777, 0.0298 -0.9803 0.4789, 0.0361 -0.9803 0.4811, 0.0383 -0.9843 0.4818, 0.0298 -0.9843 0.4789, 0.0383 -0.9803 0.4818, 0.0396 -0.9803 0.4824, 0.0396 -0.9843 0.4824, 0.0396 -0.9843 0.4923, 0.0396 -0.9803 0.4923, 0.0361 -0.9803 0.4908, 0.0314 -0.9843 0.4887, 0.0314 -0.9803 0.4887, 0.0222 -0.9803 0.4871, 0.0222 -0.9843 0.4871, 0.0189 -0.9803 0.487, 0.0189 -0.9843 0.487, 0.0114 -0.9803 0.4878, 0.0114 -0.9843 0.4878, 0.0056 -0.9803 0.4899, 0.0056 -0.9843 0.4899, 0.0003 -0.9803 0.4935, 0.0003 -0.9843 0.4935, -0.0017 -0.9803 0.4954, -0.0017 -0.9843 0.4954, -0.0058 -0.9803 0.5011, -0.0058 -0.9843 0.5011, -0.0083 -0.9803 0.5076, -0.0083 -0.9843 0.5076, -0.0095 -0.9803 0.5175, -0.0095 -0.9843 0.5175, -0.0095 -0.9803 0.5182, -0.0095 -0.9843 0.5182, -0.0084 -0.9803 0.5287, -0.0084 -0.9843 0.5287, -0.0058 -0.9803 0.5358, -0.0058 -0.9843 0.5358, -0.002 -0.9803 0.5414, -0.002 -0.9843 0.5414, -0.0011 -0.9803 0.5423, -0.0011 -0.9843 0.5423, 0.004 -0.9803 0.5466, 0.004 -0.9843 0.5466, 0.0102 -0.9803 0.5496, 0.0102 -0.9843 0.5496, 0.0171 -0.9803 0.551, 0.0171 -0.9843 0.551, 0.0207 -0.9803 0.5512, 0.0207 -0.9843 0.5512, 0.0306 -0.9843 0.55, 0.0306 -0.9803 0.55, 0.0396 -0.9843 0.5464, 0.0361 -0.9803 0.5478, 0.0396 -0.9803 0.5464, 0.0396 -0.9843 0.5572, 0.0396 -0.9803 0.5572, 0.0206 -0.9803 0.5605, 0.0206 -0.9843 0.5605, 0.0213 -0.9843 0.5605, 0.0361 -0.9803 0.5583, 0.0317 -0.9843 0.5596, 0.0317 -0.9803 0.5596, 0.0288 -0.9803 0.5598, 0.0213 -0.9803 0.5605, 0.0099 -0.9843 0.5593, 0.0145 -0.9803 0.5598, 0.0099 -0.9803 0.5593, 0.0014 -0.9803 0.5562, 0.0014 -0.9843 0.5562, -0.0065 -0.9803 0.5509, -0.0065 -0.9843 0.5509, -0.0088 -0.9803 0.5487, -0.0088 -0.9843 0.5487, -0.0146 -0.9803 0.5411, -0.0168 -0.9803 0.536, -0.0184 -0.9843 0.5322, -0.0146 -0.9843 0.5411, -0.0184 -0.9803 0.5322, -0.0203 -0.9803 0.5218, -0.0203 -0.9843 0.5218, -0.0204 -0.9803 0.5176, -0.0204 -0.9843 0.5176, -0.0192 -0.9803 0.5061, -0.0192 -0.9843 0.5061, -0.0168 -0.9803 0.4993, -0.0162 -0.9843 0.4974, -0.0162 -0.9803 0.4974, -0.0116 -0.9803 0.4904, -0.0116 -0.9843 0.4904, -0.0101 -0.9803 0.4887, -0.0101 -0.9843 0.4887, -0.0041 -0.9803 0.4836, -0.0041 -0.9843 0.4836, 0.0034 -0.9803 0.4799, 0.0034 -0.9843 0.4799, 0.012 -0.9803 0.478, 0.012 -0.9843 0.478, 0.0986 -0.9843 0.4882, 0.0986 -0.9843 0.4791, 0.0986 -0.9803 0.4882, 0.0986 -0.9803 0.4791, 0.0659 -0.9803 0.4882, 0.0659 -0.9843 0.4882, 0.0875 -0.9803 0.4882, 0.0659 -0.9843 0.5152, 0.0659 -0.9803 0.5152, 0.0945 -0.9843 0.5152, 0.0875 -0.9803 0.5152, 0.0945 -0.9803 0.5152, 0.0945 -0.9843 0.5243, 0.0945 -0.9803 0.5243, 0.0659 -0.9803 0.5243, 0.0659 -0.9843 0.5243, 0.0875 -0.9803 0.5243, 0.0659 -0.9843 0.55, 0.0659 -0.9803 0.55, 0.0968 -0.9843 0.55, 0.0875 -0.9803 0.55, 0.0968 -0.9803 0.55, 0.0968 -0.9843 0.5592, 0.0968 -0.9803 0.5592, 0.0556 -0.9803 0.5592, 0.0556 -0.9843 0.5592, 0.0875 -0.9803 0.5592, 0.0556 -0.9843 0.4791, 0.0556 -0.9803 0.4791, 0.0875 -0.9803 0.4791, 0.1615 -0.9843 0.5402, 0.17 -0.9843 0.5454, 0.1593 -0.9843 0.5424, 0.1669 -0.9843 0.5486, 0.1532 -0.9843 0.5465, 0.1588 -0.9843 0.5541, 0.1461 -0.9843 0.5489, 0.1491 -0.9843 0.5577, 0.1362 -0.9843 0.55, 0.1366 -0.9843 0.5592, 0.1241 -0.9843 0.55, 0.1138 -0.9843 0.5592, 0.1241 -0.9843 0.4882, 0.1138 -0.9843 0.4791, 0.1357 -0.9843 0.4882, 0.1358 -0.9843 0.4791, 0.1463 -0.9843 0.4894, 0.1475 -0.9843 0.4803, 0.153 -0.9843 0.4919, 0.157 -0.9843 0.4835, 0.1583 -0.9843 0.4954, 0.1649 -0.9843 0.4886, 0.1595 -0.9843 0.4966, 0.1669 -0.9843 0.4903, 0.1637 -0.9843 0.5018, 0.1729 -0.9843 0.4975, 0.1664 -0.9843 0.5079, 0.1768 -0.9843 0.5058, 0.1679 -0.9843 0.5153, 0.1787 -0.9843 0.5152, 0.1681 -0.9843 0.5199, 0.179 -0.9843 0.5202, 0.1669 -0.9843 0.5299, 0.1778 -0.9843 0.5306, 0.1646 -0.9843 0.5357, 0.1749 -0.9843 0.5383, 0.1358 -0.9803 0.4791, 0.1138 -0.9803 0.4791, 0.1475 -0.9803 0.4803, 0.157 -0.9803 0.4835, 0.1649 -0.9803 0.4886, 0.1669 -0.9803 0.4903, 0.1729 -0.9803 0.4975, 0.1768 -0.9803 0.5058, 0.1787 -0.9803 0.5152, 0.179 -0.9803 0.5202, 0.1778 -0.9803 0.5306, 0.1749 -0.9803 0.5383, 0.17 -0.9803 0.5454, 0.1669 -0.9803 0.5486, 0.1588 -0.9803 0.5541, 0.1491 -0.9803 0.5577, 0.1366 -0.9803 0.5592, 0.1138 -0.9803 0.5592, 0.1362 -0.9803 0.55, 0.1241 -0.9803 0.55, 0.1241 -0.9803 0.4882, 0.1357 -0.9803 0.4882, 0.1595 -0.9803 0.4966, 0.1583 -0.9803 0.4954, 0.153 -0.9803 0.4919, 0.1463 -0.9803 0.4894, 0.1681 -0.9803 0.5199, 0.1679 -0.9803 0.5153, 0.1664 -0.9803 0.5079, 0.1637 -0.9803 0.5018, 0.1593 -0.9803 0.5424, 0.1615 -0.9803 0.5402, 0.1646 -0.9803 0.5357, 0.1669 -0.9803 0.5299, 0.1461 -0.9803 0.5489, 0.1532 -0.9803 0.5465, 0.1532 -0.9803 0.5465
            ]
        }
        coordIndex [
            0,1,2,-1,2,1,3,-1,4,0,5,-1,5,0,2,-1,6,4,7,-1,7,4,5,-1,8,6,9,-1,9,6,7,-1,10,8,11,-1,11,8,9,-1,1,10,3,-1,3,10,11,-1,6,8,4,-1,4,8,10,-1,4,10,0,-1,0,10,1,-1,12,13,14,-1,15,16,14,-1,14,16,17,-1,14,17,12,-1,15,18,16,-1,16,18,19,-1,16,19,20,-1,21,20,22,-1,22,20,19,-1,21,22,23,-1,21,23,24,-1,23,25,24,-1,24,25,26,-1,24,26,27,-1,27,26,28,-1,27,28,29,-1,29,28,30,-1,29,30,31,-1,31,30,32,-1,31,32,33,-1,33,32,34,-1,33,34,35,-1,35,34,36,-1,35,36,37,-1,37,36,38,-1,37,38,39,-1,39,38,40,-1,39,40,41,-1,41,40,42,-1,41,42,43,-1,43,42,44,-1,43,44,45,-1,45,44,46,-1,45,46,47,-1,47,46,48,-1,47,48,49,-1,49,48,50,-1,49,50,51,-1,51,50,52,-1,51,52,53,-1,53,52,54,-1,53,54,55,-1,55,54,56,-1,55,56,57,-1,57,56,58,-1,57,58,59,-1,59,58,60,-1,59,60,61,-1,62,61,63,-1,63,61,60,-1,62,63,64,-1,64,63,65,-1,64,65,66,-1,67,64,68,-1,68,64,66,-1,69,70,71,-1,67,68,72,-1,67,72,73,-1,72,74,73,-1,73,74,75,-1,73,75,71,-1,71,75,76,-1,71,76,69,-1,70,69,77,-1,77,69,78,-1,78,79,77,-1,77,79,80,-1,77,80,81,-1,81,80,82,-1,81,82,83,-1,83,82,84,-1,83,84,85,-1,85,84,86,-1,87,88,86,-1,86,88,89,-1,86,89,85,-1,87,90,88,-1,88,90,91,-1,88,91,92,-1,92,91,93,-1,92,93,94,-1,94,93,95,-1,94,95,96,-1,96,95,97,-1,96,97,98,-1,97,99,98,-1,98,99,100,-1,98,100,101,-1,101,100,102,-1,101,102,103,-1,103,102,104,-1,103,104,105,-1,105,104,106,-1,105,106,107,-1,107,106,108,-1,107,108,109,-1,109,108,13,-1,109,13,12,-1,39,41,96,-1,96,41,94,-1,64,67,62,-1,62,67,73,-1,62,73,61,-1,61,73,71,-1,61,71,59,-1,59,71,70,-1,59,70,57,-1,57,70,77,-1,57,77,55,-1,85,53,83,-1,83,53,55,-1,83,55,81,-1,81,55,77,-1,20,21,16,-1,16,21,24,-1,16,24,17,-1,17,24,12,-1,41,43,94,-1,94,43,45,-1,94,45,92,-1,92,45,47,-1,92,47,88,-1,88,47,89,-1,89,47,49,-1,89,49,85,-1,85,49,51,-1,85,51,53,-1,96,98,39,-1,39,98,101,-1,39,101,37,-1,37,101,103,-1,37,103,35,-1,35,103,105,-1,35,105,33,-1,33,105,107,-1,33,107,31,-1,31,107,109,-1,31,109,29,-1,29,109,12,-1,29,12,27,-1,27,12,24,-1,110,111,112,-1,112,111,113,-1,114,115,116,-1,116,115,110,-1,116,110,112,-1,117,115,118,-1,118,115,114,-1,117,118,119,-1,119,118,120,-1,119,120,121,-1,122,119,123,-1,123,119,121,-1,124,125,126,-1,126,125,122,-1,126,122,123,-1,127,125,128,-1,128,125,124,-1,127,128,129,-1,129,128,130,-1,129,130,131,-1,132,129,133,-1,133,129,131,-1,134,135,136,-1,136,135,132,-1,136,132,133,-1,137,135,138,-1,138,135,134,-1,137,138,111,-1,111,138,139,-1,111,139,113,-1,137,111,110,-1,110,115,137,-1,137,115,117,-1,137,117,135,-1,129,132,127,-1,127,132,135,-1,127,135,125,-1,125,135,117,-1,125,117,122,-1,122,117,119,-1,140,141,142,-1,142,141,143,-1,142,143,144,-1,144,143,145,-1,144,145,146,-1,146,145,147,-1,146,147,148,-1,148,147,149,-1,148,149,150,-1,150,149,151,-1,150,151,152,-1,152,151,153,-1,152,153,154,-1,154,153,155,-1,154,155,156,-1,156,155,157,-1,156,157,158,-1,158,157,159,-1,158,159,160,-1,160,159,161,-1,160,161,162,-1,162,161,163,-1,162,163,164,-1,164,163,165,-1,164,165,166,-1,166,165,167,-1,166,167,168,-1,168,167,169,-1,168,169,170,-1,170,169,171,-1,170,171,172,-1,172,171,173,-1,172,173,174,-1,174,173,175,-1,174,175,140,-1,140,175,141,-1,155,153,176,-1,176,153,177,-1,155,176,178,-1,155,178,157,-1,157,178,179,-1,157,179,159,-1,159,179,180,-1,159,180,161,-1,161,180,181,-1,161,181,163,-1,163,181,182,-1,163,182,165,-1,165,182,183,-1,165,183,167,-1,167,183,184,-1,167,184,169,-1,169,184,185,-1,169,185,171,-1,171,185,186,-1,171,186,173,-1,173,186,187,-1,173,187,175,-1,175,187,188,-1,175,188,141,-1,141,188,189,-1,141,189,143,-1,143,189,190,-1,143,190,145,-1,145,190,191,-1,145,191,147,-1,147,191,192,-1,147,192,149,-1,151,149,193,-1,193,149,192,-1,153,151,177,-1,177,151,193,-1,148,150,194,-1,194,150,195,-1,150,152,195,-1,195,152,196,-1,152,154,196,-1,196,154,197,-1,162,198,199,-1,162,199,160,-1,160,199,200,-1,160,200,158,-1,158,200,201,-1,158,201,156,-1,156,201,197,-1,156,197,154,-1,170,202,203,-1,170,203,168,-1,168,203,204,-1,168,204,166,-1,166,204,205,-1,166,205,164,-1,164,205,198,-1,164,198,162,-1,142,206,207,-1,142,207,140,-1,140,207,208,-1,140,208,174,-1,174,208,209,-1,174,209,172,-1,172,209,202,-1,172,202,170,-1,148,194,210,-1,148,210,146,-1,146,210,211,-1,146,211,144,-1,144,211,206,-1,144,206,142,-1,
        ]
    }
}
Shape{
    appearance Appearance {
        material  Material 	{
            diffuseColor 1.0 0.9607843137254902 0.9058823529411765
            specularColor 0.5019607843137255 0.47843137254901963 0.45098039215686275
            ambientIntensity 0.2
            transparency 0
            shininess 0.5
        }
    }
    geometry IndexedFaceSet {
        ccw TRUE
        solid FALSE
        coord DEF co Coordinate {
            point [
                0.1241 -0.9803 0.55, 0.1241 -0.9803 0.4882, 0.1362 -0.9803 0.55, 0.1357 -0.9803 0.4882, 0.1583 -0.9803 0.4954, 0.1595 -0.9803 0.4966, 0.1463 -0.9803 0.4894, 0.153 -0.9803 0.4919, 0.1637 -0.9803 0.5018, 0.1664 -0.9803 0.5079, 0.1679 -0.9803 0.5153, 0.1681 -0.9803 0.5199, 0.1669 -0.9803 0.5299, 0.1646 -0.9803 0.5357, 0.1615 -0.9803 0.5402, 0.1593 -0.9803 0.5424, 0.1461 -0.9803 0.5489, 0.1532 -0.9803 0.5465, 0.1532 -0.9803 0.5465
            ]
        }
        coordIndex [
            0,1,2,-1,2,1,3,-1,2,4,5,-1,3,6,2,-1,2,6,7,-1,2,7,4,-1,5,8,2,-1,2,8,9,-1,2,9,10,-1,10,11,2,-1,2,11,12,-1,2,12,13,-1,13,14,2,-1,2,14,15,-1,2,15,16,-1,16,15,17,-1,
        ]
    }
}
Shape{
    appearance Appearance {
        material  Material 	{
            diffuseColor 0.0 0.0 0.0
            specularColor 0.0 0.0 0.0
            ambientIntensity 0.2
            transparency 0
            shininess 0.5
        }
    }
    geometry IndexedFaceSet {
        ccw TRUE
        solid FALSE
        coord DEF co Coordinate {
            point [
                0.2058 -0.9843 0.51, 0.2025 -0.9843 0.501, 0.2327 -0.9843 0.51, 0.2359 -0.9843 0.501, 0.2178 -0.9843 0.5433, 0.2139 -0.9843 0.5592, 0.1834 -0.9843 0.4791, 0.1948 -0.9843 0.4791, 0.2185 -0.9843 0.5457, 0.2191 -0.9843 0.5489, 0.2249 -0.9843 0.5592, 0.2193 -0.9843 0.5489, 0.22 -0.9843 0.5455, 0.2206 -0.9843 0.5433, 0.2554 -0.9843 0.4791, 0.244 -0.9843 0.4791, 0.2249 -0.9803 0.5592, 0.2554 -0.9803 0.4791, 0.2139 -0.9803 0.5592, 0.1834 -0.9803 0.4791, 0.2065 -0.9803 0.5397, 0.1948 -0.9803 0.4791, 0.2025 -0.9803 0.501, 0.2359 -0.9803 0.501, 0.2065 -0.9803 0.501, 0.244 -0.9803 0.4791, 0.2058 -0.9803 0.51, 0.2327 -0.9803 0.51, 0.2206 -0.9803 0.5433, 0.2193 -0.9803 0.5489, 0.22 -0.9803 0.5455, 0.2191 -0.9803 0.5489, 0.2178 -0.9803 0.5433, 0.2185 -0.9803 0.5457, 0.2185 -0.9803 0.5457
            ]
        }
        coordIndex [
            0,1,2,-1,2,1,3,-1,4,5,0,-1,0,5,6,-1,0,6,1,-1,1,6,7,-1,4,8,5,-1,5,8,9,-1,5,9,10,-1,10,9,11,-1,10,11,12,-1,12,13,10,-1,10,13,2,-1,10,2,14,-1,14,2,3,-1,14,3,15,-1,10,14,16,-1,16,14,17,-1,5,10,18,-1,18,10,16,-1,19,6,20,-1,20,6,5,-1,20,5,18,-1,7,6,21,-1,21,6,19,-1,1,7,22,-1,22,7,21,-1,23,3,24,-1,24,3,1,-1,24,1,22,-1,15,3,25,-1,25,3,23,-1,14,15,17,-1,17,15,25,-1,0,2,26,-1,26,2,27,-1,2,13,27,-1,27,13,28,-1,11,29,30,-1,11,30,12,-1,12,30,28,-1,12,28,13,-1,11,9,29,-1,29,9,31,-1,4,32,33,-1,4,33,8,-1,8,33,31,-1,8,31,9,-1,4,0,32,-1,32,0,26,-1,
        ]
    }
}
Shape{
    appearance Appearance {
        material  Material 	{
            diffuseColor 1.0 0.9607843137254902 0.9058823529411765
            specularColor 0.5019607843137255 0.47843137254901963 0.45098039215686275
            ambientIntensity 0.2
            transparency 0
            shininess 0.5
        }
    }
    geometry IndexedFaceSet {
        ccw TRUE
        solid FALSE
        coord DEF co Coordinate {
            point [
                0.2193 -0.9803 0.5489, 0.2191 -0.9803 0.5489, 0.22 -0.9803 0.5455, 0.2185 -0.9803 0.5457, 0.2206 -0.9803 0.5433, 0.2178 -0.9803 0.5433, 0.2327 -0.9803 0.51, 0.2058 -0.9803 0.51, 0.2058 -0.9803 0.51
            ]
        }
        coordIndex [
            0,1,2,-1,2,1,3,-1,2,3,4,-1,4,3,5,-1,4,5,6,-1,6,5,7,-1,
        ]
    }
}
Shape{
    appearance Appearance {
        material  Material 	{
            diffuseColor 0.0 0.0 0.0
            specularColor 0.0 0.0 0.0
            ambientIntensity 0.2
            transparency 0
            shininess 0.5
        }
    }
    geometry IndexedFaceSet {
        ccw TRUE
        solid FALSE
        coord DEF co Coordinate {
            point [
                -0.0228 -0.9843 0.3612, -0.0228 -0.9843 0.3521, -0.0228 -0.9803 0.3612, -0.0228 -0.9803 0.3521, -0.0556 -0.9843 0.3612, -0.0556 -0.9803 0.3612, -0.0556 -0.9843 0.3881, -0.0556 -0.9803 0.3881, -0.0269 -0.9843 0.3881, -0.0269 -0.9803 0.3881, -0.0269 -0.9843 0.3973, -0.0269 -0.9803 0.3973, -0.0556 -0.9843 0.3973, -0.0556 -0.9803 0.3973, -0.0556 -0.9843 0.4229, -0.0556 -0.9803 0.4229, -0.0247 -0.9843 0.4229, -0.0247 -0.9803 0.4229, -0.0247 -0.9843 0.4321, -0.0247 -0.9803 0.4321, -0.0659 -0.9843 0.4321, -0.0659 -0.9803 0.4321, -0.0659 -0.9843 0.3521, -0.0659 -0.9803 0.3521, -0.0018 -0.9843 0.3842, 0.0011 -0.9843 0.3766, 0.0037 -0.9843 0.3777, 0.0224 -0.9843 0.3609, 0.0227 -0.9843 0.3609, 0.022 -0.9843 0.3701, 0.0227 -0.9843 0.3746, 0.0327 -0.9843 0.3889, 0.0227 -0.9843 0.3753, 0.0227 -0.9843 0.3808, 0.0227 -0.9843 0.3521, 0.0327 -0.9843 0.3521, 0.0057 -0.9843 0.386, 0.0093 -0.9843 0.379, 0.0227 -0.9843 0.3884, 0.0223 -0.9843 0.3929, 0.0319 -0.9843 0.3965, 0.0213 -0.9843 0.3964, 0.0304 -0.9843 0.401, 0.0201 -0.9843 0.3985, 0.0283 -0.9843 0.4043, 0.0186 -0.9843 0.4001, 0.0256 -0.9843 0.4068, 0.0168 -0.9843 0.4013, 0.0223 -0.9843 0.4087, 0.0145 -0.9843 0.4021, 0.0181 -0.9843 0.41, 0.0111 -0.9843 0.4024, 0.012 -0.9843 0.4106, 0.005 -0.9843 0.4018, 0.0021 -0.9843 0.4094, -0.0012 -0.9843 0.3996, -0.0054 -0.9843 0.4065, -0.0076 -0.9843 0.3955, -0.0076 -0.9843 0.4052, 0.0206 -0.9843 0.3666, 0.0184 -0.9843 0.3636, 0.0209 -0.9843 0.3585, 0.0171 -0.9843 0.3624, 0.0177 -0.9843 0.3551, 0.0143 -0.9843 0.3605, 0.0141 -0.9843 0.3528, 0.0113 -0.9843 0.3594, 0.0101 -0.9843 0.3513, 0.0075 -0.9843 0.3589, 0.0049 -0.9843 0.3507, 0.0041 -0.9843 0.3593, -0.0011 -0.9843 0.3514, 0.0018 -0.9843 0.3602, -0.0049 -0.9843 0.3529, -0.0002 -0.9843 0.3615, -0.0083 -0.9843 0.3552, -0.001 -0.9843 0.3624, -0.0004 -0.9843 0.3754, -0.0061 -0.9843 0.382, -0.0016 -0.9843 0.374, -0.0092 -0.9843 0.3794, -0.0025 -0.9843 0.3721, -0.0112 -0.9843 0.3765, -0.003 -0.9843 0.3698, -0.0126 -0.9843 0.373, -0.0132 -0.9843 0.3687, -0.0031 -0.9843 0.3682, -0.0132 -0.9843 0.3674, -0.0028 -0.9843 0.3659, -0.0127 -0.9843 0.3628, -0.0021 -0.9843 0.3641, -0.0115 -0.9843 0.3594, -0.0094 -0.9843 0.3564, 0.012 -0.9803 0.4106, 0.0021 -0.9803 0.4094, -0.0054 -0.9803 0.4065, -0.0076 -0.9803 0.4052, -0.0076 -0.9803 0.3955, -0.0012 -0.9803 0.3996, 0.005 -0.9803 0.4018, 0.0111 -0.9803 0.4024, 0.0145 -0.9803 0.4021, 0.0168 -0.9803 0.4013, 0.0186 -0.9803 0.4001, 0.0201 -0.9803 0.3985, 0.0213 -0.9803 0.3964, 0.0223 -0.9803 0.3929, 0.0227 -0.9803 0.3884, 0.0057 -0.9803 0.386, -0.0018 -0.9803 0.3842, -0.0061 -0.9803 0.382, -0.0092 -0.9803 0.3794, -0.0112 -0.9803 0.3765, -0.0126 -0.9803 0.373, -0.0132 -0.9803 0.3687, -0.0132 -0.9803 0.3674, -0.0127 -0.9803 0.3628, -0.0115 -0.9803 0.3594, -0.0094 -0.9803 0.3564, -0.0083 -0.9803 0.3552, 0.0049 -0.9803 0.3507, -0.0009 -0.9803 0.3514, -0.0011 -0.9803 0.3514, -0.0049 -0.9803 0.3529, 0.0101 -0.9803 0.3513, 0.0104 -0.9803 0.3514, 0.0141 -0.9803 0.3528, 0.0177 -0.9803 0.3551, 0.0209 -0.9803 0.3585, 0.0224 -0.9803 0.3609, 0.0227 -0.9803 0.3609, 0.0227 -0.9803 0.3521, 0.0327 -0.9803 0.3521, 0.0327 -0.9803 0.3889, 0.0319 -0.9803 0.3965, 0.0304 -0.9803 0.401, 0.0283 -0.9803 0.4043, 0.0256 -0.9803 0.4068, 0.0223 -0.9803 0.4087, 0.0181 -0.9803 0.41, -0.0004 -0.9803 0.3754, 0.0011 -0.9803 0.3766, 0.0037 -0.9803 0.3777, 0.0093 -0.9803 0.379, -0.0031 -0.9803 0.3682, -0.003 -0.9803 0.3698, -0.0025 -0.9803 0.3721, -0.0016 -0.9803 0.374, -0.0002 -0.9803 0.3615, -0.001 -0.9803 0.3624, -0.0021 -0.9803 0.3641, -0.0028 -0.9803 0.3659, 0.0075 -0.9803 0.3589, 0.0041 -0.9803 0.3593, 0.0018 -0.9803 0.3602, 0.0184 -0.9803 0.3636, 0.0171 -0.9803 0.3624, 0.0143 -0.9803 0.3605, 0.0113 -0.9803 0.3594, 0.0227 -0.9803 0.3753, 0.0227 -0.9803 0.3746, 0.022 -0.9803 0.3701, 0.0206 -0.9803 0.3666, 0.0227 -0.9803 0.3808, 0.0227 -0.9803 0.3808
            ]
        }
        coordIndex [
            0,1,2,-1,2,1,3,-1,4,0,5,-1,5,0,2,-1,6,4,7,-1,7,4,5,-1,8,6,9,-1,9,6,7,-1,10,8,11,-1,11,8,9,-1,12,10,13,-1,13,10,11,-1,14,12,15,-1,15,12,13,-1,16,14,17,-1,17,14,15,-1,18,16,19,-1,19,16,17,-1,20,18,21,-1,21,18,19,-1,22,20,23,-1,23,20,21,-1,1,22,3,-1,3,22,23,-1,22,1,0,-1,0,4,22,-1,22,4,6,-1,22,6,20,-1,16,18,14,-1,14,18,20,-1,14,20,12,-1,12,20,6,-1,12,6,10,-1,10,6,8,-1,24,25,26,-1,27,28,29,-1,30,31,32,-1,32,31,33,-1,34,35,28,-1,28,35,31,-1,28,31,29,-1,29,31,30,-1,24,26,36,-1,36,26,37,-1,36,37,38,-1,37,33,38,-1,38,33,31,-1,38,31,39,-1,39,31,40,-1,39,40,41,-1,41,40,42,-1,41,42,43,-1,43,42,44,-1,43,44,45,-1,45,44,46,-1,45,46,47,-1,47,46,48,-1,47,48,49,-1,49,48,50,-1,49,50,51,-1,51,50,52,-1,51,52,53,-1,53,52,54,-1,53,54,55,-1,55,54,56,-1,55,56,57,-1,57,56,58,-1,29,59,27,-1,27,59,60,-1,27,60,61,-1,61,60,62,-1,61,62,63,-1,63,62,64,-1,63,64,65,-1,65,64,66,-1,65,66,67,-1,67,66,68,-1,67,68,69,-1,69,68,70,-1,69,70,71,-1,71,70,72,-1,71,72,73,-1,73,72,74,-1,73,74,75,-1,75,74,76,-1,25,24,77,-1,77,24,78,-1,77,78,79,-1,79,78,80,-1,79,80,81,-1,81,80,82,-1,81,82,83,-1,82,84,83,-1,83,84,85,-1,83,85,86,-1,86,85,87,-1,86,87,88,-1,88,87,89,-1,88,89,90,-1,90,89,91,-1,90,91,76,-1,76,91,92,-1,76,92,75,-1,52,93,94,-1,52,94,54,-1,54,94,95,-1,54,95,56,-1,56,95,96,-1,56,96,58,-1,57,58,97,-1,97,58,96,-1,57,97,98,-1,57,98,55,-1,55,98,99,-1,55,99,53,-1,53,99,100,-1,53,100,51,-1,51,100,101,-1,51,101,49,-1,49,101,102,-1,49,102,47,-1,47,102,103,-1,47,103,45,-1,45,103,104,-1,45,104,43,-1,43,104,105,-1,43,105,41,-1,41,105,106,-1,41,106,39,-1,39,106,107,-1,39,107,38,-1,36,38,108,-1,108,38,107,-1,36,108,109,-1,36,109,24,-1,24,109,110,-1,24,110,78,-1,78,110,111,-1,78,111,80,-1,80,111,112,-1,80,112,82,-1,82,112,113,-1,82,113,84,-1,84,113,114,-1,84,114,85,-1,85,114,115,-1,85,115,87,-1,87,115,116,-1,87,116,89,-1,89,116,117,-1,89,117,91,-1,91,117,118,-1,91,118,92,-1,92,118,119,-1,92,119,75,-1,120,69,121,-1,121,69,71,-1,121,71,122,-1,122,71,73,-1,122,73,123,-1,123,73,75,-1,123,75,119,-1,69,120,124,-1,69,124,67,-1,67,124,125,-1,67,125,65,-1,125,126,65,-1,65,126,127,-1,65,127,63,-1,63,127,128,-1,63,128,61,-1,61,128,129,-1,61,129,27,-1,28,27,130,-1,130,27,129,-1,34,28,131,-1,131,28,130,-1,35,34,132,-1,132,34,131,-1,31,35,133,-1,133,35,132,-1,31,133,134,-1,31,134,40,-1,40,134,135,-1,40,135,42,-1,42,135,136,-1,42,136,44,-1,44,136,137,-1,44,137,46,-1,46,137,138,-1,46,138,48,-1,48,138,139,-1,48,139,50,-1,50,139,93,-1,50,93,52,-1,77,140,141,-1,77,141,25,-1,25,141,142,-1,25,142,26,-1,26,142,143,-1,26,143,37,-1,86,144,145,-1,86,145,83,-1,83,145,146,-1,83,146,81,-1,81,146,147,-1,81,147,79,-1,79,147,140,-1,79,140,77,-1,74,148,149,-1,74,149,76,-1,76,149,150,-1,76,150,90,-1,90,150,151,-1,90,151,88,-1,88,151,144,-1,88,144,86,-1,68,152,153,-1,68,153,70,-1,70,153,154,-1,70,154,72,-1,72,154,148,-1,72,148,74,-1,60,155,156,-1,60,156,62,-1,62,156,157,-1,62,157,64,-1,64,157,158,-1,64,158,66,-1,66,158,152,-1,66,152,68,-1,32,159,160,-1,32,160,30,-1,30,160,161,-1,30,161,29,-1,29,161,162,-1,29,162,59,-1,59,162,155,-1,59,155,60,-1,32,33,159,-1,159,33,163,-1,33,37,163,-1,163,37,143,-1,
        ]
    }
}
Shape{
    appearance Appearance {
        material  Material 	{
            diffuseColor 1.0 0.9607843137254902 0.9058823529411765
            specularColor 0.5019607843137255 0.47843137254901963 0.45098039215686275
            ambientIntensity 0.2
            transparency 0
            shininess 0.5
        }
    }
    geometry IndexedFaceSet {
        ccw TRUE
        solid FALSE
        coord DEF co Coordinate {
            point [
                0.0227 -0.9803 0.3808, 0.0093 -0.9803 0.379, 0.0227 -0.9803 0.3753, 0.0037 -0.9803 0.3777, 0.0011 -0.9803 0.3766, -0.0004 -0.9803 0.3754, 0.0227 -0.9803 0.3746, 0.022 -0.9803 0.3701, -0.0016 -0.9803 0.374, 0.0206 -0.9803 0.3666, -0.001 -0.9803 0.3624, -0.0002 -0.9803 0.3615, 0.0171 -0.9803 0.3624, -0.0021 -0.9803 0.3641, 0.0143 -0.9803 0.3605, 0.0113 -0.9803 0.3594, 0.0075 -0.9803 0.3589, -0.0025 -0.9803 0.3721, -0.003 -0.9803 0.3698, 0.0184 -0.9803 0.3636, -0.0031 -0.9803 0.3682, -0.0028 -0.9803 0.3659, 0.0018 -0.9803 0.3602, 0.0041 -0.9803 0.3593, 0.0041 -0.9803 0.3593
            ]
        }
        coordIndex [
            0,1,2,-1,2,1,3,-1,3,4,2,-1,2,4,5,-1,2,5,6,-1,6,5,7,-1,7,5,8,-1,7,8,9,-1,10,11,12,-1,10,12,13,-1,14,12,15,-1,15,12,16,-1,8,17,9,-1,9,17,18,-1,9,18,19,-1,19,18,20,-1,19,20,12,-1,12,20,21,-1,12,21,13,-1,11,22,12,-1,12,22,23,-1,12,23,16,-1,
        ]
    }
}
Shape{
    appearance Appearance {
        material  Material 	{
            diffuseColor 0.0 0.0 0.0
            specularColor 0.0 0.0 0.0
            ambientIntensity 0.2
            transparency 0
            shininess 0.5
        }
    }
    geometry IndexedFaceSet {
        ccw TRUE
        solid FALSE
        coord DEF co Coordinate {
            point [
                0.0463 -0.9803 0.3644, 0.0463 -0.9843 0.3644, 0.0502 -0.9843 0.362, 0.0628 -0.9843 0.3589, 0.0628 -0.9803 0.3589, 0.0565 -0.9803 0.3596, 0.0565 -0.9843 0.3596, 0.0509 -0.9803 0.3617, 0.0502 -0.9803 0.362, 0.0463 -0.9843 0.3541, 0.0463 -0.9803 0.3541, 0.0535 -0.9843 0.3516, 0.0509 -0.9803 0.3525, 0.0618 -0.9803 0.3507, 0.0618 -0.9843 0.3507, 0.0552 -0.9803 0.3514, 0.0535 -0.9803 0.3516, 0.0681 -0.9803 0.3514, 0.0701 -0.9843 0.3516, 0.0701 -0.9803 0.3516, 0.0756 -0.9803 0.3535, 0.0756 -0.9843 0.3535, 0.0785 -0.9803 0.3553, 0.0785 -0.9843 0.3553, 0.0814 -0.9803 0.3578, 0.0814 -0.9843 0.3578, 0.0832 -0.9803 0.3604, 0.0832 -0.9843 0.3604, 0.0845 -0.9803 0.3636, 0.0845 -0.9843 0.3636, 0.0849 -0.9803 0.3676, 0.0849 -0.9843 0.3676, 0.0845 -0.9803 0.3714, 0.0845 -0.9843 0.3714, 0.0834 -0.9803 0.3743, 0.0834 -0.9843 0.3743, 0.0816 -0.9803 0.3771, 0.0816 -0.9843 0.3771, 0.0792 -0.9803 0.3792, 0.0792 -0.9843 0.3792, 0.0725 -0.9803 0.3829, 0.0725 -0.9843 0.3829, 0.0686 -0.9803 0.3845, 0.0686 -0.9843 0.3845, 0.0624 -0.9803 0.3872, 0.0624 -0.9843 0.3872, 0.0589 -0.9803 0.3894, 0.0589 -0.9843 0.3894, 0.0579 -0.9803 0.3905, 0.0579 -0.9843 0.3905, 0.0572 -0.9803 0.3918, 0.0572 -0.9843 0.3918, 0.0568 -0.9803 0.3934, 0.0568 -0.9843 0.3934, 0.0567 -0.9803 0.3947, 0.0567 -0.9843 0.3947, 0.0569 -0.9803 0.3963, 0.0569 -0.9843 0.3963, 0.0574 -0.9803 0.3977, 0.0574 -0.9843 0.3977, 0.0582 -0.9803 0.399, 0.0582 -0.9843 0.399, 0.0598 -0.9803 0.4003, 0.0598 -0.9843 0.4003, 0.062 -0.9803 0.4015, 0.062 -0.9843 0.4015, 0.0647 -0.9803 0.4022, 0.0647 -0.9843 0.4022, 0.0677 -0.9803 0.4024, 0.0677 -0.9843 0.4024, 0.0742 -0.9803 0.4017, 0.0742 -0.9843 0.4017, 0.0799 -0.9803 0.3996, 0.0799 -0.9843 0.3996, 0.0822 -0.9803 0.3983, 0.0822 -0.9843 0.3983, 0.0822 -0.9843 0.408, 0.0822 -0.9803 0.408, 0.0742 -0.9803 0.4102, 0.0742 -0.9843 0.4102, 0.0686 -0.9803 0.4106, 0.0686 -0.9843 0.4106, 0.0612 -0.9803 0.4098, 0.0612 -0.9843 0.4098, 0.0557 -0.9803 0.4078, 0.0557 -0.9843 0.4078, 0.0528 -0.9803 0.406, 0.0528 -0.9843 0.406, 0.0509 -0.9803 0.4044, 0.0498 -0.9843 0.4033, 0.0498 -0.9803 0.4033, 0.048 -0.9803 0.4006, 0.048 -0.9843 0.4006, 0.0468 -0.9803 0.3974, 0.0468 -0.9843 0.3974, 0.0464 -0.9803 0.3938, 0.0464 -0.9843 0.3938, 0.0468 -0.9803 0.3899, 0.0468 -0.9843 0.3899, 0.0479 -0.9803 0.3869, 0.0479 -0.9843 0.3869, 0.0492 -0.9803 0.3848, 0.0492 -0.9843 0.3848, 0.0616 -0.9803 0.3772, 0.0616 -0.9843 0.3772, 0.0556 -0.9843 0.3799, 0.0509 -0.9803 0.3831, 0.0509 -0.9843 0.3831, 0.0509 -0.9803 0.383, 0.0556 -0.9803 0.3799, 0.0681 -0.9803 0.3744, 0.0681 -0.9843 0.3744, 0.0721 -0.9803 0.3721, 0.0721 -0.9843 0.3721, 0.0733 -0.9803 0.3708, 0.0733 -0.9843 0.3708, 0.0741 -0.9803 0.3695, 0.0741 -0.9843 0.3695, 0.0745 -0.9803 0.3679, 0.0745 -0.9843 0.3679, 0.0746 -0.9803 0.3666, 0.0746 -0.9843 0.3666, 0.0744 -0.9803 0.3647, 0.0744 -0.9843 0.3647, 0.0739 -0.9803 0.3633, 0.0739 -0.9843 0.3633, 0.073 -0.9803 0.362, 0.073 -0.9843 0.362, 0.0719 -0.9803 0.361, 0.0719 -0.9843 0.361, 0.071 -0.9803 0.3604, 0.071 -0.9843 0.3604, 0.0684 -0.9803 0.3595, 0.0684 -0.9843 0.3595, 0.0632 -0.9803 0.3589, 0.0632 -0.9843 0.3589, 0.1346 -0.9843 0.4093, 0.145 -0.9843 0.4093, 0.1346 -0.9803 0.4093, 0.145 -0.9803 0.4093, 0.119 -0.9843 0.3662, 0.119 -0.9803 0.3662, 0.1183 -0.9803 0.3635, 0.1183 -0.9843 0.3635, 0.1178 -0.9803 0.3616, 0.1178 -0.9843 0.3616, 0.1175 -0.9843 0.3616, 0.1175 -0.9803 0.3616, 0.1163 -0.9843 0.3663, 0.1163 -0.9803 0.3663, 0.1014 -0.9803 0.4093, 0.1014 -0.9843 0.4093, 0.1062 -0.9803 0.3953, 0.0901 -0.9843 0.4093, 0.0901 -0.9803 0.4093, 0.1126 -0.9803 0.3522, 0.1126 -0.9843 0.3522, 0.1062 -0.9803 0.3684, 0.1082 -0.9803 0.3418, 0.1082 -0.9843 0.3418, 0.1122 -0.9803 0.3514, 0.1062 -0.9803 0.3382, 0.1062 -0.9843 0.3382, 0.1062 -0.9803 0.3382, 0.1044 -0.9843 0.3361, 0.1044 -0.9803 0.3361, 0.1025 -0.9803 0.3348, 0.1025 -0.9843 0.3348, 0.1003 -0.9803 0.334, 0.1003 -0.9843 0.334, 0.0979 -0.9803 0.3337, 0.0979 -0.9843 0.3337, 0.0943 -0.9803 0.3342, 0.0943 -0.9843 0.3342, 0.0922 -0.9803 0.3349, 0.0922 -0.9843 0.3349, 0.0922 -0.9843 0.326, 0.0922 -0.9803 0.326, 0.0965 -0.9803 0.3252, 0.0965 -0.9843 0.3252, 0.0987 -0.9803 0.3251, 0.0987 -0.9843 0.3251, 0.1027 -0.9803 0.3256, 0.1027 -0.9843 0.3256, 0.1062 -0.9803 0.3269, 0.1067 -0.9843 0.3271, 0.1067 -0.9803 0.3271, 0.1102 -0.9803 0.3296, 0.1102 -0.9843 0.3296, 0.1109 -0.9803 0.3302, 0.1109 -0.9843 0.3302, 0.1145 -0.9803 0.3346, 0.1145 -0.9843 0.3346, 0.1191 -0.9803 0.3434, 0.1191 -0.9843 0.3434, 0.1222 -0.9803 0.3514, 0.1989 -0.9843 0.3612, 0.1989 -0.9843 0.3521, 0.1989 -0.9803 0.3612, 0.1989 -0.9803 0.3521, 0.1662 -0.9803 0.3612, 0.1662 -0.9843 0.3612, 0.1812 -0.9803 0.3612, 0.1662 -0.9843 0.3881, 0.1662 -0.9803 0.3881, 0.1948 -0.9803 0.3881, 0.1948 -0.9843 0.3881, 0.1812 -0.9803 0.3881, 0.1948 -0.9843 0.3973, 0.1948 -0.9803 0.3973, 0.1662 -0.9803 0.3973, 0.1662 -0.9843 0.3973, 0.1812 -0.9803 0.3973, 0.1662 -0.9843 0.4229, 0.1662 -0.9803 0.4229, 0.1971 -0.9803 0.4229, 0.1971 -0.9843 0.4229, 0.1812 -0.9803 0.4229, 0.1971 -0.9843 0.4321, 0.1971 -0.9803 0.4321, 0.1558 -0.9803 0.4321, 0.1558 -0.9843 0.4321, 0.1812 -0.9803 0.4321, 0.1558 -0.9843 0.3521, 0.1558 -0.9803 0.3521, 0.1812 -0.9803 0.3521, 0.2618 -0.9843 0.4132, 0.2703 -0.9843 0.4184, 0.2596 -0.9843 0.4154, 0.2672 -0.9843 0.4215, 0.2534 -0.9843 0.4194, 0.259 -0.9843 0.4271, 0.2464 -0.9843 0.4219, 0.2494 -0.9843 0.4307, 0.2365 -0.9843 0.4229, 0.2369 -0.9843 0.4321, 0.2244 -0.9843 0.4229, 0.214 -0.9843 0.4321, 0.2244 -0.9843 0.3612, 0.214 -0.9843 0.3521, 0.236 -0.9843 0.3612, 0.2361 -0.9843 0.3521, 0.2466 -0.9843 0.3624, 0.2478 -0.9843 0.3533, 0.2533 -0.9843 0.3649, 0.2573 -0.9843 0.3565, 0.2586 -0.9843 0.3684, 0.2652 -0.9843 0.3616, 0.2598 -0.9843 0.3695, 0.2672 -0.9843 0.3633, 0.264 -0.9843 0.3748, 0.2732 -0.9843 0.3705, 0.2667 -0.9843 0.3808, 0.2771 -0.9843 0.3788, 0.2681 -0.9843 0.3883, 0.279 -0.9843 0.3882, 0.2684 -0.9843 0.3928, 0.2792 -0.9843 0.3931, 0.2672 -0.9843 0.4029, 0.278 -0.9843 0.4036, 0.2649 -0.9843 0.4087, 0.2752 -0.9843 0.4113, 0.2361 -0.9803 0.3521, 0.214 -0.9803 0.3521, 0.2478 -0.9803 0.3533, 0.2573 -0.9803 0.3565, 0.2652 -0.9803 0.3616, 0.2672 -0.9803 0.3633, 0.2732 -0.9803 0.3705, 0.2771 -0.9803 0.3788, 0.279 -0.9803 0.3882, 0.2792 -0.9803 0.3931, 0.278 -0.9803 0.4036, 0.2752 -0.9803 0.4113, 0.2703 -0.9803 0.4184, 0.2672 -0.9803 0.4215, 0.259 -0.9803 0.4271, 0.2494 -0.9803 0.4307, 0.2369 -0.9803 0.4321, 0.214 -0.9803 0.4321, 0.2365 -0.9803 0.4229, 0.2244 -0.9803 0.4229, 0.2244 -0.9803 0.3612, 0.236 -0.9803 0.3612, 0.2598 -0.9803 0.3695, 0.2586 -0.9803 0.3684, 0.2533 -0.9803 0.3649, 0.2466 -0.9803 0.3624, 0.2684 -0.9803 0.3928, 0.2681 -0.9803 0.3883, 0.2667 -0.9803 0.3808, 0.264 -0.9803 0.3748, 0.2596 -0.9803 0.4154, 0.2618 -0.9803 0.4132, 0.2649 -0.9803 0.4087, 0.2672 -0.9803 0.4029, 0.2464 -0.9803 0.4219, 0.2534 -0.9803 0.4194, 0.2534 -0.9803 0.4194
            ]
        }
        coordIndex [
            0,1,2,-1,3,4,5,-1,3,5,6,-1,6,5,7,-1,6,7,2,-1,2,7,8,-1,2,8,0,-1,9,1,10,-1,10,1,0,-1,9,10,11,-1,11,10,12,-1,13,14,15,-1,15,14,11,-1,15,11,16,-1,16,11,12,-1,13,17,14,-1,14,17,18,-1,17,19,18,-1,18,19,20,-1,18,20,21,-1,21,20,22,-1,21,22,23,-1,23,22,24,-1,23,24,25,-1,25,24,26,-1,25,26,27,-1,27,26,28,-1,27,28,29,-1,29,28,30,-1,29,30,31,-1,31,30,32,-1,31,32,33,-1,33,32,34,-1,33,34,35,-1,35,34,36,-1,35,36,37,-1,37,36,38,-1,37,38,39,-1,39,38,40,-1,39,40,41,-1,41,40,42,-1,41,42,43,-1,43,42,44,-1,43,44,45,-1,45,44,46,-1,45,46,47,-1,47,46,48,-1,47,48,49,-1,49,48,50,-1,49,50,51,-1,51,50,52,-1,51,52,53,-1,53,52,54,-1,53,54,55,-1,55,54,56,-1,55,56,57,-1,57,56,58,-1,57,58,59,-1,59,58,60,-1,59,60,61,-1,61,60,62,-1,61,62,63,-1,63,62,64,-1,63,64,65,-1,65,64,66,-1,65,66,67,-1,67,66,68,-1,67,68,69,-1,69,68,70,-1,69,70,71,-1,71,70,72,-1,71,72,73,-1,73,72,74,-1,73,74,75,-1,76,75,77,-1,77,75,74,-1,76,77,78,-1,76,78,79,-1,79,78,80,-1,79,80,81,-1,81,80,82,-1,81,82,83,-1,83,82,84,-1,83,84,85,-1,85,84,86,-1,85,86,87,-1,86,88,87,-1,87,88,89,-1,88,90,89,-1,89,90,91,-1,89,91,92,-1,92,91,93,-1,92,93,94,-1,94,93,95,-1,94,95,96,-1,96,95,97,-1,96,97,98,-1,98,97,99,-1,98,99,100,-1,100,99,101,-1,100,101,102,-1,103,104,105,-1,102,101,106,-1,102,106,107,-1,107,106,108,-1,107,108,105,-1,105,108,109,-1,105,109,103,-1,104,103,110,-1,104,110,111,-1,111,110,112,-1,111,112,113,-1,113,112,114,-1,113,114,115,-1,115,114,116,-1,115,116,117,-1,117,116,118,-1,117,118,119,-1,119,118,120,-1,119,120,121,-1,121,120,122,-1,121,122,123,-1,123,122,124,-1,123,124,125,-1,125,124,126,-1,125,126,127,-1,127,126,128,-1,127,128,129,-1,129,128,130,-1,129,130,131,-1,131,130,132,-1,131,132,133,-1,133,132,134,-1,133,134,135,-1,135,134,4,-1,135,4,3,-1,61,63,85,-1,85,63,83,-1,111,43,104,-1,104,43,45,-1,21,23,127,-1,127,23,25,-1,127,25,125,-1,125,25,27,-1,125,27,123,-1,123,27,29,-1,123,29,121,-1,121,29,31,-1,121,31,119,-1,119,31,33,-1,119,33,117,-1,117,33,35,-1,117,35,115,-1,115,35,37,-1,115,37,113,-1,113,37,39,-1,113,39,111,-1,111,39,41,-1,111,41,43,-1,14,3,11,-1,11,3,6,-1,11,6,9,-1,9,6,2,-1,9,2,1,-1,63,65,83,-1,83,65,67,-1,83,67,81,-1,81,67,69,-1,81,69,79,-1,79,69,71,-1,79,71,76,-1,76,71,73,-1,76,73,75,-1,127,129,21,-1,21,129,131,-1,21,131,18,-1,18,131,133,-1,18,133,14,-1,14,133,135,-1,14,135,3,-1,85,87,61,-1,61,87,89,-1,61,89,59,-1,59,89,92,-1,59,92,57,-1,57,92,94,-1,57,94,55,-1,55,94,96,-1,55,96,53,-1,53,96,98,-1,53,98,51,-1,51,98,100,-1,51,100,49,-1,49,100,102,-1,49,102,47,-1,47,102,107,-1,47,107,45,-1,45,107,105,-1,45,105,104,-1,136,137,138,-1,138,137,139,-1,140,136,141,-1,141,136,138,-1,140,141,142,-1,140,142,143,-1,143,142,144,-1,143,144,145,-1,146,145,147,-1,147,145,144,-1,148,146,149,-1,149,146,147,-1,150,151,152,-1,152,151,148,-1,152,148,149,-1,153,151,154,-1,154,151,150,-1,155,156,157,-1,157,156,153,-1,157,153,154,-1,158,159,160,-1,160,159,156,-1,160,156,155,-1,159,158,161,-1,159,161,162,-1,162,161,163,-1,162,163,164,-1,163,165,164,-1,164,165,166,-1,164,166,167,-1,167,166,168,-1,167,168,169,-1,169,168,170,-1,169,170,171,-1,171,170,172,-1,171,172,173,-1,173,172,174,-1,173,174,175,-1,176,175,177,-1,177,175,174,-1,176,177,178,-1,176,178,179,-1,179,178,180,-1,179,180,181,-1,181,180,182,-1,181,182,183,-1,183,182,184,-1,183,184,185,-1,184,186,185,-1,185,186,187,-1,185,187,188,-1,188,187,189,-1,188,189,190,-1,190,189,191,-1,190,191,192,-1,192,191,193,-1,192,193,194,-1,139,137,195,-1,195,137,194,-1,195,194,193,-1,143,145,194,-1,137,136,194,-1,194,136,140,-1,194,140,143,-1,151,153,148,-1,148,153,156,-1,148,156,146,-1,192,162,190,-1,190,162,164,-1,175,176,173,-1,173,176,179,-1,173,179,171,-1,171,179,181,-1,171,181,169,-1,169,181,183,-1,169,183,167,-1,167,183,185,-1,167,185,164,-1,164,185,188,-1,164,188,190,-1,145,146,194,-1,194,146,156,-1,194,156,192,-1,192,156,159,-1,192,159,162,-1,196,197,198,-1,198,197,199,-1,200,201,202,-1,202,201,196,-1,202,196,198,-1,203,201,204,-1,204,201,200,-1,205,206,207,-1,207,206,203,-1,207,203,204,-1,208,206,209,-1,209,206,205,-1,210,211,212,-1,212,211,208,-1,212,208,209,-1,213,211,214,-1,214,211,210,-1,215,216,217,-1,217,216,213,-1,217,213,214,-1,218,216,219,-1,219,216,215,-1,220,221,222,-1,222,221,218,-1,222,218,219,-1,223,221,224,-1,224,221,220,-1,199,197,225,-1,225,197,223,-1,225,223,224,-1,223,197,196,-1,196,201,223,-1,223,201,203,-1,223,203,221,-1,216,218,213,-1,213,218,221,-1,213,221,211,-1,211,221,203,-1,211,203,208,-1,208,203,206,-1,226,227,228,-1,228,227,229,-1,228,229,230,-1,230,229,231,-1,230,231,232,-1,232,231,233,-1,232,233,234,-1,234,233,235,-1,234,235,236,-1,236,235,237,-1,236,237,238,-1,238,237,239,-1,238,239,240,-1,240,239,241,-1,240,241,242,-1,242,241,243,-1,242,243,244,-1,244,243,245,-1,244,245,246,-1,246,245,247,-1,246,247,248,-1,248,247,249,-1,248,249,250,-1,250,249,251,-1,250,251,252,-1,252,251,253,-1,252,253,254,-1,254,253,255,-1,254,255,256,-1,256,255,257,-1,256,257,258,-1,258,257,259,-1,258,259,260,-1,260,259,261,-1,260,261,226,-1,226,261,227,-1,241,239,262,-1,262,239,263,-1,241,262,264,-1,241,264,243,-1,243,264,265,-1,243,265,245,-1,245,265,266,-1,245,266,247,-1,247,266,267,-1,247,267,249,-1,249,267,268,-1,249,268,251,-1,251,268,269,-1,251,269,253,-1,253,269,270,-1,253,270,255,-1,255,270,271,-1,255,271,257,-1,257,271,272,-1,257,272,259,-1,259,272,273,-1,259,273,261,-1,261,273,274,-1,261,274,227,-1,227,274,275,-1,227,275,229,-1,229,275,276,-1,229,276,231,-1,231,276,277,-1,231,277,233,-1,233,277,278,-1,233,278,235,-1,237,235,279,-1,279,235,278,-1,239,237,263,-1,263,237,279,-1,234,236,280,-1,280,236,281,-1,236,238,281,-1,281,238,282,-1,238,240,282,-1,282,240,283,-1,248,284,285,-1,248,285,246,-1,246,285,286,-1,246,286,244,-1,244,286,287,-1,244,287,242,-1,242,287,283,-1,242,283,240,-1,256,288,289,-1,256,289,254,-1,254,289,290,-1,254,290,252,-1,252,290,291,-1,252,291,250,-1,250,291,284,-1,250,284,248,-1,228,292,293,-1,228,293,226,-1,226,293,294,-1,226,294,260,-1,260,294,295,-1,260,295,258,-1,258,295,288,-1,258,288,256,-1,234,280,296,-1,234,296,232,-1,232,296,297,-1,232,297,230,-1,230,297,292,-1,230,292,228,-1,
        ]
    }
}
Shape{
    appearance Appearance {
        material  Material 	{
            diffuseColor 1.0 0.9607843137254902 0.9058823529411765
            specularColor 0.5019607843137255 0.47843137254901963 0.45098039215686275
            ambientIntensity 0.2
            transparency 0
            shininess 0.5
        }
    }
    geometry IndexedFaceSet {
        ccw TRUE
        solid FALSE
        coord DEF co Coordinate {
            point [
                0.2244 -0.9803 0.4229, 0.2244 -0.9803 0.3612, 0.2365 -0.9803 0.4229, 0.236 -0.9803 0.3612, 0.2586 -0.9803 0.3684, 0.2598 -0.9803 0.3695, 0.2466 -0.9803 0.3624, 0.2533 -0.9803 0.3649, 0.264 -0.9803 0.3748, 0.2667 -0.9803 0.3808, 0.2681 -0.9803 0.3883, 0.2684 -0.9803 0.3928, 0.2672 -0.9803 0.4029, 0.2649 -0.9803 0.4087, 0.2618 -0.9803 0.4132, 0.2596 -0.9803 0.4154, 0.2464 -0.9803 0.4219, 0.2534 -0.9803 0.4194, 0.2534 -0.9803 0.4194
            ]
        }
        coordIndex [
            0,1,2,-1,2,1,3,-1,2,4,5,-1,3,6,2,-1,2,6,7,-1,2,7,4,-1,5,8,2,-1,2,8,9,-1,2,9,10,-1,10,11,2,-1,2,11,12,-1,2,12,13,-1,13,14,2,-1,2,14,15,-1,2,15,16,-1,16,15,17,-1,
        ]
    }
}
Shape{
    appearance Appearance {
        material  Material 	{
            diffuseColor 0.0 0.0 0.0
            specularColor 0.0 0.0 0.0
            ambientIntensity 0.2
            transparency 0
            shininess 0.5
        }
    }
    geometry IndexedFaceSet {
        ccw TRUE
        solid FALSE
        coord DEF co Coordinate {
            point [
                0.3061 -0.9843 0.383, 0.3028 -0.9843 0.374, 0.3329 -0.9843 0.383, 0.3361 -0.9843 0.374, 0.318 -0.9843 0.4163, 0.3142 -0.9843 0.4321, 0.2837 -0.9843 0.3521, 0.2951 -0.9843 0.3521, 0.3187 -0.9843 0.4187, 0.3193 -0.9843 0.4219, 0.3252 -0.9843 0.4321, 0.3196 -0.9843 0.4219, 0.3202 -0.9843 0.4185, 0.3208 -0.9843 0.4163, 0.3557 -0.9843 0.3521, 0.3443 -0.9843 0.3521, 0.3252 -0.9803 0.4321, 0.3557 -0.9803 0.3521, 0.3142 -0.9803 0.4321, 0.2837 -0.9803 0.3521, 0.2951 -0.9803 0.3521, 0.3028 -0.9803 0.374, 0.3361 -0.9803 0.374, 0.3443 -0.9803 0.3521, 0.3061 -0.9803 0.383, 0.3329 -0.9803 0.383, 0.3208 -0.9803 0.4163, 0.3196 -0.9803 0.4219, 0.3202 -0.9803 0.4185, 0.3193 -0.9803 0.4219, 0.318 -0.9803 0.4163, 0.3187 -0.9803 0.4187, 0.3187 -0.9803 0.4187
            ]
        }
        coordIndex [
            0,1,2,-1,2,1,3,-1,4,5,0,-1,0,5,6,-1,0,6,1,-1,1,6,7,-1,4,8,5,-1,5,8,9,-1,5,9,10,-1,10,9,11,-1,10,11,12,-1,12,13,10,-1,10,13,2,-1,10,2,14,-1,14,2,3,-1,14,3,15,-1,10,14,16,-1,16,14,17,-1,5,10,18,-1,18,10,16,-1,6,5,19,-1,19,5,18,-1,7,6,20,-1,20,6,19,-1,1,7,21,-1,21,7,20,-1,3,1,22,-1,22,1,21,-1,15,3,23,-1,23,3,22,-1,14,15,17,-1,17,15,23,-1,0,2,24,-1,24,2,25,-1,2,13,25,-1,25,13,26,-1,11,27,28,-1,11,28,12,-1,12,28,26,-1,12,26,13,-1,11,9,27,-1,27,9,29,-1,4,30,31,-1,4,31,8,-1,8,31,29,-1,8,29,9,-1,4,0,30,-1,30,0,24,-1,
        ]
    }
}
Shape{
    appearance Appearance {
        material  Material 	{
            diffuseColor 1.0 0.9607843137254902 0.9058823529411765
            specularColor 0.5019607843137255 0.47843137254901963 0.45098039215686275
            ambientIntensity 0.2
            transparency 0
            shininess 0.5
        }
    }
    geometry IndexedFaceSet {
        ccw TRUE
        solid FALSE
        coord DEF co Coordinate {
            point [
                0.3196 -0.9803 0.4219, 0.3193 -0.9803 0.4219, 0.3202 -0.9803 0.4185, 0.3187 -0.9803 0.4187, 0.3208 -0.9803 0.4163, 0.318 -0.9803 0.4163, 0.3329 -0.9803 0.383, 0.3061 -0.9803 0.383, 0.3061 -0.9803 0.383
            ]
        }
        coordIndex [
            0,1,2,-1,2,1,3,-1,2,3,4,-1,4,3,5,-1,4,5,6,-1,6,5,7,-1,
        ]
    }
}
Shape{
    appearance Appearance {
        material  Material 	{
            diffuseColor 0.0 0.0 0.0
            specularColor 0.0 0.0 0.0
            ambientIntensity 0.2
            transparency 0
            shininess 0.5
        }
    }
    geometry IndexedFaceSet {
        ccw TRUE
        solid FALSE
        coord DEF co Coordinate {
            point [
                -0.4195 -0.9843 0.3407, -0.411 -0.9843 0.3302, -0.4247 -0.9843 0.3911, -0.4347 -0.9843 0.4899, -0.422 -0.9843 0.4967, -0.4249 -0.9843 0.5318, -0.3894 -0.9843 0.5334, -0.3717 -0.9843 0.4918, -0.363 -0.9843 0.5099, -0.4371 -0.9843 0.3987, -0.4325 -0.9843 0.3551, -0.4252 -0.9843 0.3529, -0.4025 -0.9843 0.5345, -0.367 -0.9843 0.3923, -0.3617 -0.9843 0.3904, -0.3142 -0.9843 0.3768, -0.3571 -0.9843 0.3873, -0.3534 -0.9843 0.3832, -0.2345 -0.9843 0.419, -0.2522 -0.9843 0.4491, -0.3284 -0.9843 0.4093, -0.3717 -0.9843 0.3928, -0.3773 -0.9843 0.3921, -0.3848 -0.9843 0.427, -0.3823 -0.9843 0.3901, -0.3974 -0.9843 0.4221, -0.3867 -0.9843 0.3869, -0.409 -0.9843 0.414, -0.389 -0.9843 0.3846, -0.4184 -0.9843 0.4032, -0.3919 -0.9843 0.3799, -0.3936 -0.9843 0.3745, -0.3939 -0.9843 0.3689, -0.3505 -0.9843 0.4248, -0.3643 -0.9843 0.4282, -0.3711 -0.9843 0.4286, -0.351 -0.9843 0.3785, -0.3497 -0.9843 0.3732, -0.3142 -0.9843 0.3711, -0.3497 -0.9843 0.368, -0.3145 -0.9843 0.365, -0.1912 -0.9843 0.4706, -0.1822 -0.9843 0.4646, -0.1527 -0.9843 0.4837, -0.1748 -0.9843 0.4564, -0.1411 -0.9843 0.4675, -0.1696 -0.9843 0.4465, -0.1341 -0.9843 0.4502, -0.1315 -0.9843 0.4315, -0.3777 -0.9843 0.547, -0.3502 -0.9843 0.5251, -0.3643 -0.9843 0.5584, -0.335 -0.9843 0.5362, -0.3504 -0.9843 0.567, -0.408 -0.9843 0.5, -0.4019 -0.9843 0.5004, -0.3959 -0.9843 0.5342, -0.3883 -0.9843 0.4987, -0.3756 -0.9843 0.4939, -0.3384 -0.9843 0.4184, -0.2157 -0.9843 0.4753, -0.2112 -0.9843 0.4753, -0.1878 -0.9843 0.5061, -0.2012 -0.9843 0.4742, -0.1851 -0.9843 0.5052, -0.1682 -0.9843 0.4968, -0.1525 -0.9843 0.3774, -0.1812 -0.9843 0.3979, -0.168 -0.9843 0.3643, -0.1901 -0.9843 0.3916, -0.1854 -0.9843 0.3558, -0.2004 -0.9843 0.3877, -0.2043 -0.9843 0.3518, -0.2078 -0.9843 0.3865, -0.2379 -0.9843 0.3518, -0.2334 -0.9843 0.3865, -0.2411 -0.9843 0.3523, -0.3928 -0.9843 0.3636, -0.3905 -0.9843 0.3588, -0.167 -0.9843 0.4356, -0.1668 -0.9843 0.4309, -0.1341 -0.9843 0.4112, -0.1679 -0.9843 0.4208, -0.1412 -0.9843 0.3932, -0.1716 -0.9843 0.4106, -0.1777 -0.9843 0.4015, -0.2186 -0.9843 0.551, -0.241 -0.9843 0.525, -0.1997 -0.9843 0.5293, -0.2281 -0.9843 0.5097, -0.2193 -0.9843 0.4914, -0.4571 -0.9843 0.4573, -0.4945 -0.9843 0.4477, -0.4588 -0.9843 0.4434, -0.4947 -0.9843 0.4423, -0.4581 -0.9843 0.4345, -0.4919 -0.9843 0.4199, -0.454 -0.9843 0.4206, -0.4837 -0.9843 0.3988, -0.4473 -0.9843 0.4092, -0.4708 -0.9843 0.3803, -0.453 -0.9843 0.3651, -0.446 -0.9843 0.5236, -0.4641 -0.9843 0.5108, -0.4443 -0.9843 0.4813, -0.4679 -0.9843 0.5072, -0.4522 -0.9843 0.47, -0.4816 -0.9843 0.4896, -0.4907 -0.9843 0.4691, -0.3179 -0.9843 0.351, -0.351 -0.9843 0.3626, -0.3247 -0.9843 0.3383, -0.3537 -0.9843 0.3577, -0.3333 -0.9843 0.3287, -0.3568 -0.9843 0.3542, -0.3446 -0.9843 0.3208, -0.3611 -0.9843 0.3511, -0.3573 -0.9843 0.3159, -0.366 -0.9843 0.3491, -0.3711 -0.9843 0.3142, -0.3717 -0.9843 0.3484, -0.3733 -0.9843 0.3143, -0.3727 -0.9843 0.3484, -0.3867 -0.9843 0.3163, -0.3778 -0.9843 0.3492, -0.3998 -0.9843 0.3218, -0.3829 -0.9843 0.3514, -0.3873 -0.9843 0.3548, -0.3242 -0.9843 0.5772, -0.3164 -0.9843 0.5438, -0.296 -0.9843 0.5806, -0.2954 -0.9843 0.5465, -0.2725 -0.9843 0.5782, -0.2761 -0.9843 0.5441, -0.244 -0.9843 0.5681, -0.2582 -0.9843 0.5372, -0.2422 -0.9843 0.5261, -0.2362 -0.9843 0.387, -0.2499 -0.9843 0.3578, -0.2486 -0.9843 0.3564, -0.2345 -0.9843 0.3867, -0.2449 -0.9843 0.3538, -0.2544 -0.9843 0.3694, -0.2539 -0.9843 0.3652, -0.2524 -0.9843 0.3613, -0.2412 -0.9843 0.3865, -0.2451 -0.9843 0.385, -0.2543 -0.9843 0.3717, -0.2486 -0.9843 0.3825, -0.251 -0.9843 0.3799, -0.2532 -0.9843 0.376, -0.2368 -0.9843 0.3871, -0.1315 -0.9803 0.4315, -0.1341 -0.9803 0.4502, -0.136 -0.9803 0.4549, -0.1411 -0.9803 0.4675, -0.1527 -0.9803 0.4837, -0.1682 -0.9803 0.4968, -0.1851 -0.9803 0.5052, -0.1878 -0.9803 0.5061, -0.1997 -0.9803 0.5293, -0.2186 -0.9803 0.551, -0.2317 -0.9803 0.5598, -0.244 -0.9803 0.5681, -0.2725 -0.9803 0.5782, -0.296 -0.9803 0.5806, -0.3242 -0.9803 0.5772, -0.3504 -0.9803 0.567, -0.3621 -0.9803 0.5598, -0.3643 -0.9803 0.5584, -0.3777 -0.9803 0.547, -0.3894 -0.9803 0.5334, -0.3959 -0.9803 0.5342, -0.4025 -0.9803 0.5345, -0.4249 -0.9803 0.5318, -0.446 -0.9803 0.5236, -0.4641 -0.9803 0.5108, -0.4679 -0.9803 0.5072, -0.4907 -0.9803 0.4691, -0.4816 -0.9803 0.4896, -0.4932 -0.9803 0.4549, -0.4945 -0.9803 0.4477, -0.4947 -0.9803 0.4423, -0.4919 -0.9803 0.4199, -0.4837 -0.9803 0.3988, -0.4708 -0.9803 0.3803, -0.453 -0.9803 0.3651, -0.4325 -0.9803 0.3551, -0.4252 -0.9803 0.3529, -0.4245 -0.9803 0.3514, -0.4195 -0.9803 0.3407, -0.411 -0.9803 0.3302, -0.3998 -0.9803 0.3218, -0.3947 -0.9803 0.3197, -0.3867 -0.9803 0.3163, -0.3733 -0.9803 0.3143, -0.3711 -0.9803 0.3142, -0.3142 -0.9803 0.3711, -0.3573 -0.9803 0.3159, -0.3476 -0.9803 0.3197, -0.3446 -0.9803 0.3208, -0.3333 -0.9803 0.3287, -0.3247 -0.9803 0.3383, -0.3179 -0.9803 0.351, -0.3178 -0.9803 0.3514, -0.3145 -0.9803 0.365, -0.3142 -0.9803 0.3768, -0.2345 -0.9803 0.419, -0.2522 -0.9803 0.4491, -0.3284 -0.9803 0.4093, -0.3384 -0.9803 0.4184, -0.3505 -0.9803 0.4248, -0.3643 -0.9803 0.4282, -0.3711 -0.9803 0.4286, -0.3848 -0.9803 0.427, -0.3974 -0.9803 0.4221, -0.409 -0.9803 0.414, -0.4184 -0.9803 0.4032, -0.4247 -0.9803 0.3911, -0.4371 -0.9803 0.3987, -0.4473 -0.9803 0.4092, -0.454 -0.9803 0.4206, -0.4581 -0.9803 0.4345, -0.4588 -0.9803 0.4434, -0.4574 -0.9803 0.4549, -0.4571 -0.9803 0.4573, -0.4522 -0.9803 0.47, -0.4443 -0.9803 0.4813, -0.4347 -0.9803 0.4899, -0.422 -0.9803 0.4967, -0.408 -0.9803 0.5, -0.4019 -0.9803 0.5004, -0.3883 -0.9803 0.4987, -0.3756 -0.9803 0.4939, -0.3717 -0.9803 0.4918, -0.363 -0.9803 0.5099, -0.3502 -0.9803 0.5251, -0.335 -0.9803 0.5362, -0.3164 -0.9803 0.5438, -0.2954 -0.9803 0.5465, -0.2761 -0.9803 0.5441, -0.2582 -0.9803 0.5372, -0.2422 -0.9803 0.5261, -0.241 -0.9803 0.525, -0.2281 -0.9803 0.5097, -0.2193 -0.9803 0.4914, -0.2157 -0.9803 0.4753, -0.2112 -0.9803 0.4753, -0.2012 -0.9803 0.4742, -0.1912 -0.9803 0.4706, -0.1822 -0.9803 0.4646, -0.1748 -0.9803 0.4564, -0.1741 -0.9803 0.4549, -0.1696 -0.9803 0.4465, -0.167 -0.9803 0.4356, -0.1668 -0.9803 0.4309, -0.1679 -0.9803 0.4208, -0.1716 -0.9803 0.4106, -0.1777 -0.9803 0.4015, -0.1812 -0.9803 0.3979, -0.1901 -0.9803 0.3916, -0.2004 -0.9803 0.3877, -0.2078 -0.9803 0.3865, -0.2334 -0.9803 0.3865, -0.2345 -0.9803 0.3867, -0.2362 -0.9803 0.387, -0.2368 -0.9803 0.3871, -0.2412 -0.9803 0.3865, -0.2451 -0.9803 0.385, -0.2486 -0.9803 0.3825, -0.251 -0.9803 0.3799, -0.2532 -0.9803 0.376, -0.2543 -0.9803 0.3717, -0.2544 -0.9803 0.3694, -0.2539 -0.9803 0.3652, -0.2524 -0.9803 0.3613, -0.2499 -0.9803 0.3578, -0.2486 -0.9803 0.3564, -0.2449 -0.9803 0.3538, -0.2411 -0.9803 0.3523, -0.2379 -0.9803 0.3518, -0.2043 -0.9803 0.3518, -0.1854 -0.9803 0.3558, -0.168 -0.9803 0.3643, -0.1525 -0.9803 0.3774, -0.1412 -0.9803 0.3932, -0.1341 -0.9803 0.4112, -0.3717 -0.9803 0.3928, -0.367 -0.9803 0.3923, -0.3617 -0.9803 0.3904, -0.3571 -0.9803 0.3873, -0.3534 -0.9803 0.3832, -0.351 -0.9803 0.3785, -0.3497 -0.9803 0.3732, -0.3497 -0.9803 0.368, -0.351 -0.9803 0.3626, -0.3537 -0.9803 0.3577, -0.3568 -0.9803 0.3542, -0.3611 -0.9803 0.3511, -0.366 -0.9803 0.3491, -0.3717 -0.9803 0.3484, -0.3727 -0.9803 0.3484, -0.3778 -0.9803 0.3492, -0.3829 -0.9803 0.3514, -0.3873 -0.9803 0.3548, -0.3905 -0.9803 0.3588, -0.3928 -0.9803 0.3636, -0.3939 -0.9803 0.3689, -0.3936 -0.9803 0.3745, -0.3919 -0.9803 0.3799, -0.389 -0.9803 0.3846, -0.3867 -0.9803 0.3869, -0.3823 -0.9803 0.3901, -0.3773 -0.9803 0.3921, -0.3773 -0.9803 0.3921
            ]
        }
        coordIndex [
            0,1,2,-1,3,4,5,-1,6,7,8,-1,9,10,2,-1,2,10,11,-1,2,11,0,-1,5,4,12,-1,13,14,15,-1,15,14,16,-1,15,16,17,-1,18,19,15,-1,15,19,20,-1,15,20,13,-1,13,20,21,-1,22,23,24,-1,24,23,25,-1,24,25,26,-1,26,25,27,-1,26,27,28,-1,28,27,29,-1,28,29,30,-1,30,29,2,-1,30,2,31,-1,31,2,32,-1,33,34,22,-1,22,34,35,-1,22,35,23,-1,17,36,15,-1,15,36,37,-1,15,37,38,-1,38,37,39,-1,38,39,40,-1,41,42,43,-1,43,42,44,-1,43,44,45,-1,45,44,46,-1,45,46,47,-1,47,46,48,-1,6,8,49,-1,49,8,50,-1,49,50,51,-1,51,50,52,-1,51,52,53,-1,4,54,12,-1,12,54,55,-1,12,55,56,-1,56,55,57,-1,56,57,6,-1,6,57,58,-1,6,58,7,-1,21,20,22,-1,22,20,59,-1,22,59,33,-1,60,61,62,-1,62,61,63,-1,62,63,64,-1,64,63,41,-1,64,41,65,-1,65,41,43,-1,66,67,68,-1,68,67,69,-1,68,69,70,-1,70,69,71,-1,70,71,72,-1,72,71,73,-1,72,73,74,-1,74,73,75,-1,74,75,76,-1,32,2,77,-1,77,2,1,-1,77,1,78,-1,46,79,48,-1,48,79,80,-1,48,80,81,-1,81,80,82,-1,81,82,83,-1,83,82,84,-1,83,84,66,-1,66,84,85,-1,66,85,67,-1,86,87,88,-1,88,87,89,-1,88,89,62,-1,62,89,90,-1,62,90,60,-1,91,92,93,-1,93,92,94,-1,93,94,95,-1,95,94,96,-1,95,96,97,-1,97,96,98,-1,97,98,99,-1,99,98,100,-1,99,100,9,-1,9,100,101,-1,9,101,10,-1,5,102,3,-1,3,102,103,-1,3,103,104,-1,104,103,105,-1,104,105,106,-1,106,105,107,-1,106,107,91,-1,91,107,108,-1,91,108,92,-1,40,39,109,-1,109,39,110,-1,109,110,111,-1,111,110,112,-1,111,112,113,-1,113,112,114,-1,113,114,115,-1,115,114,116,-1,115,116,117,-1,117,116,118,-1,117,118,119,-1,119,118,120,-1,119,120,121,-1,121,120,122,-1,121,122,123,-1,123,122,124,-1,123,124,125,-1,125,124,126,-1,125,126,1,-1,1,126,127,-1,1,127,78,-1,53,52,128,-1,128,52,129,-1,128,129,130,-1,130,129,131,-1,130,131,132,-1,132,131,133,-1,132,133,134,-1,134,133,135,-1,134,135,86,-1,86,135,136,-1,86,136,87,-1,137,138,139,-1,75,140,76,-1,76,140,137,-1,76,137,141,-1,141,137,139,-1,142,143,137,-1,137,143,144,-1,137,144,138,-1,145,146,147,-1,146,148,147,-1,147,148,149,-1,147,149,150,-1,142,137,147,-1,147,137,151,-1,147,151,145,-1,48,152,153,-1,48,153,47,-1,47,153,154,-1,47,154,45,-1,154,155,45,-1,45,155,156,-1,45,156,43,-1,43,156,157,-1,43,157,65,-1,65,157,158,-1,65,158,64,-1,64,158,159,-1,64,159,62,-1,62,159,160,-1,62,160,88,-1,88,160,161,-1,88,161,86,-1,134,86,162,-1,162,86,161,-1,162,163,134,-1,134,163,164,-1,134,164,132,-1,132,164,165,-1,132,165,130,-1,130,165,166,-1,130,166,128,-1,128,166,167,-1,128,167,53,-1,53,167,51,-1,51,167,168,-1,51,168,169,-1,51,169,170,-1,51,170,49,-1,49,170,171,-1,49,171,6,-1,6,171,172,-1,6,172,56,-1,56,172,173,-1,56,173,12,-1,12,173,174,-1,12,174,5,-1,5,174,175,-1,5,175,102,-1,102,175,176,-1,102,176,103,-1,103,176,177,-1,103,177,105,-1,178,107,179,-1,179,107,105,-1,179,105,177,-1,180,92,178,-1,178,92,108,-1,178,108,107,-1,180,181,92,-1,92,181,182,-1,92,182,94,-1,94,182,183,-1,94,183,96,-1,96,183,184,-1,96,184,98,-1,98,184,185,-1,98,185,100,-1,100,185,186,-1,100,186,101,-1,101,186,187,-1,101,187,10,-1,10,187,188,-1,10,188,11,-1,11,188,189,-1,11,189,0,-1,189,190,0,-1,0,190,191,-1,0,191,1,-1,1,191,192,-1,1,192,125,-1,125,192,193,-1,125,193,123,-1,193,194,123,-1,123,194,195,-1,123,195,121,-1,121,195,196,-1,121,196,119,-1,197,38,40,-1,119,196,198,-1,199,115,198,-1,198,115,117,-1,198,117,119,-1,199,200,115,-1,115,200,201,-1,115,201,113,-1,113,201,202,-1,113,202,111,-1,111,202,203,-1,111,203,109,-1,109,203,204,-1,109,204,40,-1,40,204,205,-1,40,205,197,-1,15,38,206,-1,206,38,197,-1,18,15,207,-1,207,15,206,-1,19,18,208,-1,208,18,207,-1,20,19,209,-1,209,19,208,-1,20,209,210,-1,20,210,59,-1,59,210,211,-1,59,211,33,-1,33,211,212,-1,33,212,34,-1,34,212,213,-1,34,213,35,-1,35,213,214,-1,35,214,23,-1,23,214,215,-1,23,215,25,-1,25,215,216,-1,25,216,27,-1,27,216,217,-1,27,217,29,-1,29,217,218,-1,29,218,2,-1,2,218,219,-1,2,219,9,-1,9,219,220,-1,9,220,99,-1,99,220,221,-1,99,221,97,-1,97,221,222,-1,97,222,95,-1,95,222,223,-1,95,223,93,-1,93,223,91,-1,91,223,224,-1,224,225,91,-1,91,225,226,-1,91,226,106,-1,106,226,227,-1,106,227,104,-1,104,227,228,-1,104,228,3,-1,3,228,229,-1,3,229,4,-1,4,229,230,-1,4,230,54,-1,54,230,231,-1,54,231,55,-1,55,231,232,-1,55,232,57,-1,57,232,233,-1,57,233,58,-1,58,233,234,-1,58,234,7,-1,7,234,235,-1,7,235,8,-1,8,235,236,-1,8,236,50,-1,50,236,237,-1,50,237,52,-1,52,237,238,-1,52,238,129,-1,129,238,239,-1,129,239,131,-1,131,239,240,-1,131,240,133,-1,133,240,241,-1,133,241,135,-1,135,241,242,-1,135,242,136,-1,136,242,243,-1,136,243,87,-1,87,243,244,-1,87,244,89,-1,89,244,245,-1,89,245,90,-1,90,245,246,-1,90,246,60,-1,61,60,247,-1,247,60,246,-1,61,247,248,-1,61,248,63,-1,63,248,249,-1,63,249,41,-1,41,249,250,-1,41,250,42,-1,42,250,251,-1,42,251,44,-1,44,251,252,-1,44,252,46,-1,252,253,46,-1,46,253,254,-1,46,254,79,-1,79,254,255,-1,79,255,80,-1,80,255,256,-1,80,256,82,-1,82,256,257,-1,82,257,84,-1,84,257,258,-1,84,258,85,-1,85,258,259,-1,85,259,67,-1,67,259,260,-1,67,260,69,-1,69,260,261,-1,69,261,71,-1,71,261,262,-1,71,262,73,-1,75,73,263,-1,263,73,262,-1,75,263,264,-1,75,264,140,-1,140,264,265,-1,140,265,137,-1,137,265,266,-1,137,266,151,-1,151,266,267,-1,151,267,145,-1,145,267,268,-1,145,268,146,-1,146,268,269,-1,146,269,148,-1,148,269,270,-1,148,270,149,-1,149,270,271,-1,149,271,150,-1,150,271,272,-1,150,272,147,-1,147,272,273,-1,147,273,142,-1,142,273,274,-1,142,274,143,-1,143,274,275,-1,143,275,144,-1,144,275,276,-1,144,276,138,-1,138,276,277,-1,138,277,139,-1,139,277,278,-1,139,278,141,-1,141,278,279,-1,141,279,76,-1,76,279,280,-1,76,280,74,-1,72,74,281,-1,281,74,280,-1,72,281,282,-1,72,282,70,-1,70,282,283,-1,70,283,68,-1,68,283,284,-1,68,284,66,-1,66,284,285,-1,66,285,83,-1,83,285,286,-1,83,286,81,-1,81,286,152,-1,81,152,48,-1,21,287,288,-1,21,288,13,-1,13,288,289,-1,13,289,14,-1,14,289,290,-1,14,290,16,-1,16,290,291,-1,16,291,17,-1,17,291,292,-1,17,292,36,-1,36,292,293,-1,36,293,37,-1,37,293,294,-1,37,294,39,-1,39,294,295,-1,39,295,110,-1,110,295,296,-1,110,296,112,-1,112,296,297,-1,112,297,114,-1,114,297,298,-1,114,298,116,-1,116,298,299,-1,116,299,118,-1,118,299,300,-1,118,300,120,-1,120,300,301,-1,120,301,122,-1,122,301,302,-1,122,302,124,-1,124,302,303,-1,124,303,126,-1,126,303,304,-1,126,304,127,-1,127,304,305,-1,127,305,78,-1,78,305,306,-1,78,306,77,-1,77,306,307,-1,77,307,32,-1,32,307,308,-1,32,308,31,-1,31,308,309,-1,31,309,30,-1,30,309,310,-1,30,310,28,-1,28,310,311,-1,28,311,26,-1,26,311,312,-1,26,312,24,-1,24,312,313,-1,24,313,22,-1,22,313,287,-1,22,287,21,-1,
        ]
    }
}
Shape{
    appearance Appearance {
        material  Material 	{
            diffuseColor 1.0 0.9607843137254902 0.9058823529411765
            specularColor 0.5019607843137255 0.47843137254901963 0.45098039215686275
            ambientIntensity 0.2
            transparency 0
            shininess 0.5
        }
    }
    geometry IndexedFaceSet {
        ccw TRUE
        solid FALSE
        coord DEF co Coordinate {
            point [
                -0.3727 -0.9803 0.3484, -0.3867 -0.9803 0.3869, -0.389 -0.9803 0.3846, -0.366 -0.9803 0.3491, -0.3611 -0.9803 0.3511, -0.367 -0.9803 0.3923, -0.3717 -0.9803 0.3928, -0.3773 -0.9803 0.3921, -0.3823 -0.9803 0.3901, -0.3928 -0.9803 0.3636, -0.3905 -0.9803 0.3588, -0.3873 -0.9803 0.3548, -0.3717 -0.9803 0.3484, -0.3919 -0.9803 0.3799, -0.3936 -0.9803 0.3745, -0.3939 -0.9803 0.3689, -0.3829 -0.9803 0.3514, -0.3778 -0.9803 0.3492, -0.3568 -0.9803 0.3542, -0.3537 -0.9803 0.3577, -0.351 -0.9803 0.3626, -0.3497 -0.9803 0.368, -0.3497 -0.9803 0.3732, -0.351 -0.9803 0.3785, -0.3534 -0.9803 0.3832, -0.3571 -0.9803 0.3873, -0.3617 -0.9803 0.3904, -0.3617 -0.9803 0.3904
            ]
        }
        coordIndex [
            0,1,2,-1,3,4,5,-1,6,7,0,-1,0,7,8,-1,0,8,1,-1,9,10,2,-1,2,10,11,-1,6,0,5,-1,5,0,12,-1,5,12,3,-1,13,14,2,-1,2,14,15,-1,2,15,9,-1,11,16,2,-1,2,16,17,-1,2,17,0,-1,4,18,5,-1,5,18,19,-1,5,19,20,-1,20,21,5,-1,5,21,22,-1,5,22,23,-1,23,24,5,-1,5,24,25,-1,5,25,26,-1,
        ]
    }
}