#VRML V2.0 utf8
# 3D model generated by easyeda2kicad.py (https://github.com/uPesy/easyeda2kicad.py)

Shape{
    appearance Appearance {
        material  Material 	{
            diffuseColor 0.8117647058823529 0.8117647058823529 0.8117647058823529
            specularColor 0.7529411764705882 0.7529411764705882 0.7529411764705882
            ambientIntensity 0.2
            transparency 0
            shininess 0.5
        }
    }
    geometry IndexedFaceSet {
        ccw TRUE
        solid FALSE
        coord DEF co Coordinate {
            point [
                -0.4528 -0.5315 0.6838, -0.5315 -0.5315 0.6838, -0.5315 0.4528 0.6838, -0.4528 0.4528 0.6838, -0.4739 -0.1761 0.0, -0.4739 -0.1761 -0.0079, -0.4739 -0.375 -0.0079, -0.4739 -0.375 0.0, -0.449 -0.375 -0.0079, -0.449 -0.375 0.0, -0.449 -0.2015 -0.0079, -0.449 -0.2015 0.0, -0.3247 -0.2015 -0.0079, -0.3247 -0.2015 0.0, -0.3247 -0.1761 -0.0079, -0.3247 -0.1761 0.0, -0.2543 -0.3369 -0.0079, -0.2791 -0.3453 -0.0079, -0.2626 -0.3242 -0.0079, -0.13 -0.3242 -0.0079, -0.1341 -0.3453 -0.0079, -0.1549 -0.3242 -0.0079, -0.246 -0.1803 -0.0079, -0.2253 -0.2015 -0.0079, -0.2419 -0.2057 -0.0079, -0.188 -0.2015 -0.0079, -0.1673 -0.1803 -0.0079, -0.1714 -0.2057 -0.0079, -0.1507 -0.1888 -0.0079, -0.159 -0.2142 -0.0079, -0.188 -0.1761 -0.0079, -0.2253 -0.1761 -0.0079, -0.2543 -0.2142 -0.0079, -0.2626 -0.1888 -0.0079, -0.2626 -0.2269 -0.0079, -0.2791 -0.2057 -0.0079, -0.2874 -0.2226 -0.0079, -0.2667 -0.2438 -0.0079, -0.2874 -0.3284 -0.0079, -0.2667 -0.3073 -0.0079, -0.2916 -0.3073 -0.0079, -0.2916 -0.2438 -0.0079, -0.2419 -0.3453 -0.0079, -0.2626 -0.3623 -0.0079, -0.246 -0.3707 -0.0079, -0.2253 -0.3496 -0.0079, -0.188 -0.375 -0.0079, -0.2253 -0.375 -0.0079, -0.188 -0.3496 -0.0079, -0.1714 -0.3453 -0.0079, -0.1673 -0.3707 -0.0079, -0.159 -0.3369 -0.0079, -0.1507 -0.3623 -0.0079, -0.1341 -0.2057 -0.0079, -0.1549 -0.2269 -0.0079, -0.13 -0.2269 -0.0079, -0.0969 -0.1761 -0.0079, -0.072 -0.2692 -0.0079, -0.0969 -0.375 -0.0079, -0.072 -0.2946 -0.0079, 0.0523 -0.1761 -0.0079, -0.072 -0.2015 -0.0079, 0.0357 -0.2692 -0.0079, 0.0357 -0.2946 -0.0079, -0.072 -0.3496 -0.0079, 0.0523 -0.3496 -0.0079, 0.0523 -0.375 -0.0079, 0.0523 -0.2015 -0.0079, 0.247 -0.2226 -0.0079, 0.2263 -0.2438 -0.0079, 0.2221 -0.2269 -0.0079, 0.2511 -0.2438 -0.0079, 0.2263 -0.3073 -0.0079, 0.2511 -0.3073 -0.0079, 0.2387 -0.3453 -0.0079, 0.2139 -0.3369 -0.0079, 0.2221 -0.3242 -0.0079, 0.2014 -0.3453 -0.0079, 0.2221 -0.3623 -0.0079, 0.2056 -0.3707 -0.0079, 0.1849 -0.3496 -0.0079, 0.1849 -0.375 -0.0079, 0.247 -0.3284 -0.0079, 0.1103 -0.3496 -0.0079, 0.0854 -0.375 -0.0079, 0.1103 -0.2015 -0.0079, 0.0854 -0.1761 -0.0079, 0.1849 -0.2015 -0.0079, 0.2056 -0.1803 -0.0079, 0.2014 -0.2057 -0.0079, 0.2139 -0.2142 -0.0079, 0.2221 -0.1888 -0.0079, 0.2387 -0.2057 -0.0079, 0.1849 -0.1761 -0.0079, 0.45 -0.1761 -0.0079, 0.3837 -0.375 -0.0079, 0.4044 -0.2438 -0.0079, 0.3257 -0.2269 -0.0079, 0.2843 -0.1761 -0.0079, 0.3091 -0.1761 -0.0079, 0.3299 -0.2438 -0.0079, 0.4251 -0.1761 -0.0079, 0.4086 -0.2269 -0.0079, 0.3506 -0.375 -0.0079, 0.3671 -0.358 -0.0079, -0.1549 -0.2269 0.0, -0.13 -0.2269 0.0, -0.1341 -0.2057 0.0, -0.1507 -0.1888 0.0, -0.1673 -0.1803 0.0, -0.188 -0.1761 0.0, -0.2253 -0.1761 0.0, -0.246 -0.1803 0.0, -0.2626 -0.1888 0.0, -0.2791 -0.2057 0.0, -0.2874 -0.2226 0.0, -0.2916 -0.2438 0.0, -0.2916 -0.3073 0.0, -0.2874 -0.3284 0.0, -0.2791 -0.3453 0.0, -0.2626 -0.3623 0.0, -0.246 -0.3707 0.0, -0.2253 -0.375 0.0, -0.188 -0.375 0.0, -0.1673 -0.3707 0.0, -0.1507 -0.3623 0.0, -0.1341 -0.3453 0.0, -0.13 -0.3242 0.0, -0.1549 -0.3242 0.0, -0.159 -0.3369 0.0, -0.1714 -0.3453 0.0, -0.188 -0.3496 0.0, -0.2253 -0.3496 0.0, -0.2419 -0.3453 0.0, -0.2543 -0.3369 0.0, -0.2626 -0.3242 0.0, -0.2667 -0.3073 0.0, -0.2667 -0.2438 0.0, -0.2626 -0.2269 0.0, -0.2543 -0.2142 0.0, -0.2419 -0.2057 0.0, -0.2253 -0.2015 0.0, -0.188 -0.2015 0.0, -0.1714 -0.2057 0.0, -0.159 -0.2142 0.0, -0.072 -0.2015 0.0, 0.0523 -0.2015 0.0, 0.0523 -0.1761 0.0, -0.0969 -0.1761 0.0, -0.0969 -0.375 0.0, 0.0523 -0.375 0.0, 0.0523 -0.3496 0.0, -0.072 -0.3496 0.0, -0.072 -0.2946 0.0, 0.0357 -0.2946 0.0, 0.0357 -0.2692 0.0, -0.072 -0.2692 0.0, 0.0854 -0.375 0.0, 0.1849 -0.375 0.0, 0.2056 -0.3707 0.0, 0.2221 -0.3623 0.0, 0.2387 -0.3453 0.0, 0.247 -0.3284 0.0, 0.2511 -0.3073 0.0, 0.2511 -0.2438 0.0, 0.247 -0.2226 0.0, 0.2387 -0.2057 0.0, 0.2221 -0.1888 0.0, 0.2056 -0.1803 0.0, 0.1849 -0.1761 0.0, 0.0854 -0.1761 0.0, 0.1849 -0.3496 0.0, 0.1103 -0.3496 0.0, 0.1103 -0.2015 0.0, 0.1849 -0.2015 0.0, 0.2014 -0.2057 0.0, 0.2139 -0.2142 0.0, 0.2221 -0.2269 0.0, 0.2263 -0.2438 0.0, 0.2263 -0.3073 0.0, 0.2221 -0.3242 0.0, 0.2139 -0.3369 0.0, 0.2014 -0.3453 0.0, 0.3506 -0.375 0.0, 0.3837 -0.375 0.0, 0.45 -0.1761 0.0, 0.4251 -0.1761 0.0, 0.4086 -0.2269 0.0, 0.3257 -0.2269 0.0, 0.3091 -0.1761 0.0, 0.2843 -0.1761 0.0, 0.4044 -0.2438 0.0, 0.3671 -0.358 0.0, 0.3299 -0.2438 0.0, 2.9134 0.4528 0.3249, 2.9134 -0.5872 0.3018, 2.9134 -0.5315 0.3249, 2.9134 -0.6042 0.2763, 2.9134 -0.5616 0.3189, 2.9134 0.4528 0.1658, 2.9134 -0.6102 0.2461, 2.9134 -0.6102 0.1658, 2.9134 -0.6042 0.7324, 2.9134 0.4528 0.6838, 2.9134 -0.5872 0.7069, 2.9134 -0.5315 0.6838, 2.9134 -0.5616 0.6898, 2.9134 0.4528 0.8479, 2.9134 -0.6102 0.7626, 2.9134 -0.6102 0.8479, 2.9134 1.122 0.0819, 2.9134 1.1039 0.1133, 2.9134 1.1172 0.1, 2.9134 0.7677 0.6784, 2.9134 0.5866 0.7584, 2.9134 0.7366 0.7584, 2.9134 1.1167 -0.0196, 2.9134 1.1022 -0.0341, 2.9134 1.122 0.0002, 2.9134 1.0858 0.1181, 2.9134 1.0824 -0.0394, 2.9134 0.7734 0.199, 2.9134 0.7901 0.1663, 2.9134 0.7284 -0.0394, 2.9134 0.8847 0.1181, 2.9134 0.8486 0.1238, 2.9134 0.8159 0.1405, 2.9134 0.6209 0.2445, 2.9134 0.7677 0.2351, 2.9134 0.5866 0.2445, 2.9921 0.4528 0.3249, 2.9921 -0.5315 0.3249, 2.9921 -0.5616 0.3189, 2.9921 -0.5872 0.3018, 2.9921 -0.6042 0.2763, 2.9921 -0.6102 0.2461, 2.9921 -0.6102 0.1658, 2.9921 0.4528 0.1658, 2.9921 0.4528 0.8479, 2.9921 -0.6102 0.8479, 2.9921 -0.6102 0.7626, 2.9921 -0.6042 0.7324, 2.9921 0.4528 0.6838, 2.9921 -0.5872 0.7069, 2.9921 -0.5616 0.6898, 2.9921 -0.5315 0.6838, 2.9921 0.5866 0.7584, 2.9921 0.6209 0.2445, 2.9921 0.7677 0.6784, 2.9921 0.7366 0.7584, 2.9921 1.122 0.0819, 2.9921 1.1172 0.1, 2.9921 1.1039 0.1133, 2.9921 1.1167 -0.0196, 2.9921 1.122 0.0002, 2.9921 1.1022 -0.0341, 2.9921 1.0858 0.1181, 2.9921 1.0824 -0.0394, 2.9921 0.7734 0.199, 2.9921 0.7284 -0.0394, 2.9921 0.7901 0.1663, 2.9921 0.8847 0.1181, 2.9921 0.8486 0.1238, 2.9921 0.8159 0.1405, 2.9921 0.7677 0.2351, 2.9921 0.5866 0.2445, 2.4213 0.4528 0.3249, 2.4213 -0.5872 0.3018, 2.4213 -0.5315 0.3249, 2.4213 -0.6042 0.2763, 2.4213 -0.5616 0.3189, 2.4213 0.4528 0.1658, 2.4213 -0.6102 0.2461, 2.4213 -0.6102 0.1658, 2.4213 -0.6042 0.7324, 2.4213 0.4528 0.6838, 2.4213 -0.5872 0.7069, 2.4213 -0.5315 0.6838, 2.4213 -0.5616 0.6898, 2.4213 0.4528 0.8479, 2.4213 -0.6102 0.7626, 2.4213 -0.6102 0.8479, 2.4213 1.122 0.0819, 2.4213 1.1039 0.1133, 2.4213 1.1172 0.1, 2.4213 0.7677 0.6784, 2.4213 0.5866 0.7584, 2.4213 0.7366 0.7584, 2.4213 1.1167 -0.0196, 2.4213 1.1022 -0.0341, 2.4213 1.122 0.0002, 2.4213 1.0858 0.1181, 2.4213 1.0824 -0.0394, 2.4213 0.7734 0.199, 2.4213 0.7901 0.1663, 2.4213 0.7284 -0.0394, 2.4213 0.8847 0.1181, 2.4213 0.8486 0.1238, 2.4213 0.8159 0.1405, 2.4213 0.6209 0.2445, 2.4213 0.7677 0.2351, 2.4213 0.5866 0.2445, 2.5 0.4528 0.3249, 2.5 -0.5315 0.3249, 2.5 -0.5616 0.3189, 2.5 -0.5872 0.3018, 2.5 -0.6042 0.2763, 2.5 -0.6102 0.2461, 2.5 -0.6102 0.1658, 2.5 0.4528 0.1658, 2.5 0.4528 0.8479, 2.5 -0.6102 0.8479, 2.5 -0.6102 0.7626, 2.5 -0.6042 0.7324, 2.5 0.4528 0.6838, 2.5 -0.5872 0.7069, 2.5 -0.5616 0.6898, 2.5 -0.5315 0.6838, 2.5 0.5866 0.7584, 2.5 0.6209 0.2445, 2.5 0.7677 0.6784, 2.5 0.7366 0.7584, 2.5 1.122 0.0819, 2.5 1.1172 0.1, 2.5 1.1039 0.1133, 2.5 1.1167 -0.0196, 2.5 1.122 0.0002, 2.5 1.1022 -0.0341, 2.5 1.0858 0.1181, 2.5 1.0824 -0.0394, 2.5 0.7734 0.199, 2.5 0.7284 -0.0394, 2.5 0.7901 0.1663, 2.5 0.8847 0.1181, 2.5 0.8486 0.1238, 2.5 0.8159 0.1405, 2.5 0.7677 0.2351, 2.5 0.5866 0.2445, 1.9291 0.4528 0.3249, 1.9291 -0.5872 0.3018, 1.9291 -0.5315 0.3249, 1.9291 -0.6042 0.2763, 1.9291 -0.5616 0.3189, 1.9291 0.4528 0.1658, 1.9291 -0.6102 0.2461, 1.9291 -0.6102 0.1658, 1.9291 -0.6042 0.7324, 1.9291 0.4528 0.6838, 1.9291 -0.5872 0.7069, 1.9291 -0.5315 0.6838, 1.9291 -0.5616 0.6898, 1.9291 0.4528 0.8479, 1.9291 -0.6102 0.7626, 1.9291 -0.6102 0.8479, 1.9291 1.122 0.0819, 1.9291 1.1039 0.1133, 1.9291 1.1172 0.1, 1.9291 0.7677 0.6784, 1.9291 0.5866 0.7584, 1.9291 0.7366 0.7584, 1.9291 1.1167 -0.0196, 1.9291 1.1022 -0.0341, 1.9291 1.122 0.0002, 1.9291 1.0858 0.1181, 1.9291 1.0824 -0.0394, 1.9291 0.7734 0.199, 1.9291 0.7901 0.1663, 1.9291 0.7284 -0.0394, 1.9291 0.8847 0.1181, 1.9291 0.8486 0.1238, 1.9291 0.8159 0.1405, 1.9291 0.6209 0.2445, 1.9291 0.7677 0.2351, 1.9291 0.5866 0.2445, 2.0079 0.4528 0.3249, 2.0079 -0.5315 0.3249, 2.0079 -0.5616 0.3189, 2.0079 -0.5872 0.3018, 2.0079 -0.6042 0.2763, 2.0079 -0.6102 0.2461, 2.0079 -0.6102 0.1658, 2.0079 0.4528 0.1658, 2.0079 0.4528 0.8479, 2.0079 -0.6102 0.8479, 2.0079 -0.6102 0.7626, 2.0079 -0.6042 0.7324, 2.0079 0.4528 0.6838, 2.0079 -0.5872 0.7069, 2.0079 -0.5616 0.6898, 2.0079 -0.5315 0.6838, 2.0079 0.5866 0.7584, 2.0079 0.6209 0.2445, 2.0079 0.7677 0.6784, 2.0079 0.7366 0.7584, 2.0079 1.122 0.0819, 2.0079 1.1172 0.1, 2.0079 1.1039 0.1133, 2.0079 1.1167 -0.0196, 2.0079 1.122 0.0002, 2.0079 1.1022 -0.0341, 2.0079 1.0858 0.1181, 2.0079 1.0824 -0.0394, 2.0079 0.7734 0.199, 2.0079 0.7284 -0.0394, 2.0079 0.7901 0.1663, 2.0079 0.8847 0.1181, 2.0079 0.8486 0.1238, 2.0079 0.8159 0.1405, 2.0079 0.7677 0.2351, 2.0079 0.5866 0.2445, 1.437 0.4528 0.3249, 1.437 -0.5872 0.3018, 1.437 -0.5315 0.3249, 1.437 -0.6042 0.2763, 1.437 -0.5616 0.3189, 1.437 0.4528 0.1658, 1.437 -0.6102 0.2461, 1.437 -0.6102 0.1658, 1.437 -0.6042 0.7324, 1.437 0.4528 0.6838, 1.437 -0.5872 0.7069, 1.437 -0.5315 0.6838, 1.437 -0.5616 0.6898, 1.437 0.4528 0.8479, 1.437 -0.6102 0.7626, 1.437 -0.6102 0.8479, 1.437 1.122 0.0819, 1.437 1.1039 0.1133, 1.437 1.1172 0.1, 1.437 0.7677 0.6784, 1.437 0.5866 0.7584, 1.437 0.7366 0.7584, 1.437 1.1167 -0.0196, 1.437 1.1022 -0.0341, 1.437 1.122 0.0002, 1.437 1.0858 0.1181, 1.437 1.0824 -0.0394, 1.437 0.7734 0.199, 1.437 0.7901 0.1663, 1.437 0.7284 -0.0394, 1.437 0.8847 0.1181, 1.437 0.8486 0.1238, 1.437 0.8159 0.1405, 1.437 0.6209 0.2445, 1.437 0.7677 0.2351, 1.437 0.5866 0.2445, 1.5157 0.4528 0.3249, 1.5157 -0.5315 0.3249, 1.5157 -0.5616 0.3189, 1.5157 -0.5872 0.3018, 1.5157 -0.6042 0.2763, 1.5157 -0.6102 0.2461, 1.5157 -0.6102 0.1658, 1.5157 0.4528 0.1658, 1.5157 0.4528 0.8479, 1.5157 -0.6102 0.8479, 1.5157 -0.6102 0.7626, 1.5157 -0.6042 0.7324, 1.5157 0.4528 0.6838, 1.5157 -0.5872 0.7069, 1.5157 -0.5616 0.6898, 1.5157 -0.5315 0.6838, 1.5157 0.5866 0.7584, 1.5157 0.6209 0.2445, 1.5157 0.7677 0.6784, 1.5157 0.7366 0.7584, 1.5157 1.122 0.0819, 1.5157 1.1172 0.1, 1.5157 1.1039 0.1133, 1.5157 1.1167 -0.0196, 1.5157 1.122 0.0002, 1.5157 1.1022 -0.0341, 1.5157 1.0858 0.1181, 1.5157 1.0824 -0.0394, 1.5157 0.7734 0.199, 1.5157 0.7284 -0.0394, 1.5157 0.7901 0.1663, 1.5157 0.8847 0.1181, 1.5157 0.8486 0.1238, 1.5157 0.8159 0.1405, 1.5157 0.7677 0.2351, 1.5157 0.5866 0.2445, 0.9449 0.4528 0.3249, 0.9449 -0.5872 0.3018, 0.9449 -0.5315 0.3249, 0.9449 -0.6042 0.2763, 0.9449 -0.5616 0.3189, 0.9449 0.4528 0.1658, 0.9449 -0.6102 0.2461, 0.9449 -0.6102 0.1658, 0.9449 -0.6042 0.7324, 0.9449 0.4528 0.6838, 0.9449 -0.5872 0.7069, 0.9449 -0.5315 0.6838, 0.9449 -0.5616 0.6898, 0.9449 0.4528 0.8479, 0.9449 -0.6102 0.7626, 0.9449 -0.6102 0.8479, 0.9449 1.122 0.0819, 0.9449 1.1039 0.1133, 0.9449 1.1172 0.1, 0.9449 0.7677 0.6784, 0.9449 0.5866 0.7584, 0.9449 0.7366 0.7584, 0.9449 1.1167 -0.0196, 0.9449 1.1022 -0.0341, 0.9449 1.122 0.0002, 0.9449 1.0858 0.1181, 0.9449 1.0824 -0.0394, 0.9449 0.7734 0.199, 0.9449 0.7901 0.1663, 0.9449 0.7284 -0.0394, 0.9449 0.8847 0.1181, 0.9449 0.8486 0.1238, 0.9449 0.8159 0.1405, 0.9449 0.6209 0.2445, 0.9449 0.7677 0.2351, 0.9449 0.5866 0.2445, 1.0236 0.4528 0.3249, 1.0236 -0.5315 0.3249, 1.0236 -0.5616 0.3189, 1.0236 -0.5872 0.3018, 1.0236 -0.6042 0.2763, 1.0236 -0.6102 0.2461, 1.0236 -0.6102 0.1658, 1.0236 0.4528 0.1658, 1.0236 0.4528 0.8479, 1.0236 -0.6102 0.8479, 1.0236 -0.6102 0.7626, 1.0236 -0.6042 0.7324, 1.0236 0.4528 0.6838, 1.0236 -0.5872 0.7069, 1.0236 -0.5616 0.6898, 1.0236 -0.5315 0.6838, 1.0236 0.5866 0.7584, 1.0236 0.6209 0.2445, 1.0236 0.7677 0.6784, 1.0236 0.7366 0.7584, 1.0236 1.122 0.0819, 1.0236 1.1172 0.1, 1.0236 1.1039 0.1133, 1.0236 1.1167 -0.0196, 1.0236 1.122 0.0002, 1.0236 1.1022 -0.0341, 1.0236 1.0858 0.1181, 1.0236 1.0824 -0.0394, 1.0236 0.7734 0.199, 1.0236 0.7284 -0.0394, 1.0236 0.7901 0.1663, 1.0236 0.8847 0.1181, 1.0236 0.8486 0.1238, 1.0236 0.8159 0.1405, 1.0236 0.7677 0.2351, 1.0236 0.5866 0.2445, 0.4528 0.4528 0.3249, 0.4528 -0.5872 0.3018, 0.4528 -0.5315 0.3249, 0.4528 -0.6042 0.2763, 0.4528 -0.5616 0.3189, 0.4528 0.4528 0.1658, 0.4528 -0.6102 0.2461, 0.4528 -0.6102 0.1658, 0.4528 -0.6042 0.7324, 0.4528 0.4528 0.6838, 0.4528 -0.5872 0.7069, 0.4528 -0.5315 0.6838, 0.4528 -0.5616 0.6898, 0.4528 0.4528 0.8479, 0.4528 -0.6102 0.7626, 0.4528 -0.6102 0.8479, 0.4528 1.122 0.0819, 0.4528 1.1039 0.1133, 0.4528 1.1172 0.1, 0.4528 0.7677 0.6784, 0.4528 0.5866 0.7584, 0.4528 0.7366 0.7584, 0.4528 1.1167 -0.0196, 0.4528 1.1022 -0.0341, 0.4528 1.122 0.0002, 0.4528 1.0858 0.1181, 0.4528 1.0824 -0.0394, 0.4528 0.7734 0.199, 0.4528 0.7901 0.1663, 0.4528 0.7284 -0.0394, 0.4528 0.8847 0.1181, 0.4528 0.8486 0.1238, 0.4528 0.8159 0.1405, 0.4528 0.6209 0.2445, 0.4528 0.7677 0.2351, 0.4528 0.5866 0.2445, 0.5315 0.4528 0.3249, 0.5315 -0.5315 0.3249, 0.5315 -0.5616 0.3189, 0.5315 -0.5872 0.3018, 0.5315 -0.6042 0.2763, 0.5315 -0.6102 0.2461, 0.5315 -0.6102 0.1658, 0.5315 0.4528 0.1658, 0.5315 0.4528 0.8479, 0.5315 -0.6102 0.8479, 0.5315 -0.6102 0.7626, 0.5315 -0.6042 0.7324, 0.5315 0.4528 0.6838, 0.5315 -0.5872 0.7069, 0.5315 -0.5616 0.6898, 0.5315 -0.5315 0.6838, 0.5315 0.5866 0.7584, 0.5315 0.6209 0.2445, 0.5315 0.7677 0.6784, 0.5315 0.7366 0.7584, 0.5315 1.122 0.0819, 0.5315 1.1172 0.1, 0.5315 1.1039 0.1133, 0.5315 1.1167 -0.0196, 0.5315 1.122 0.0002, 0.5315 1.1022 -0.0341, 0.5315 1.0858 0.1181, 0.5315 1.0824 -0.0394, 0.5315 0.7734 0.199, 0.5315 0.7284 -0.0394, 0.5315 0.7901 0.1663, 0.5315 0.8847 0.1181, 0.5315 0.8486 0.1238, 0.5315 0.8159 0.1405, 0.5315 0.7677 0.2351, 0.5315 0.5866 0.2445, -0.0394 0.4528 0.3249, -0.0394 -0.5872 0.3018, -0.0394 -0.5315 0.3249, -0.0394 -0.6042 0.2763, -0.0394 -0.5616 0.3189, -0.0394 0.4528 0.1658, -0.0394 -0.6102 0.2461, -0.0394 -0.6102 0.1658, -0.0394 -0.6042 0.7324, -0.0394 0.4528 0.6838, -0.0394 -0.5872 0.7069, -0.0394 -0.5315 0.6838, -0.0394 -0.5616 0.6898, -0.0394 0.4528 0.8479, -0.0394 -0.6102 0.7626, -0.0394 -0.6102 0.8479, -0.0394 1.122 0.0819, -0.0394 1.1039 0.1133, -0.0394 1.1172 0.1, -0.0394 0.7677 0.6784, -0.0394 0.5866 0.7584, -0.0394 0.7366 0.7584, -0.0394 1.1167 -0.0196, -0.0394 1.1022 -0.0341, -0.0394 1.122 0.0002, -0.0394 1.0858 0.1181, -0.0394 1.0824 -0.0394, -0.0394 0.7734 0.199, -0.0394 0.7901 0.1663, -0.0394 0.7284 -0.0394, -0.0394 0.8847 0.1181, -0.0394 0.8486 0.1238, -0.0394 0.8159 0.1405, -0.0394 0.6209 0.2445, -0.0394 0.7677 0.2351, -0.0394 0.5866 0.2445, 0.0394 0.4528 0.3249, 0.0394 -0.5315 0.3249, 0.0394 -0.5616 0.3189, 0.0394 -0.5872 0.3018, 0.0394 -0.6042 0.2763, 0.0394 -0.6102 0.2461, 0.0394 -0.6102 0.1658, 0.0394 0.4528 0.1658, 0.0394 0.4528 0.8479, 0.0394 -0.6102 0.8479, 0.0394 -0.6102 0.7626, 0.0394 -0.6042 0.7324, 0.0394 0.4528 0.6838, 0.0394 -0.5872 0.7069, 0.0394 -0.5616 0.6898, 0.0394 -0.5315 0.6838, 0.0394 0.5866 0.7584, 0.0394 0.6209 0.2445, 0.0394 0.7677 0.6784, 0.0394 0.7366 0.7584, 0.0394 1.122 0.0819, 0.0394 1.1172 0.1, 0.0394 1.1039 0.1133, 0.0394 1.1167 -0.0196, 0.0394 1.122 0.0002, 0.0394 1.1022 -0.0341, 0.0394 1.0858 0.1181, 0.0394 1.0824 -0.0394, 0.0394 0.7734 0.199, 0.0394 0.7284 -0.0394, 0.0394 0.7901 0.1663, 0.0394 0.8847 0.1181, 0.0394 0.8486 0.1238, 0.0394 0.8159 0.1405, 0.0394 0.7677 0.2351, 0.0394 0.5866 0.2445, -0.5315 0.4528 0.3249, -0.5315 -0.5872 0.3018, -0.5315 -0.5315 0.3249, -0.5315 -0.6042 0.2763, -0.5315 -0.5616 0.3189, -0.5315 0.4528 0.1658, -0.5315 -0.6102 0.2461, -0.5315 -0.6102 0.1658, -0.5315 -0.6042 0.7324, -0.5315 -0.5872 0.7069, -0.5315 -0.5616 0.6898, -0.5315 0.4528 0.8479, -0.5315 -0.6102 0.7626, -0.5315 -0.6102 0.8479, -0.5315 1.122 0.0819, -0.5315 1.1039 0.1133, -0.5315 1.1172 0.1, -0.5315 0.7677 0.6784, -0.5315 0.5866 0.7584, -0.5315 0.7366 0.7584, -0.5315 1.1167 -0.0196, -0.5315 1.1022 -0.0341, -0.5315 1.122 0.0002, -0.5315 1.0858 0.1181, -0.5315 1.0824 -0.0394, -0.5315 0.7734 0.199, -0.5315 0.7901 0.1663, -0.5315 0.7284 -0.0394, -0.5315 0.8847 0.1181, -0.5315 0.8486 0.1238, -0.5315 0.8159 0.1405, -0.5315 0.6209 0.2445, -0.5315 0.7677 0.2351, -0.5315 0.5866 0.2445, -0.4528 0.4528 0.3249, -0.4528 -0.5315 0.3249, -0.4528 -0.5616 0.3189, -0.4528 -0.5872 0.3018, -0.4528 -0.6042 0.2763, -0.4528 -0.6102 0.2461, -0.4528 -0.6102 0.1658, -0.4528 0.4528 0.1658, -0.4528 0.4528 0.8479, -0.4528 -0.6102 0.8479, -0.4528 -0.6102 0.7626, -0.4528 -0.6042 0.7324, -0.4528 -0.5872 0.7069, -0.4528 -0.5616 0.6898, -0.4528 0.5866 0.7584, -0.4528 0.6209 0.2445, -0.4528 0.7677 0.6784, -0.4528 0.7366 0.7584, -0.4528 1.122 0.0819, -0.4528 1.1172 0.1, -0.4528 1.1039 0.1133, -0.4528 1.1167 -0.0196, -0.4528 1.122 0.0002, -0.4528 1.1022 -0.0341, -0.4528 1.0858 0.1181, -0.4528 1.0824 -0.0394, -0.4528 0.7734 0.199, -0.4528 0.7284 -0.0394, -0.4528 0.7901 0.1663, -0.4528 0.8847 0.1181, -0.4528 0.8486 0.1238, -0.4528 0.8159 0.1405, -0.4528 0.7677 0.2351, -0.4528 0.5866 0.2445, -1.0236 0.4528 0.3249, -1.0236 -0.5872 0.3018, -1.0236 -0.5315 0.3249, -1.0236 -0.6042 0.2763, -1.0236 -0.5616 0.3189, -1.0236 0.4528 0.1658, -1.0236 -0.6102 0.2461, -1.0236 -0.6102 0.1658, -1.0236 -0.6042 0.7324, -1.0236 0.4528 0.6838, -1.0236 -0.5872 0.7069, -1.0236 -0.5315 0.6838, -1.0236 -0.5616 0.6898, -1.0236 0.4528 0.8479, -1.0236 -0.6102 0.7626, -1.0236 -0.6102 0.8479, -1.0236 1.122 0.0819, -1.0236 1.1039 0.1133, -1.0236 1.1172 0.1, -1.0236 0.7677 0.6784, -1.0236 0.5866 0.7584, -1.0236 0.7366 0.7584, -1.0236 1.1167 -0.0196, -1.0236 1.1022 -0.0341, -1.0236 1.122 0.0002, -1.0236 1.0858 0.1181, -1.0236 1.0824 -0.0394, -1.0236 0.7734 0.199, -1.0236 0.7901 0.1663, -1.0236 0.7284 -0.0394, -1.0236 0.8847 0.1181, -1.0236 0.8486 0.1238, -1.0236 0.8159 0.1405, -1.0236 0.6209 0.2445, -1.0236 0.7677 0.2351, -1.0236 0.5866 0.2445, -0.9449 0.4528 0.3249, -0.9449 -0.5315 0.3249, -0.9449 -0.5616 0.3189, -0.9449 -0.5872 0.3018, -0.9449 -0.6042 0.2763, -0.9449 -0.6102 0.2461, -0.9449 -0.6102 0.1658, -0.9449 0.4528 0.1658, -0.9449 0.4528 0.8479, -0.9449 -0.6102 0.8479, -0.9449 -0.6102 0.7626, -0.9449 -0.6042 0.7324, -0.9449 0.4528 0.6838, -0.9449 -0.5872 0.7069, -0.9449 -0.5616 0.6898, -0.9449 -0.5315 0.6838, -0.9449 0.5866 0.7584, -0.9449 0.6209 0.2445, -0.9449 0.7677 0.6784, -0.9449 0.7366 0.7584, -0.9449 1.122 0.0819, -0.9449 1.1172 0.1, -0.9449 1.1039 0.1133, -0.9449 1.1167 -0.0196, -0.9449 1.122 0.0002, -0.9449 1.1022 -0.0341, -0.9449 1.0858 0.1181, -0.9449 1.0824 -0.0394, -0.9449 0.7734 0.199, -0.9449 0.7284 -0.0394, -0.9449 0.7901 0.1663, -0.9449 0.8847 0.1181, -0.9449 0.8486 0.1238, -0.9449 0.8159 0.1405, -0.9449 0.7677 0.2351, -0.9449 0.5866 0.2445, -1.5157 0.4528 0.3249, -1.5157 -0.5872 0.3018, -1.5157 -0.5315 0.3249, -1.5157 -0.6042 0.2763, -1.5157 -0.5616 0.3189, -1.5157 0.4528 0.1658, -1.5157 -0.6102 0.2461, -1.5157 -0.6102 0.1658, -1.5157 -0.6042 0.7324, -1.5157 0.4528 0.6838, -1.5157 -0.5872 0.7069, -1.5157 -0.5315 0.6838, -1.5157 -0.5616 0.6898, -1.5157 0.4528 0.8479, -1.5157 -0.6102 0.7626, -1.5157 -0.6102 0.8479, -1.5157 1.122 0.0819, -1.5157 1.1039 0.1133, -1.5157 1.1172 0.1, -1.5157 0.7677 0.6784, -1.5157 0.5866 0.7584, -1.5157 0.7366 0.7584, -1.5157 1.1167 -0.0196, -1.5157 1.1022 -0.0341, -1.5157 1.122 0.0002, -1.5157 1.0858 0.1181, -1.5157 1.0824 -0.0394, -1.5157 0.7734 0.199, -1.5157 0.7901 0.1663, -1.5157 0.7284 -0.0394, -1.5157 0.8847 0.1181, -1.5157 0.8486 0.1238, -1.5157 0.8159 0.1405, -1.5157 0.6209 0.2445, -1.5157 0.7677 0.2351, -1.5157 0.5866 0.2445, -1.437 0.4528 0.3249, -1.437 -0.5315 0.3249, -1.437 -0.5616 0.3189, -1.437 -0.5872 0.3018, -1.437 -0.6042 0.2763, -1.437 -0.6102 0.2461, -1.437 -0.6102 0.1658, -1.437 0.4528 0.1658, -1.437 0.4528 0.8479, -1.437 -0.6102 0.8479, -1.437 -0.6102 0.7626, -1.437 -0.6042 0.7324, -1.437 0.4528 0.6838, -1.437 -0.5872 0.7069, -1.437 -0.5616 0.6898, -1.437 -0.5315 0.6838, -1.437 0.5866 0.7584, -1.437 0.6209 0.2445, -1.437 0.7677 0.6784, -1.437 0.7366 0.7584, -1.437 1.122 0.0819, -1.437 1.1172 0.1, -1.437 1.1039 0.1133, -1.437 1.1167 -0.0196, -1.437 1.122 0.0002, -1.437 1.1022 -0.0341, -1.437 1.0858 0.1181, -1.437 1.0824 -0.0394, -1.437 0.7734 0.199, -1.437 0.7284 -0.0394, -1.437 0.7901 0.1663, -1.437 0.8847 0.1181, -1.437 0.8486 0.1238, -1.437 0.8159 0.1405, -1.437 0.7677 0.2351, -1.437 0.5866 0.2445, -2.0079 0.4528 0.3249, -2.0079 -0.5872 0.3018, -2.0079 -0.5315 0.3249, -2.0079 -0.6042 0.2763, -2.0079 -0.5616 0.3189, -2.0079 0.4528 0.1658, -2.0079 -0.6102 0.2461, -2.0079 -0.6102 0.1658, -2.0079 -0.6042 0.7324, -2.0079 0.4528 0.6838, -2.0079 -0.5872 0.7069, -2.0079 -0.5315 0.6838, -2.0079 -0.5616 0.6898, -2.0079 0.4528 0.8479, -2.0079 -0.6102 0.7626, -2.0079 -0.6102 0.8479, -2.0079 1.122 0.0819, -2.0079 1.1039 0.1133, -2.0079 1.1172 0.1, -2.0079 0.7677 0.6784, -2.0079 0.5866 0.7584, -2.0079 0.7366 0.7584, -2.0079 1.1167 -0.0196, -2.0079 1.1022 -0.0341, -2.0079 1.122 0.0002, -2.0079 1.0858 0.1181, -2.0079 1.0824 -0.0394, -2.0079 0.7734 0.199, -2.0079 0.7901 0.1663, -2.0079 0.7284 -0.0394, -2.0079 0.8847 0.1181, -2.0079 0.8486 0.1238, -2.0079 0.8159 0.1405, -2.0079 0.6209 0.2445, -2.0079 0.7677 0.2351, -2.0079 0.5866 0.2445, -1.9291 0.4528 0.3249, -1.9291 -0.5315 0.3249, -1.9291 -0.5616 0.3189, -1.9291 -0.5872 0.3018, -1.9291 -0.6042 0.2763, -1.9291 -0.6102 0.2461, -1.9291 -0.6102 0.1658, -1.9291 0.4528 0.1658, -1.9291 0.4528 0.8479, -1.9291 -0.6102 0.8479, -1.9291 -0.6102 0.7626, -1.9291 -0.6042 0.7324, -1.9291 0.4528 0.6838, -1.9291 -0.5872 0.7069, -1.9291 -0.5616 0.6898, -1.9291 -0.5315 0.6838, -1.9291 0.5866 0.7584, -1.9291 0.6209 0.2445, -1.9291 0.7677 0.6784, -1.9291 0.7366 0.7584, -1.9291 1.122 0.0819, -1.9291 1.1172 0.1, -1.9291 1.1039 0.1133, -1.9291 1.1167 -0.0196, -1.9291 1.122 0.0002, -1.9291 1.1022 -0.0341, -1.9291 1.0858 0.1181, -1.9291 1.0824 -0.0394, -1.9291 0.7734 0.199, -1.9291 0.7284 -0.0394, -1.9291 0.7901 0.1663, -1.9291 0.8847 0.1181, -1.9291 0.8486 0.1238, -1.9291 0.8159 0.1405, -1.9291 0.7677 0.2351, -1.9291 0.5866 0.2445, -2.5 0.4528 0.3249, -2.5 -0.5872 0.3018, -2.5 -0.5315 0.3249, -2.5 -0.6042 0.2763, -2.5 -0.5616 0.3189, -2.5 0.4528 0.1658, -2.5 -0.6102 0.2461, -2.5 -0.6102 0.1658, -2.5 -0.6042 0.7324, -2.5 0.4528 0.6838, -2.5 -0.5872 0.7069, -2.5 -0.5315 0.6838, -2.5 -0.5616 0.6898, -2.5 0.4528 0.8479, -2.5 -0.6102 0.7626, -2.5 -0.6102 0.8479, -2.5 1.122 0.0819, -2.5 1.1039 0.1133, -2.5 1.1172 0.1, -2.5 0.7677 0.6784, -2.5 0.5866 0.7584, -2.5 0.7366 0.7584, -2.5 1.1167 -0.0196, -2.5 1.1022 -0.0341, -2.5 1.122 0.0002, -2.5 1.0858 0.1181, -2.5 1.0824 -0.0394, -2.5 0.7734 0.199, -2.5 0.7901 0.1663, -2.5 0.7284 -0.0394, -2.5 0.8847 0.1181, -2.5 0.8486 0.1238, -2.5 0.8159 0.1405, -2.5 0.6209 0.2445, -2.5 0.7677 0.2351, -2.5 0.5866 0.2445, -2.4213 0.4528 0.3249, -2.4213 -0.5315 0.3249, -2.4213 -0.5616 0.3189, -2.4213 -0.5872 0.3018, -2.4213 -0.6042 0.2763, -2.4213 -0.6102 0.2461, -2.4213 -0.6102 0.1658, -2.4213 0.4528 0.1658, -2.4213 0.4528 0.8479, -2.4213 -0.6102 0.8479, -2.4213 -0.6102 0.7626, -2.4213 -0.6042 0.7324, -2.4213 0.4528 0.6838, -2.4213 -0.5872 0.7069, -2.4213 -0.5616 0.6898, -2.4213 -0.5315 0.6838, -2.4213 0.5866 0.7584, -2.4213 0.6209 0.2445, -2.4213 0.7677 0.6784, -2.4213 0.7366 0.7584, -2.4213 1.122 0.0819, -2.4213 1.1172 0.1, -2.4213 1.1039 0.1133, -2.4213 1.1167 -0.0196, -2.4213 1.122 0.0002, -2.4213 1.1022 -0.0341, -2.4213 1.0858 0.1181, -2.4213 1.0824 -0.0394, -2.4213 0.7734 0.199, -2.4213 0.7284 -0.0394, -2.4213 0.7901 0.1663, -2.4213 0.8847 0.1181, -2.4213 0.8486 0.1238, -2.4213 0.8159 0.1405, -2.4213 0.7677 0.2351, -2.4213 0.5866 0.2445, -2.9921 0.4528 0.3249, -2.9921 -0.5872 0.3018, -2.9921 -0.5315 0.3249, -2.9921 -0.6042 0.2763, -2.9921 -0.5616 0.3189, -2.9921 0.4528 0.1658, -2.9921 -0.6102 0.2461, -2.9921 -0.6102 0.1658, -2.9921 -0.6042 0.7324, -2.9921 0.4528 0.6838, -2.9921 -0.5872 0.7069, -2.9921 -0.5315 0.6838, -2.9921 -0.5616 0.6898, -2.9921 0.4528 0.8479, -2.9921 -0.6102 0.7626, -2.9921 -0.6102 0.8479, -2.9921 1.122 0.0819, -2.9921 1.1039 0.1133, -2.9921 1.1172 0.1, -2.9921 0.7677 0.6784, -2.9921 0.5866 0.7584, -2.9921 0.7366 0.7584, -2.9921 1.1167 -0.0196, -2.9921 1.1022 -0.0341, -2.9921 1.122 0.0002, -2.9921 1.0858 0.1181, -2.9921 1.0824 -0.0394, -2.9921 0.7734 0.199, -2.9921 0.7901 0.1663, -2.9921 0.7284 -0.0394, -2.9921 0.8847 0.1181, -2.9921 0.8486 0.1238, -2.9921 0.8159 0.1405, -2.9921 0.6209 0.2445, -2.9921 0.7677 0.2351, -2.9921 0.5866 0.2445, -2.9134 0.4528 0.3249, -2.9134 -0.5315 0.3249, -2.9134 -0.5616 0.3189, -2.9134 -0.5872 0.3018, -2.9134 -0.6042 0.2763, -2.9134 -0.6102 0.2461, -2.9134 -0.6102 0.1658, -2.9134 0.4528 0.1658, -2.9134 0.4528 0.8479, -2.9134 -0.6102 0.8479, -2.9134 -0.6102 0.7626, -2.9134 -0.6042 0.7324, -2.9134 0.4528 0.6838, -2.9134 -0.5872 0.7069, -2.9134 -0.5616 0.6898, -2.9134 -0.5315 0.6838, -2.9134 0.5866 0.7584, -2.9134 0.6209 0.2445, -2.9134 0.7677 0.6784, -2.9134 0.7366 0.7584, -2.9134 1.122 0.0819, -2.9134 1.1172 0.1, -2.9134 1.1039 0.1133, -2.9134 1.1167 -0.0196, -2.9134 1.122 0.0002, -2.9134 1.1022 -0.0341, -2.9134 1.0858 0.1181, -2.9134 1.0824 -0.0394, -2.9134 0.7734 0.199, -2.9134 0.7284 -0.0394, -2.9134 0.7901 0.1663, -2.9134 0.8847 0.1181, -2.9134 0.8486 0.1238, -2.9134 0.8159 0.1405, -2.9134 0.7677 0.2351, -2.9134 0.5866 0.2445, 3.622 -0.048 0.0, 3.7402 -0.0874 -0.0394, 3.622 -0.0874 -0.0394, 3.7402 -0.048 0.0, 3.622 -0.7849 0.251, 3.622 -0.7684 0.4455, 3.622 -0.7787 0.2327, 3.622 -0.7846 0.5068, 3.622 -0.8071 0.5128, 3.622 -0.8071 0.6059, 3.622 -0.7283 0.6847, 3.622 -0.7585 0.6787, 3.622 -0.784 0.6616, 3.622 -0.8011 0.6361, 3.622 -0.7682 0.4903, 3.622 -0.7623 0.4679, 3.622 -0.048 0.6847, 3.622 -0.7849 0.4291, 3.622 -0.7809 0.2134, 3.622 -0.791 0.1969, 3.622 -0.8071 -0.0, 3.622 -0.8071 0.1862, 3.622 -0.7677 -0.0394, 3.7402 -0.8071 -0.0, 3.7402 -0.7677 -0.0394, 3.7402 -0.8071 0.1862, 3.7402 -0.7809 0.2134, 3.7402 -0.7787 0.2327, 3.7402 -0.7849 0.251, 3.7402 -0.791 0.1969, 3.7402 -0.7849 0.4291, 3.7402 -0.7682 0.4903, 3.7402 -0.7846 0.5068, 3.7402 -0.8071 0.5128, 3.7402 -0.7684 0.4455, 3.7402 -0.7623 0.4679, 3.7402 -0.8071 0.6059, 3.7402 -0.784 0.6616, 3.7402 -0.8011 0.6361, 3.7402 -0.7585 0.6787, 3.7402 -0.7283 0.6847, 3.7402 -0.048 0.6847, -3.7402 -0.048 0.0, -3.622 -0.0874 -0.0394, -3.7402 -0.0874 -0.0394, -3.622 -0.048 0.0, -3.7402 -0.7849 0.251, -3.7402 -0.7684 0.4455, -3.7402 -0.7787 0.2327, -3.7402 -0.7846 0.5068, -3.7402 -0.8071 0.5128, -3.7402 -0.8071 0.6059, -3.7402 -0.7283 0.6847, -3.7402 -0.7585 0.6787, -3.7402 -0.784 0.6616, -3.7402 -0.8011 0.6361, -3.7402 -0.7682 0.4903, -3.7402 -0.7623 0.4679, -3.7402 -0.048 0.6847, -3.7402 -0.7849 0.4291, -3.7402 -0.7809 0.2134, -3.7402 -0.791 0.1969, -3.7402 -0.8071 -0.0, -3.7402 -0.8071 0.1862, -3.7402 -0.7677 -0.0394, -3.622 -0.8071 -0.0, -3.622 -0.7677 -0.0394, -3.622 -0.8071 0.1862, -3.622 -0.7787 0.2327, -3.622 -0.791 0.1969, -3.622 -0.7809 0.2134, -3.622 -0.7849 0.251, -3.622 -0.7846 0.5068, -3.622 -0.8071 0.6059, -3.622 -0.8071 0.5128, -3.622 -0.7682 0.4903, -3.622 -0.7283 0.6847, -3.622 -0.7585 0.6787, -3.622 -0.784 0.6616, -3.622 -0.8011 0.6361, -3.622 -0.048 0.6847, -3.622 -0.7623 0.4679, -3.622 -0.7684 0.4455, -3.622 -0.7849 0.4291, -3.622 -0.7849 0.4291
            ]
        }
        coordIndex [
            0,1,2,-1,0,2,3,-1,4,5,6,-1,4,6,7,-1,7,6,8,-1,7,8,9,-1,9,8,10,-1,9,10,11,-1,11,10,12,-1,11,12,13,-1,13,12,14,-1,13,14,15,-1,15,14,5,-1,15,5,4,-1,10,14,12,-1,10,6,5,-1,10,8,6,-1,14,10,5,-1,16,17,18,-1,19,20,21,-1,22,23,24,-1,25,26,27,-1,27,28,29,-1,30,23,31,-1,32,33,24,-1,34,35,32,-1,36,35,34,-1,34,37,36,-1,18,38,39,-1,37,40,41,-1,42,43,16,-1,44,43,42,-1,45,44,42,-1,46,47,48,-1,49,50,48,-1,51,52,49,-1,21,20,51,-1,29,53,54,-1,20,52,51,-1,52,50,49,-1,50,46,48,-1,47,45,48,-1,47,44,45,-1,16,43,17,-1,17,38,18,-1,38,40,39,-1,39,40,37,-1,41,36,37,-1,32,35,33,-1,24,33,22,-1,22,31,23,-1,30,25,23,-1,30,26,25,-1,26,28,27,-1,28,53,29,-1,53,55,54,-1,56,57,58,-1,57,59,58,-1,56,60,61,-1,59,62,63,-1,64,65,66,-1,66,58,64,-1,64,58,59,-1,62,59,57,-1,57,56,61,-1,60,67,61,-1,68,69,70,-1,71,69,68,-1,71,72,69,-1,71,73,72,-1,74,75,76,-1,77,75,78,-1,79,77,78,-1,79,80,77,-1,80,79,81,-1,72,82,76,-1,83,81,84,-1,85,84,86,-1,87,88,89,-1,83,80,81,-1,90,89,91,-1,78,75,74,-1,74,76,82,-1,82,72,73,-1,90,92,70,-1,92,68,70,-1,92,90,91,-1,91,89,88,-1,93,87,85,-1,88,87,93,-1,84,85,83,-1,93,85,86,-1,94,95,96,-1,97,98,99,-1,97,100,98,-1,101,94,102,-1,96,100,102,-1,96,102,94,-1,95,103,104,-1,100,97,102,-1,95,104,96,-1,104,103,100,-1,98,100,103,-1,105,54,55,-1,105,55,106,-1,106,55,53,-1,106,53,107,-1,107,53,28,-1,107,28,108,-1,108,28,26,-1,108,26,109,-1,109,26,30,-1,109,30,110,-1,110,30,31,-1,110,31,111,-1,111,31,22,-1,111,22,112,-1,112,22,33,-1,112,33,113,-1,113,33,35,-1,113,35,114,-1,114,35,36,-1,114,36,115,-1,115,36,41,-1,115,41,116,-1,116,41,40,-1,116,40,117,-1,117,40,38,-1,117,38,118,-1,118,38,17,-1,118,17,119,-1,119,17,43,-1,119,43,120,-1,120,43,44,-1,120,44,121,-1,121,44,47,-1,121,47,122,-1,122,47,46,-1,122,46,123,-1,123,46,50,-1,123,50,124,-1,124,50,52,-1,124,52,125,-1,125,52,20,-1,125,20,126,-1,126,20,19,-1,126,19,127,-1,127,19,21,-1,127,21,128,-1,128,21,51,-1,128,51,129,-1,129,51,49,-1,129,49,130,-1,130,49,48,-1,130,48,131,-1,131,48,45,-1,131,45,132,-1,132,45,42,-1,132,42,133,-1,133,42,16,-1,133,16,134,-1,134,16,18,-1,134,18,135,-1,135,18,39,-1,135,39,136,-1,136,39,37,-1,136,37,137,-1,137,37,34,-1,137,34,138,-1,138,34,32,-1,138,32,139,-1,139,32,24,-1,139,24,140,-1,140,24,23,-1,140,23,141,-1,141,23,25,-1,141,25,142,-1,142,25,27,-1,142,27,143,-1,143,27,29,-1,143,29,144,-1,144,29,54,-1,144,54,105,-1,145,61,67,-1,145,67,146,-1,146,67,60,-1,146,60,147,-1,147,60,56,-1,147,56,148,-1,148,56,58,-1,148,58,149,-1,149,58,66,-1,149,66,150,-1,150,66,65,-1,150,65,151,-1,151,65,64,-1,151,64,152,-1,152,64,59,-1,152,59,153,-1,153,59,63,-1,153,63,154,-1,154,63,62,-1,154,62,155,-1,155,62,57,-1,155,57,156,-1,156,57,61,-1,156,61,145,-1,157,84,81,-1,157,81,158,-1,158,81,79,-1,158,79,159,-1,159,79,78,-1,159,78,160,-1,160,78,74,-1,160,74,161,-1,161,74,82,-1,161,82,162,-1,162,82,73,-1,162,73,163,-1,163,73,71,-1,163,71,164,-1,164,71,68,-1,164,68,165,-1,165,68,92,-1,165,92,166,-1,166,92,91,-1,166,91,167,-1,167,91,88,-1,167,88,168,-1,168,88,93,-1,168,93,169,-1,169,93,86,-1,169,86,170,-1,170,86,84,-1,170,84,157,-1,171,80,83,-1,171,83,172,-1,172,83,85,-1,172,85,173,-1,173,85,87,-1,173,87,174,-1,174,87,89,-1,174,89,175,-1,175,89,90,-1,175,90,176,-1,176,90,70,-1,176,70,177,-1,177,70,69,-1,177,69,178,-1,178,69,72,-1,178,72,179,-1,179,72,76,-1,179,76,180,-1,180,76,75,-1,180,75,181,-1,181,75,77,-1,181,77,182,-1,182,77,80,-1,182,80,171,-1,183,103,95,-1,183,95,184,-1,184,95,94,-1,184,94,185,-1,185,94,101,-1,185,101,186,-1,186,101,102,-1,186,102,187,-1,187,102,97,-1,187,97,188,-1,188,97,99,-1,188,99,189,-1,189,99,98,-1,189,98,190,-1,190,98,103,-1,190,103,183,-1,191,96,104,-1,191,104,192,-1,192,104,100,-1,192,100,193,-1,193,100,96,-1,193,96,191,-1,194,195,196,-1,195,194,197,-1,196,195,198,-1,199,200,194,-1,201,200,199,-1,197,194,200,-1,202,203,204,-1,204,203,205,-1,204,205,206,-1,207,203,208,-1,203,202,208,-1,207,208,209,-1,210,211,212,-1,213,214,215,-1,216,217,218,-1,210,218,219,-1,220,218,217,-1,219,211,210,-1,218,220,219,-1,221,222,223,-1,219,220,224,-1,225,224,223,-1,220,223,224,-1,223,222,226,-1,223,226,225,-1,223,227,221,-1,227,213,228,-1,228,221,227,-1,214,213,227,-1,227,229,214,-1,230,196,231,-1,196,230,194,-1,231,232,233,-1,230,233,234,-1,233,230,231,-1,234,235,230,-1,236,237,235,-1,235,237,230,-1,238,239,240,-1,241,242,240,-1,243,244,245,-1,245,242,243,-1,243,242,241,-1,242,238,240,-1,246,247,248,-1,248,249,246,-1,250,251,252,-1,253,254,255,-1,250,256,254,-1,257,255,254,-1,256,250,252,-1,254,256,257,-1,258,259,260,-1,256,261,257,-1,262,259,261,-1,257,261,259,-1,259,263,260,-1,259,262,263,-1,259,258,247,-1,247,264,248,-1,264,247,258,-1,265,247,246,-1,236,201,199,-1,236,199,237,-1,201,236,235,-1,201,235,200,-1,197,233,195,-1,197,200,234,-1,234,233,197,-1,200,235,234,-1,232,195,233,-1,198,232,231,-1,232,198,195,-1,198,231,196,-1,245,205,203,-1,245,203,242,-1,206,243,204,-1,206,205,244,-1,244,243,206,-1,205,245,244,-1,241,204,243,-1,202,241,240,-1,241,202,204,-1,202,240,208,-1,208,240,239,-1,208,239,209,-1,238,209,239,-1,209,238,207,-1,249,215,214,-1,249,214,246,-1,215,249,248,-1,215,248,213,-1,213,248,264,-1,213,264,228,-1,263,225,226,-1,224,262,261,-1,221,264,258,-1,258,260,222,-1,222,260,226,-1,221,228,264,-1,221,258,222,-1,263,262,225,-1,260,263,226,-1,224,225,262,-1,224,261,256,-1,224,256,219,-1,211,252,251,-1,219,252,211,-1,219,256,252,-1,211,251,212,-1,251,250,212,-1,212,250,210,-1,210,250,254,-1,210,254,218,-1,216,253,255,-1,218,253,216,-1,218,254,253,-1,216,255,217,-1,255,257,217,-1,217,257,220,-1,220,257,259,-1,220,259,223,-1,223,259,247,-1,223,247,227,-1,265,227,247,-1,227,265,229,-1,266,267,268,-1,267,266,269,-1,268,267,270,-1,271,272,266,-1,273,272,271,-1,269,266,272,-1,274,275,276,-1,276,275,277,-1,276,277,278,-1,279,275,280,-1,275,274,280,-1,279,280,281,-1,282,283,284,-1,285,286,287,-1,288,289,290,-1,282,290,291,-1,292,290,289,-1,291,283,282,-1,290,292,291,-1,293,294,295,-1,291,292,296,-1,297,296,295,-1,292,295,296,-1,295,294,298,-1,295,298,297,-1,295,299,293,-1,299,285,300,-1,300,293,299,-1,286,285,299,-1,299,301,286,-1,302,268,303,-1,268,302,266,-1,303,304,305,-1,302,305,306,-1,305,302,303,-1,306,307,302,-1,308,309,307,-1,307,309,302,-1,310,311,312,-1,313,314,312,-1,315,316,317,-1,317,314,315,-1,315,314,313,-1,314,310,312,-1,318,319,320,-1,320,321,318,-1,322,323,324,-1,325,326,327,-1,322,328,326,-1,329,327,326,-1,328,322,324,-1,326,328,329,-1,330,331,332,-1,328,333,329,-1,334,331,333,-1,329,333,331,-1,331,335,332,-1,331,334,335,-1,331,330,319,-1,319,336,320,-1,336,319,330,-1,337,319,318,-1,308,273,271,-1,308,271,309,-1,273,308,307,-1,273,307,272,-1,269,305,267,-1,269,272,306,-1,306,305,269,-1,272,307,306,-1,304,267,305,-1,270,304,303,-1,304,270,267,-1,270,303,268,-1,317,277,275,-1,317,275,314,-1,278,315,276,-1,278,277,316,-1,316,315,278,-1,277,317,316,-1,313,276,315,-1,274,313,312,-1,313,274,276,-1,274,312,280,-1,280,312,311,-1,280,311,281,-1,310,281,311,-1,281,310,279,-1,321,287,286,-1,321,286,318,-1,287,321,320,-1,287,320,285,-1,285,320,336,-1,285,336,300,-1,335,297,298,-1,296,334,333,-1,293,336,330,-1,330,332,294,-1,294,332,298,-1,293,300,336,-1,293,330,294,-1,335,334,297,-1,332,335,298,-1,296,297,334,-1,296,333,328,-1,296,328,291,-1,283,324,323,-1,291,324,283,-1,291,328,324,-1,283,323,284,-1,323,322,284,-1,284,322,282,-1,282,322,326,-1,282,326,290,-1,288,325,327,-1,290,325,288,-1,290,326,325,-1,288,327,289,-1,327,329,289,-1,289,329,292,-1,292,329,331,-1,292,331,295,-1,295,331,319,-1,295,319,299,-1,337,299,319,-1,299,337,301,-1,338,339,340,-1,339,338,341,-1,340,339,342,-1,343,344,338,-1,345,344,343,-1,341,338,344,-1,346,347,348,-1,348,347,349,-1,348,349,350,-1,351,347,352,-1,347,346,352,-1,351,352,353,-1,354,355,356,-1,357,358,359,-1,360,361,362,-1,354,362,363,-1,364,362,361,-1,363,355,354,-1,362,364,363,-1,365,366,367,-1,363,364,368,-1,369,368,367,-1,364,367,368,-1,367,366,370,-1,367,370,369,-1,367,371,365,-1,371,357,372,-1,372,365,371,-1,358,357,371,-1,371,373,358,-1,374,340,375,-1,340,374,338,-1,375,376,377,-1,374,377,378,-1,377,374,375,-1,378,379,374,-1,380,381,379,-1,379,381,374,-1,382,383,384,-1,385,386,384,-1,387,388,389,-1,389,386,387,-1,387,386,385,-1,386,382,384,-1,390,391,392,-1,392,393,390,-1,394,395,396,-1,397,398,399,-1,394,400,398,-1,401,399,398,-1,400,394,396,-1,398,400,401,-1,402,403,404,-1,400,405,401,-1,406,403,405,-1,401,405,403,-1,403,407,404,-1,403,406,407,-1,403,402,391,-1,391,408,392,-1,408,391,402,-1,409,391,390,-1,380,345,343,-1,380,343,381,-1,345,380,379,-1,345,379,344,-1,341,377,339,-1,341,344,378,-1,378,377,341,-1,344,379,378,-1,376,339,377,-1,342,376,375,-1,376,342,339,-1,342,375,340,-1,389,349,347,-1,389,347,386,-1,350,387,348,-1,350,349,388,-1,388,387,350,-1,349,389,388,-1,385,348,387,-1,346,385,384,-1,385,346,348,-1,346,384,352,-1,352,384,383,-1,352,383,353,-1,382,353,383,-1,353,382,351,-1,393,359,358,-1,393,358,390,-1,359,393,392,-1,359,392,357,-1,357,392,408,-1,357,408,372,-1,407,369,370,-1,368,406,405,-1,365,408,402,-1,402,404,366,-1,366,404,370,-1,365,372,408,-1,365,402,366,-1,407,406,369,-1,404,407,370,-1,368,369,406,-1,368,405,400,-1,368,400,363,-1,355,396,395,-1,363,396,355,-1,363,400,396,-1,355,395,356,-1,395,394,356,-1,356,394,354,-1,354,394,398,-1,354,398,362,-1,360,397,399,-1,362,397,360,-1,362,398,397,-1,360,399,361,-1,399,401,361,-1,361,401,364,-1,364,401,403,-1,364,403,367,-1,367,403,391,-1,367,391,371,-1,409,371,391,-1,371,409,373,-1,410,411,412,-1,411,410,413,-1,412,411,414,-1,415,416,410,-1,417,416,415,-1,413,410,416,-1,418,419,420,-1,420,419,421,-1,420,421,422,-1,423,419,424,-1,419,418,424,-1,423,424,425,-1,426,427,428,-1,429,430,431,-1,432,433,434,-1,426,434,435,-1,436,434,433,-1,435,427,426,-1,434,436,435,-1,437,438,439,-1,435,436,440,-1,441,440,439,-1,436,439,440,-1,439,438,442,-1,439,442,441,-1,439,443,437,-1,443,429,444,-1,444,437,443,-1,430,429,443,-1,443,445,430,-1,446,412,447,-1,412,446,410,-1,447,448,449,-1,446,449,450,-1,449,446,447,-1,450,451,446,-1,452,453,451,-1,451,453,446,-1,454,455,456,-1,457,458,456,-1,459,460,461,-1,461,458,459,-1,459,458,457,-1,458,454,456,-1,462,463,464,-1,464,465,462,-1,466,467,468,-1,469,470,471,-1,466,472,470,-1,473,471,470,-1,472,466,468,-1,470,472,473,-1,474,475,476,-1,472,477,473,-1,478,475,477,-1,473,477,475,-1,475,479,476,-1,475,478,479,-1,475,474,463,-1,463,480,464,-1,480,463,474,-1,481,463,462,-1,452,417,415,-1,452,415,453,-1,417,452,451,-1,417,451,416,-1,413,449,411,-1,413,416,450,-1,450,449,413,-1,416,451,450,-1,448,411,449,-1,414,448,447,-1,448,414,411,-1,414,447,412,-1,461,421,419,-1,461,419,458,-1,422,459,420,-1,422,421,460,-1,460,459,422,-1,421,461,460,-1,457,420,459,-1,418,457,456,-1,457,418,420,-1,418,456,424,-1,424,456,455,-1,424,455,425,-1,454,425,455,-1,425,454,423,-1,465,431,430,-1,465,430,462,-1,431,465,464,-1,431,464,429,-1,429,464,480,-1,429,480,444,-1,479,441,442,-1,440,478,477,-1,437,480,474,-1,474,476,438,-1,438,476,442,-1,437,444,480,-1,437,474,438,-1,479,478,441,-1,476,479,442,-1,440,441,478,-1,440,477,472,-1,440,472,435,-1,427,468,467,-1,435,468,427,-1,435,472,468,-1,427,467,428,-1,467,466,428,-1,428,466,426,-1,426,466,470,-1,426,470,434,-1,432,469,471,-1,434,469,432,-1,434,470,469,-1,432,471,433,-1,471,473,433,-1,433,473,436,-1,436,473,475,-1,436,475,439,-1,439,475,463,-1,439,463,443,-1,481,443,463,-1,443,481,445,-1,482,483,484,-1,483,482,485,-1,484,483,486,-1,487,488,482,-1,489,488,487,-1,485,482,488,-1,490,491,492,-1,492,491,493,-1,492,493,494,-1,495,491,496,-1,491,490,496,-1,495,496,497,-1,498,499,500,-1,501,502,503,-1,504,505,506,-1,498,506,507,-1,508,506,505,-1,507,499,498,-1,506,508,507,-1,509,510,511,-1,507,508,512,-1,513,512,511,-1,508,511,512,-1,511,510,514,-1,511,514,513,-1,511,515,509,-1,515,501,516,-1,516,509,515,-1,502,501,515,-1,515,517,502,-1,518,484,519,-1,484,518,482,-1,519,520,521,-1,518,521,522,-1,521,518,519,-1,522,523,518,-1,524,525,523,-1,523,525,518,-1,526,527,528,-1,529,530,528,-1,531,532,533,-1,533,530,531,-1,531,530,529,-1,530,526,528,-1,534,535,536,-1,536,537,534,-1,538,539,540,-1,541,542,543,-1,538,544,542,-1,545,543,542,-1,544,538,540,-1,542,544,545,-1,546,547,548,-1,544,549,545,-1,550,547,549,-1,545,549,547,-1,547,551,548,-1,547,550,551,-1,547,546,535,-1,535,552,536,-1,552,535,546,-1,553,535,534,-1,524,489,487,-1,524,487,525,-1,489,524,523,-1,489,523,488,-1,485,521,483,-1,485,488,522,-1,522,521,485,-1,488,523,522,-1,520,483,521,-1,486,520,519,-1,520,486,483,-1,486,519,484,-1,533,493,491,-1,533,491,530,-1,494,531,492,-1,494,493,532,-1,532,531,494,-1,493,533,532,-1,529,492,531,-1,490,529,528,-1,529,490,492,-1,490,528,496,-1,496,528,527,-1,496,527,497,-1,526,497,527,-1,497,526,495,-1,537,503,502,-1,537,502,534,-1,503,537,536,-1,503,536,501,-1,501,536,552,-1,501,552,516,-1,551,513,514,-1,512,550,549,-1,509,552,546,-1,546,548,510,-1,510,548,514,-1,509,516,552,-1,509,546,510,-1,551,550,513,-1,548,551,514,-1,512,513,550,-1,512,549,544,-1,512,544,507,-1,499,540,539,-1,507,540,499,-1,507,544,540,-1,499,539,500,-1,539,538,500,-1,500,538,498,-1,498,538,542,-1,498,542,506,-1,504,541,543,-1,506,541,504,-1,506,542,541,-1,504,543,505,-1,543,545,505,-1,505,545,508,-1,508,545,547,-1,508,547,511,-1,511,547,535,-1,511,535,515,-1,553,515,535,-1,515,553,517,-1,554,555,556,-1,555,554,557,-1,556,555,558,-1,559,560,554,-1,561,560,559,-1,557,554,560,-1,562,563,564,-1,564,563,565,-1,564,565,566,-1,567,563,568,-1,563,562,568,-1,567,568,569,-1,570,571,572,-1,573,574,575,-1,576,577,578,-1,570,578,579,-1,580,578,577,-1,579,571,570,-1,578,580,579,-1,581,582,583,-1,579,580,584,-1,585,584,583,-1,580,583,584,-1,583,582,586,-1,583,586,585,-1,583,587,581,-1,587,573,588,-1,588,581,587,-1,574,573,587,-1,587,589,574,-1,590,556,591,-1,556,590,554,-1,591,592,593,-1,590,593,594,-1,593,590,591,-1,594,595,590,-1,596,597,595,-1,595,597,590,-1,598,599,600,-1,601,602,600,-1,603,604,605,-1,605,602,603,-1,603,602,601,-1,602,598,600,-1,606,607,608,-1,608,609,606,-1,610,611,612,-1,613,614,615,-1,610,616,614,-1,617,615,614,-1,616,610,612,-1,614,616,617,-1,618,619,620,-1,616,621,617,-1,622,619,621,-1,617,621,619,-1,619,623,620,-1,619,622,623,-1,619,618,607,-1,607,624,608,-1,624,607,618,-1,625,607,606,-1,596,561,559,-1,596,559,597,-1,561,596,595,-1,561,595,560,-1,557,593,555,-1,557,560,594,-1,594,593,557,-1,560,595,594,-1,592,555,593,-1,558,592,591,-1,592,558,555,-1,558,591,556,-1,605,565,563,-1,605,563,602,-1,566,603,564,-1,566,565,604,-1,604,603,566,-1,565,605,604,-1,601,564,603,-1,562,601,600,-1,601,562,564,-1,562,600,568,-1,568,600,599,-1,568,599,569,-1,598,569,599,-1,569,598,567,-1,609,575,574,-1,609,574,606,-1,575,609,608,-1,575,608,573,-1,573,608,624,-1,573,624,588,-1,623,585,586,-1,584,622,621,-1,581,624,618,-1,618,620,582,-1,582,620,586,-1,581,588,624,-1,581,618,582,-1,623,622,585,-1,620,623,586,-1,584,585,622,-1,584,621,616,-1,584,616,579,-1,571,612,611,-1,579,612,571,-1,579,616,612,-1,571,611,572,-1,611,610,572,-1,572,610,570,-1,570,610,614,-1,570,614,578,-1,576,613,615,-1,578,613,576,-1,578,614,613,-1,576,615,577,-1,615,617,577,-1,577,617,580,-1,580,617,619,-1,580,619,583,-1,583,619,607,-1,583,607,587,-1,625,587,607,-1,587,625,589,-1,626,627,628,-1,627,626,629,-1,628,627,630,-1,631,632,626,-1,633,632,631,-1,629,626,632,-1,634,635,636,-1,636,635,637,-1,636,637,638,-1,639,635,640,-1,635,634,640,-1,639,640,641,-1,642,643,644,-1,645,646,647,-1,648,649,650,-1,642,650,651,-1,652,650,649,-1,651,643,642,-1,650,652,651,-1,653,654,655,-1,651,652,656,-1,657,656,655,-1,652,655,656,-1,655,654,658,-1,655,658,657,-1,655,659,653,-1,659,645,660,-1,660,653,659,-1,646,645,659,-1,659,661,646,-1,662,628,663,-1,628,662,626,-1,663,664,665,-1,662,665,666,-1,665,662,663,-1,666,667,662,-1,668,669,667,-1,667,669,662,-1,670,671,672,-1,673,674,672,-1,675,676,677,-1,677,674,675,-1,675,674,673,-1,674,670,672,-1,678,679,680,-1,680,681,678,-1,682,683,684,-1,685,686,687,-1,682,688,686,-1,689,687,686,-1,688,682,684,-1,686,688,689,-1,690,691,692,-1,688,693,689,-1,694,691,693,-1,689,693,691,-1,691,695,692,-1,691,694,695,-1,691,690,679,-1,679,696,680,-1,696,679,690,-1,697,679,678,-1,668,633,631,-1,668,631,669,-1,633,668,667,-1,633,667,632,-1,629,665,627,-1,629,632,666,-1,666,665,629,-1,632,667,666,-1,664,627,665,-1,630,664,663,-1,664,630,627,-1,630,663,628,-1,677,637,635,-1,677,635,674,-1,638,675,636,-1,638,637,676,-1,676,675,638,-1,637,677,676,-1,673,636,675,-1,634,673,672,-1,673,634,636,-1,634,672,640,-1,640,672,671,-1,640,671,641,-1,670,641,671,-1,641,670,639,-1,681,647,646,-1,681,646,678,-1,647,681,680,-1,647,680,645,-1,645,680,696,-1,645,696,660,-1,695,657,658,-1,656,694,693,-1,653,696,690,-1,690,692,654,-1,654,692,658,-1,653,660,696,-1,653,690,654,-1,695,694,657,-1,692,695,658,-1,656,657,694,-1,656,693,688,-1,656,688,651,-1,643,684,683,-1,651,684,643,-1,651,688,684,-1,643,683,644,-1,683,682,644,-1,644,682,642,-1,642,682,686,-1,642,686,650,-1,648,685,687,-1,650,685,648,-1,650,686,685,-1,648,687,649,-1,687,689,649,-1,649,689,652,-1,652,689,691,-1,652,691,655,-1,655,691,679,-1,655,679,659,-1,697,659,679,-1,659,697,661,-1,698,699,700,-1,699,698,701,-1,700,699,702,-1,703,704,698,-1,705,704,703,-1,701,698,704,-1,706,2,707,-1,707,2,1,-1,707,1,708,-1,709,2,710,-1,2,706,710,-1,709,710,711,-1,712,713,714,-1,715,716,717,-1,718,719,720,-1,712,720,721,-1,722,720,719,-1,721,713,712,-1,720,722,721,-1,723,724,725,-1,721,722,726,-1,727,726,725,-1,722,725,726,-1,725,724,728,-1,725,728,727,-1,725,729,723,-1,729,715,730,-1,730,723,729,-1,716,715,729,-1,729,731,716,-1,732,700,733,-1,700,732,698,-1,733,734,735,-1,732,735,736,-1,735,732,733,-1,736,737,732,-1,738,739,737,-1,737,739,732,-1,740,741,742,-1,743,3,742,-1,744,745,0,-1,0,3,744,-1,744,3,743,-1,3,740,742,-1,746,747,748,-1,748,749,746,-1,750,751,752,-1,753,754,755,-1,750,756,754,-1,757,755,754,-1,756,750,752,-1,754,756,757,-1,758,759,760,-1,756,761,757,-1,762,759,761,-1,757,761,759,-1,759,763,760,-1,759,762,763,-1,759,758,747,-1,747,764,748,-1,764,747,758,-1,765,747,746,-1,738,705,703,-1,738,703,739,-1,705,738,737,-1,705,737,704,-1,701,735,699,-1,701,704,736,-1,736,735,701,-1,704,737,736,-1,734,699,735,-1,702,734,733,-1,734,702,699,-1,702,733,700,-1,708,744,707,-1,708,1,745,-1,745,744,708,-1,1,0,745,-1,743,707,744,-1,706,743,742,-1,743,706,707,-1,706,742,710,-1,710,742,741,-1,710,741,711,-1,740,711,741,-1,711,740,709,-1,749,717,716,-1,749,716,746,-1,717,749,748,-1,717,748,715,-1,715,748,764,-1,715,764,730,-1,763,727,728,-1,726,762,761,-1,723,764,758,-1,758,760,724,-1,724,760,728,-1,723,730,764,-1,723,758,724,-1,763,762,727,-1,760,763,728,-1,726,727,762,-1,726,761,756,-1,726,756,721,-1,713,752,751,-1,721,752,713,-1,721,756,752,-1,713,751,714,-1,751,750,714,-1,714,750,712,-1,712,750,754,-1,712,754,720,-1,718,753,755,-1,720,753,718,-1,720,754,753,-1,718,755,719,-1,755,757,719,-1,719,757,722,-1,722,757,759,-1,722,759,725,-1,725,759,747,-1,725,747,729,-1,765,729,747,-1,729,765,731,-1,766,767,768,-1,767,766,769,-1,768,767,770,-1,771,772,766,-1,773,772,771,-1,769,766,772,-1,774,775,776,-1,776,775,777,-1,776,777,778,-1,779,775,780,-1,775,774,780,-1,779,780,781,-1,782,783,784,-1,785,786,787,-1,788,789,790,-1,782,790,791,-1,792,790,789,-1,791,783,782,-1,790,792,791,-1,793,794,795,-1,791,792,796,-1,797,796,795,-1,792,795,796,-1,795,794,798,-1,795,798,797,-1,795,799,793,-1,799,785,800,-1,800,793,799,-1,786,785,799,-1,799,801,786,-1,802,768,803,-1,768,802,766,-1,803,804,805,-1,802,805,806,-1,805,802,803,-1,806,807,802,-1,808,809,807,-1,807,809,802,-1,810,811,812,-1,813,814,812,-1,815,816,817,-1,817,814,815,-1,815,814,813,-1,814,810,812,-1,818,819,820,-1,820,821,818,-1,822,823,824,-1,825,826,827,-1,822,828,826,-1,829,827,826,-1,828,822,824,-1,826,828,829,-1,830,831,832,-1,828,833,829,-1,834,831,833,-1,829,833,831,-1,831,835,832,-1,831,834,835,-1,831,830,819,-1,819,836,820,-1,836,819,830,-1,837,819,818,-1,808,773,771,-1,808,771,809,-1,773,808,807,-1,773,807,772,-1,769,805,767,-1,769,772,806,-1,806,805,769,-1,772,807,806,-1,804,767,805,-1,770,804,803,-1,804,770,767,-1,770,803,768,-1,817,777,775,-1,817,775,814,-1,778,815,776,-1,778,777,816,-1,816,815,778,-1,777,817,816,-1,813,776,815,-1,774,813,812,-1,813,774,776,-1,774,812,780,-1,780,812,811,-1,780,811,781,-1,810,781,811,-1,781,810,779,-1,821,787,786,-1,821,786,818,-1,787,821,820,-1,787,820,785,-1,785,820,836,-1,785,836,800,-1,835,797,798,-1,796,834,833,-1,793,836,830,-1,830,832,794,-1,794,832,798,-1,793,800,836,-1,793,830,794,-1,835,834,797,-1,832,835,798,-1,796,797,834,-1,796,833,828,-1,796,828,791,-1,783,824,823,-1,791,824,783,-1,791,828,824,-1,783,823,784,-1,823,822,784,-1,784,822,782,-1,782,822,826,-1,782,826,790,-1,788,825,827,-1,790,825,788,-1,790,826,825,-1,788,827,789,-1,827,829,789,-1,789,829,792,-1,792,829,831,-1,792,831,795,-1,795,831,819,-1,795,819,799,-1,837,799,819,-1,799,837,801,-1,838,839,840,-1,839,838,841,-1,840,839,842,-1,843,844,838,-1,845,844,843,-1,841,838,844,-1,846,847,848,-1,848,847,849,-1,848,849,850,-1,851,847,852,-1,847,846,852,-1,851,852,853,-1,854,855,856,-1,857,858,859,-1,860,861,862,-1,854,862,863,-1,864,862,861,-1,863,855,854,-1,862,864,863,-1,865,866,867,-1,863,864,868,-1,869,868,867,-1,864,867,868,-1,867,866,870,-1,867,870,869,-1,867,871,865,-1,871,857,872,-1,872,865,871,-1,858,857,871,-1,871,873,858,-1,874,840,875,-1,840,874,838,-1,875,876,877,-1,874,877,878,-1,877,874,875,-1,878,879,874,-1,880,881,879,-1,879,881,874,-1,882,883,884,-1,885,886,884,-1,887,888,889,-1,889,886,887,-1,887,886,885,-1,886,882,884,-1,890,891,892,-1,892,893,890,-1,894,895,896,-1,897,898,899,-1,894,900,898,-1,901,899,898,-1,900,894,896,-1,898,900,901,-1,902,903,904,-1,900,905,901,-1,906,903,905,-1,901,905,903,-1,903,907,904,-1,903,906,907,-1,903,902,891,-1,891,908,892,-1,908,891,902,-1,909,891,890,-1,880,845,843,-1,880,843,881,-1,845,880,879,-1,845,879,844,-1,841,877,839,-1,841,844,878,-1,878,877,841,-1,844,879,878,-1,876,839,877,-1,842,876,875,-1,876,842,839,-1,842,875,840,-1,889,849,847,-1,889,847,886,-1,850,887,848,-1,850,849,888,-1,888,887,850,-1,849,889,888,-1,885,848,887,-1,846,885,884,-1,885,846,848,-1,846,884,852,-1,852,884,883,-1,852,883,853,-1,882,853,883,-1,853,882,851,-1,893,859,858,-1,893,858,890,-1,859,893,892,-1,859,892,857,-1,857,892,908,-1,857,908,872,-1,907,869,870,-1,868,906,905,-1,865,908,902,-1,902,904,866,-1,866,904,870,-1,865,872,908,-1,865,902,866,-1,907,906,869,-1,904,907,870,-1,868,869,906,-1,868,905,900,-1,868,900,863,-1,855,896,895,-1,863,896,855,-1,863,900,896,-1,855,895,856,-1,895,894,856,-1,856,894,854,-1,854,894,898,-1,854,898,862,-1,860,897,899,-1,862,897,860,-1,862,898,897,-1,860,899,861,-1,899,901,861,-1,861,901,864,-1,864,901,903,-1,864,903,867,-1,867,903,891,-1,867,891,871,-1,909,871,891,-1,871,909,873,-1,910,911,912,-1,911,910,913,-1,912,911,914,-1,915,916,910,-1,917,916,915,-1,913,910,916,-1,918,919,920,-1,920,919,921,-1,920,921,922,-1,923,919,924,-1,919,918,924,-1,923,924,925,-1,926,927,928,-1,929,930,931,-1,932,933,934,-1,926,934,935,-1,936,934,933,-1,935,927,926,-1,934,936,935,-1,937,938,939,-1,935,936,940,-1,941,940,939,-1,936,939,940,-1,939,938,942,-1,939,942,941,-1,939,943,937,-1,943,929,944,-1,944,937,943,-1,930,929,943,-1,943,945,930,-1,946,912,947,-1,912,946,910,-1,947,948,949,-1,946,949,950,-1,949,946,947,-1,950,951,946,-1,952,953,951,-1,951,953,946,-1,954,955,956,-1,957,958,956,-1,959,960,961,-1,961,958,959,-1,959,958,957,-1,958,954,956,-1,962,963,964,-1,964,965,962,-1,966,967,968,-1,969,970,971,-1,966,972,970,-1,973,971,970,-1,972,966,968,-1,970,972,973,-1,974,975,976,-1,972,977,973,-1,978,975,977,-1,973,977,975,-1,975,979,976,-1,975,978,979,-1,975,974,963,-1,963,980,964,-1,980,963,974,-1,981,963,962,-1,952,917,915,-1,952,915,953,-1,917,952,951,-1,917,951,916,-1,913,949,911,-1,913,916,950,-1,950,949,913,-1,916,951,950,-1,948,911,949,-1,914,948,947,-1,948,914,911,-1,914,947,912,-1,961,921,919,-1,961,919,958,-1,922,959,920,-1,922,921,960,-1,960,959,922,-1,921,961,960,-1,957,920,959,-1,918,957,956,-1,957,918,920,-1,918,956,924,-1,924,956,955,-1,924,955,925,-1,954,925,955,-1,925,954,923,-1,965,931,930,-1,965,930,962,-1,931,965,964,-1,931,964,929,-1,929,964,980,-1,929,980,944,-1,979,941,942,-1,940,978,977,-1,937,980,974,-1,974,976,938,-1,938,976,942,-1,937,944,980,-1,937,974,938,-1,979,978,941,-1,976,979,942,-1,940,941,978,-1,940,977,972,-1,940,972,935,-1,927,968,967,-1,935,968,927,-1,935,972,968,-1,927,967,928,-1,967,966,928,-1,928,966,926,-1,926,966,970,-1,926,970,934,-1,932,969,971,-1,934,969,932,-1,934,970,969,-1,932,971,933,-1,971,973,933,-1,933,973,936,-1,936,973,975,-1,936,975,939,-1,939,975,963,-1,939,963,943,-1,981,943,963,-1,943,981,945,-1,982,983,984,-1,983,982,985,-1,984,983,986,-1,987,988,982,-1,989,988,987,-1,985,982,988,-1,990,991,992,-1,992,991,993,-1,992,993,994,-1,995,991,996,-1,991,990,996,-1,995,996,997,-1,998,999,1000,-1,1001,1002,1003,-1,1004,1005,1006,-1,998,1006,1007,-1,1008,1006,1005,-1,1007,999,998,-1,1006,1008,1007,-1,1009,1010,1011,-1,1007,1008,1012,-1,1013,1012,1011,-1,1008,1011,1012,-1,1011,1010,1014,-1,1011,1014,1013,-1,1011,1015,1009,-1,1015,1001,1016,-1,1016,1009,1015,-1,1002,1001,1015,-1,1015,1017,1002,-1,1018,984,1019,-1,984,1018,982,-1,1019,1020,1021,-1,1018,1021,1022,-1,1021,1018,1019,-1,1022,1023,1018,-1,1024,1025,1023,-1,1023,1025,1018,-1,1026,1027,1028,-1,1029,1030,1028,-1,1031,1032,1033,-1,1033,1030,1031,-1,1031,1030,1029,-1,1030,1026,1028,-1,1034,1035,1036,-1,1036,1037,1034,-1,1038,1039,1040,-1,1041,1042,1043,-1,1038,1044,1042,-1,1045,1043,1042,-1,1044,1038,1040,-1,1042,1044,1045,-1,1046,1047,1048,-1,1044,1049,1045,-1,1050,1047,1049,-1,1045,1049,1047,-1,1047,1051,1048,-1,1047,1050,1051,-1,1047,1046,1035,-1,1035,1052,1036,-1,1052,1035,1046,-1,1053,1035,1034,-1,1024,989,987,-1,1024,987,1025,-1,989,1024,1023,-1,989,1023,988,-1,985,1021,983,-1,985,988,1022,-1,1022,1021,985,-1,988,1023,1022,-1,1020,983,1021,-1,986,1020,1019,-1,1020,986,983,-1,986,1019,984,-1,1033,993,991,-1,1033,991,1030,-1,994,1031,992,-1,994,993,1032,-1,1032,1031,994,-1,993,1033,1032,-1,1029,992,1031,-1,990,1029,1028,-1,1029,990,992,-1,990,1028,996,-1,996,1028,1027,-1,996,1027,997,-1,1026,997,1027,-1,997,1026,995,-1,1037,1003,1002,-1,1037,1002,1034,-1,1003,1037,1036,-1,1003,1036,1001,-1,1001,1036,1052,-1,1001,1052,1016,-1,1051,1013,1014,-1,1012,1050,1049,-1,1009,1052,1046,-1,1046,1048,1010,-1,1010,1048,1014,-1,1009,1016,1052,-1,1009,1046,1010,-1,1051,1050,1013,-1,1048,1051,1014,-1,1012,1013,1050,-1,1012,1049,1044,-1,1012,1044,1007,-1,999,1040,1039,-1,1007,1040,999,-1,1007,1044,1040,-1,999,1039,1000,-1,1039,1038,1000,-1,1000,1038,998,-1,998,1038,1042,-1,998,1042,1006,-1,1004,1041,1043,-1,1006,1041,1004,-1,1006,1042,1041,-1,1004,1043,1005,-1,1043,1045,1005,-1,1005,1045,1008,-1,1008,1045,1047,-1,1008,1047,1011,-1,1011,1047,1035,-1,1011,1035,1015,-1,1053,1015,1035,-1,1015,1053,1017,-1,1054,1055,1056,-1,1055,1054,1057,-1,1056,1055,1058,-1,1059,1060,1054,-1,1061,1060,1059,-1,1057,1054,1060,-1,1062,1063,1064,-1,1064,1063,1065,-1,1064,1065,1066,-1,1067,1063,1068,-1,1063,1062,1068,-1,1067,1068,1069,-1,1070,1071,1072,-1,1073,1074,1075,-1,1076,1077,1078,-1,1070,1078,1079,-1,1080,1078,1077,-1,1079,1071,1070,-1,1078,1080,1079,-1,1081,1082,1083,-1,1079,1080,1084,-1,1085,1084,1083,-1,1080,1083,1084,-1,1083,1082,1086,-1,1083,1086,1085,-1,1083,1087,1081,-1,1087,1073,1088,-1,1088,1081,1087,-1,1074,1073,1087,-1,1087,1089,1074,-1,1090,1056,1091,-1,1056,1090,1054,-1,1091,1092,1093,-1,1090,1093,1094,-1,1093,1090,1091,-1,1094,1095,1090,-1,1096,1097,1095,-1,1095,1097,1090,-1,1098,1099,1100,-1,1101,1102,1100,-1,1103,1104,1105,-1,1105,1102,1103,-1,1103,1102,1101,-1,1102,1098,1100,-1,1106,1107,1108,-1,1108,1109,1106,-1,1110,1111,1112,-1,1113,1114,1115,-1,1110,1116,1114,-1,1117,1115,1114,-1,1116,1110,1112,-1,1114,1116,1117,-1,1118,1119,1120,-1,1116,1121,1117,-1,1122,1119,1121,-1,1117,1121,1119,-1,1119,1123,1120,-1,1119,1122,1123,-1,1119,1118,1107,-1,1107,1124,1108,-1,1124,1107,1118,-1,1125,1107,1106,-1,1096,1061,1059,-1,1096,1059,1097,-1,1061,1096,1095,-1,1061,1095,1060,-1,1057,1093,1055,-1,1057,1060,1094,-1,1094,1093,1057,-1,1060,1095,1094,-1,1092,1055,1093,-1,1058,1092,1091,-1,1092,1058,1055,-1,1058,1091,1056,-1,1105,1065,1063,-1,1105,1063,1102,-1,1066,1103,1064,-1,1066,1065,1104,-1,1104,1103,1066,-1,1065,1105,1104,-1,1101,1064,1103,-1,1062,1101,1100,-1,1101,1062,1064,-1,1062,1100,1068,-1,1068,1100,1099,-1,1068,1099,1069,-1,1098,1069,1099,-1,1069,1098,1067,-1,1109,1075,1074,-1,1109,1074,1106,-1,1075,1109,1108,-1,1075,1108,1073,-1,1073,1108,1124,-1,1073,1124,1088,-1,1123,1085,1086,-1,1084,1122,1121,-1,1081,1124,1118,-1,1118,1120,1082,-1,1082,1120,1086,-1,1081,1088,1124,-1,1081,1118,1082,-1,1123,1122,1085,-1,1120,1123,1086,-1,1084,1085,1122,-1,1084,1121,1116,-1,1084,1116,1079,-1,1071,1112,1111,-1,1079,1112,1071,-1,1079,1116,1112,-1,1071,1111,1072,-1,1111,1110,1072,-1,1072,1110,1070,-1,1070,1110,1114,-1,1070,1114,1078,-1,1076,1113,1115,-1,1078,1113,1076,-1,1078,1114,1113,-1,1076,1115,1077,-1,1115,1117,1077,-1,1077,1117,1080,-1,1080,1117,1119,-1,1080,1119,1083,-1,1083,1119,1107,-1,1083,1107,1087,-1,1125,1087,1107,-1,1087,1125,1089,-1,1126,1127,1128,-1,1127,1126,1129,-1,1130,1131,1132,-1,1133,1134,1135,-1,1135,1136,1133,-1,1137,1136,1138,-1,1139,1138,1136,-1,1139,1136,1135,-1,1133,1136,1140,-1,1141,1126,1131,-1,1136,1142,1141,-1,1141,1142,1126,-1,1140,1136,1141,-1,1143,1131,1130,-1,1131,1126,1132,-1,1132,1126,1128,-1,1132,1128,1144,-1,1145,1146,1147,-1,1146,1145,1148,-1,1145,1144,1148,-1,1148,1144,1128,-1,1148,1149,1146,-1,1149,1148,1150,-1,1151,1147,1146,-1,1151,1146,1149,-1,1152,1132,1144,-1,1130,1153,1154,-1,1147,1151,1145,-1,1151,1155,1145,-1,1155,1152,1144,-1,1145,1155,1144,-1,1153,1130,1132,-1,1152,1153,1132,-1,1130,1154,1156,-1,1130,1156,1143,-1,1157,1133,1140,-1,1134,1158,1159,-1,1131,1156,1160,-1,1160,1161,1141,-1,1141,1161,1140,-1,1131,1143,1156,-1,1131,1160,1141,-1,1157,1158,1133,-1,1161,1157,1140,-1,1134,1133,1158,-1,1162,1134,1159,-1,1134,1162,1135,-1,1163,1138,1139,-1,1135,1164,1139,-1,1163,1139,1164,-1,1162,1164,1135,-1,1165,1138,1163,-1,1137,1165,1166,-1,1165,1137,1138,-1,1137,1166,1136,-1,1167,1142,1136,-1,1167,1136,1166,-1,1129,1142,1167,-1,1142,1129,1126,-1,1158,1162,1159,-1,1157,1166,1158,-1,1158,1166,1162,-1,1165,1163,1166,-1,1164,1166,1163,-1,1164,1162,1166,-1,1167,1166,1161,-1,1152,1155,1150,-1,1129,1167,1161,-1,1157,1161,1166,-1,1154,1153,1160,-1,1161,1160,1129,-1,1129,1160,1153,-1,1160,1156,1154,-1,1153,1127,1129,-1,1150,1127,1152,-1,1127,1153,1152,-1,1155,1151,1149,-1,1155,1149,1150,-1,1150,1128,1127,-1,1128,1150,1148,-1,1168,1169,1170,-1,1169,1168,1171,-1,1172,1173,1174,-1,1175,1176,1177,-1,1177,1178,1175,-1,1179,1178,1180,-1,1181,1180,1178,-1,1181,1178,1177,-1,1175,1178,1182,-1,1183,1168,1173,-1,1178,1184,1183,-1,1183,1184,1168,-1,1182,1178,1183,-1,1185,1173,1172,-1,1173,1168,1174,-1,1174,1168,1170,-1,1174,1170,1186,-1,1187,1188,1189,-1,1188,1187,1190,-1,1187,1186,1190,-1,1190,1186,1170,-1,1190,1191,1188,-1,1191,1190,1192,-1,1189,1188,1191,-1,1191,1193,1189,-1,1187,1189,1193,-1,1172,1174,1194,-1,1186,1195,1196,-1,1197,1172,1194,-1,1186,1196,1174,-1,1194,1174,1196,-1,1187,1193,1195,-1,1186,1187,1195,-1,1198,1199,1200,-1,1201,1202,1198,-1,1198,1202,1199,-1,1203,1204,1202,-1,1205,1202,1204,-1,1205,1199,1202,-1,1206,1202,1207,-1,1196,1195,1192,-1,1171,1206,1207,-1,1201,1207,1202,-1,1197,1194,1208,-1,1207,1208,1171,-1,1171,1208,1194,-1,1208,1209,1197,-1,1194,1169,1171,-1,1192,1169,1196,-1,1169,1194,1196,-1,1195,1193,1191,-1,1195,1191,1192,-1,1185,1197,1209,-1,1185,1172,1197,-1,1173,1185,1209,-1,1175,1182,1201,-1,1183,1208,1207,-1,1176,1198,1200,-1,1198,1176,1175,-1,1201,1182,1207,-1,1198,1175,1201,-1,1183,1173,1208,-1,1182,1183,1207,-1,1209,1208,1173,-1,1200,1177,1176,-1,1200,1199,1177,-1,1204,1180,1181,-1,1177,1205,1181,-1,1204,1181,1205,-1,1199,1205,1177,-1,1203,1180,1204,-1,1179,1203,1202,-1,1203,1179,1180,-1,1179,1202,1178,-1,1184,1178,1202,-1,1202,1206,1184,-1,1206,1168,1184,-1,1206,1171,1168,-1,1169,1190,1170,-1,1169,1192,1190,-1,
        ]
    }
}
Shape{
    appearance Appearance {
        material  Material 	{
            diffuseColor 0.8470588235294118 0.803921568627451 0.7372549019607844
            specularColor 0.7529411764705882 0.7529411764705882 0.7529411764705882
            ambientIntensity 0.2
            transparency 0
            shininess 0.5
        }
    }
    geometry IndexedFaceSet {
        ccw TRUE
        solid FALSE
        coord DEF co Coordinate {
            point [
                0.0394 0.4528 0.6838, 0.4528 0.4528 0.6838, 0.1575 0.4528 0.7087, 2.9134 0.4528 0.6838, 2.9921 0.4528 0.3249, 2.9921 0.4528 0.6838, 2.5197 0.4528 0.7087, 2.5197 0.4528 0.8661, 2.5 0.4528 0.8479, 0.5315 0.4528 0.3249, 0.5512 0.4528 0.2165, 0.9252 0.4528 0.2165, 2.7953 0.4528 0.7087, 2.6181 0.4528 0.7087, -1.9094 0.4528 0.2165, -1.9291 0.4528 0.1658, -1.9094 0.4528 0.1575, 2.4016 0.4528 0.7087, 2.4213 0.4528 0.6838, 2.4213 0.4528 0.8479, 2.3031 0.4528 0.7087, 2.3031 0.4528 0.8661, 2.126 0.4528 0.8661, 0.4528 0.4528 0.3249, 0.4331 0.4528 0.2165, 0.4528 0.4528 0.1658, 2.6181 0.4528 1.144, -0.0591 0.4528 0.7087, -0.1575 0.4528 0.7087, -0.0394 0.4528 0.6838, 2.126 0.4528 0.7087, 2.0276 0.4528 0.7087, 2.0276 0.4528 0.8661, 2.0079 0.4528 0.8479, 0.0591 0.4528 0.2165, 0.0394 0.4528 0.3249, -0.3346 0.4528 0.7087, -0.4528 0.4528 0.6838, 1.9094 0.4528 0.7087, 1.9291 0.4528 0.6838, 1.9291 0.4528 0.8479, 1.811 0.4528 0.7087, 1.811 0.4528 0.8661, 1.6339 0.4528 0.8661, -2.4016 0.4528 0.2165, -2.4213 0.4528 0.1658, -2.4016 0.4528 0.1575, 1.6339 0.4528 0.7087, 1.5354 0.4528 0.7087, 1.5354 0.4528 0.8661, 1.5157 0.4528 0.8479, -0.0394 0.4528 0.3249, -0.0591 0.4528 0.2165, -0.0394 0.4528 0.1658, -0.5512 0.4528 0.7087, -0.6496 0.4528 0.7087, -0.5315 0.4528 0.6838, 1.4173 0.4528 0.7087, 1.437 0.4528 0.6838, 1.437 0.4528 0.8479, 1.3189 0.4528 0.7087, 1.3189 0.4528 0.8661, 1.1417 0.4528 0.8661, -0.4331 0.4528 0.2165, -0.4528 0.4528 0.3249, -0.8268 0.4528 0.7087, -0.9449 0.4528 0.6838, 1.1417 0.4528 0.7087, 1.0433 0.4528 0.7087, 1.0433 0.4528 0.8661, 1.0236 0.4528 0.8479, -2.8937 0.4528 0.2165, -2.9134 0.4528 0.1658, -2.8937 0.4528 0.1575, 0.9252 0.4528 0.7087, 0.9449 0.4528 0.6838, 0.9449 0.4528 0.8479, 0.8268 0.4528 0.7087, 0.8268 0.4528 0.8661, 0.6496 0.4528 0.8661, -0.5315 0.4528 0.3249, -0.5512 0.4528 0.2165, -0.5315 0.4528 0.1658, -1.0433 0.4528 0.7087, -1.1417 0.4528 0.7087, -1.0236 0.4528 0.6838, 0.6496 0.4528 0.7087, 0.5512 0.4528 0.7087, 0.5512 0.4528 0.8661, 0.5315 0.4528 0.8479, -1.3189 0.4528 0.7087, -1.437 0.4528 0.6838, 0.4331 0.4528 0.7087, 0.4528 0.4528 0.8479, 0.3346 0.4528 0.7087, 0.3346 0.4528 0.8661, 0.1575 0.4528 0.8661, -0.9252 0.4528 0.2165, -0.9449 0.4528 0.3249, 0.0591 0.4528 0.7087, 0.0591 0.4528 0.8661, 0.0394 0.4528 0.8479, -1.0236 0.4528 0.3249, -1.0433 0.4528 0.2165, -1.0236 0.4528 0.1658, -1.5354 0.4528 0.7087, -1.6339 0.4528 0.7087, -1.5157 0.4528 0.6838, -0.0394 0.4528 0.8479, -0.1575 0.4528 0.8661, -0.3346 0.4528 0.8661, -1.811 0.4528 0.7087, -1.9291 0.4528 0.6838, -0.4331 0.4528 0.7087, -0.4331 0.4528 0.8661, -0.4528 0.4528 0.8479, -1.4173 0.4528 0.2165, -1.437 0.4528 0.3249, -0.5315 0.4528 0.8479, -0.6496 0.4528 0.8661, -0.8268 0.4528 0.8661, -1.5354 0.4528 0.2165, -1.5157 0.4528 0.1658, -1.5157 0.4528 0.3249, -2.126 0.4528 0.7087, -2.0079 0.4528 0.6838, -2.0276 0.4528 0.7087, -0.9252 0.4528 0.7087, -0.9252 0.4528 0.8661, -0.9449 0.4528 0.8479, -2.3031 0.4528 0.7087, -2.4213 0.4528 0.6838, -1.0236 0.4528 0.8479, -1.1417 0.4528 0.8661, -1.3189 0.4528 0.8661, -2.4016 0.4528 0.7087, -1.9291 0.4528 0.3249, -1.4173 0.4528 0.7087, -1.4173 0.4528 0.8661, -1.437 0.4528 0.8479, -2.9134 0.4528 0.3249, -2.9134 0.4528 0.6838, -2.9921 0.4528 0.6838, -1.5157 0.4528 0.8479, -1.6339 0.4528 0.8661, -1.811 0.4528 0.8661, -2.6181 0.4528 0.7087, -2.7953 0.4528 0.7087, -2.5 0.4528 0.6838, -2.5197 0.4528 0.7087, -1.9094 0.4528 0.7087, -1.9094 0.4528 0.8661, -1.9291 0.4528 0.8479, -2.0276 0.4528 0.2165, -2.0079 0.4528 0.1658, -2.0079 0.4528 0.3249, -2.0079 0.4528 0.8479, -2.126 0.4528 0.8661, -2.3031 0.4528 0.8661, -2.4213 0.4528 0.3249, -2.8937 0.4528 0.7087, -2.4016 0.4528 0.8661, -2.4213 0.4528 0.8479, -2.5197 0.4528 0.2165, -2.5 0.4528 0.1658, -2.5 0.4528 0.3249, -2.9134 0.4528 0.8479, -2.5 0.4528 0.8479, -2.6181 0.4528 1.144, -2.7953 0.4528 1.144, -2.9921 0.4528 0.3249, -3.1102 0.4528 0.7087, -3.4449 0.4528 0.2165, -2.8937 0.4528 0.8661, -3.2283 0.4528 0.8661, -3.0118 0.4528 0.2165, -3.0118 0.4528 0.7087, -2.9921 0.4528 0.8479, -3.1102 0.4528 0.8661, -3.2283 0.4528 1.1024, -3.4449 0.4528 1.1024, 0.9449 0.4528 0.1658, 0.9449 0.4528 0.3249, -1.4173 0.4528 0.1575, -1.437 0.4528 0.1658, 1.0236 0.4528 0.3249, 1.0433 0.4528 0.2165, 1.4173 0.4528 0.2165, 0.5315 0.4528 0.6838, 1.437 0.4528 0.1658, 1.437 0.4528 0.3249, -0.9252 0.4528 0.1575, -0.9449 0.4528 0.1658, 1.5157 0.4528 0.3249, 1.5354 0.4528 0.2165, 1.9094 0.4528 0.2165, 1.0236 0.4528 0.6838, -0.4331 0.4528 0.1575, -0.4528 0.4528 0.1658, 0.0394 0.4528 0.1658, 0.0591 0.4528 0.1575, 1.9291 0.4528 0.1658, 1.9291 0.4528 0.3249, 0.5315 0.4528 0.1658, 0.5512 0.4528 0.1575, 2.4016 0.4528 0.2165, 2.0079 0.4528 0.3249, 2.0276 0.4528 0.2165, 1.0236 0.4528 0.1658, 1.0433 0.4528 0.1575, 1.5157 0.4528 0.6838, 1.5157 0.4528 0.1658, 1.5354 0.4528 0.1575, 2.4213 0.4528 0.1658, 2.4213 0.4528 0.3249, 2.0079 0.4528 0.1658, 2.0276 0.4528 0.1575, 2.5197 0.4528 0.2165, 2.8937 0.4528 0.2165, 2.5 0.4528 0.3249, 2.5 0.4528 0.1658, 2.5197 0.4528 0.1575, 2.0079 0.4528 0.6838, 2.9134 0.4528 0.3249, 2.9134 0.4528 0.1658, 2.9921 0.4528 0.1658, 3.0118 0.4528 0.1575, 3.0118 0.4528 0.2165, 3.4449 0.4528 1.1024, 3.2283 0.4528 0.8661, 3.4449 0.4528 0.2165, 3.2283 0.4528 1.1024, 3.1102 0.4528 0.7087, 3.0118 0.4528 0.8661, 2.9921 0.4528 0.8479, 3.0118 0.4528 0.7087, 3.1102 0.4528 0.8661, 2.5 0.4528 0.6838, 2.8937 0.4528 0.7087, 2.9134 0.4528 0.8479, 2.7953 0.4528 1.144, -3.0118 0.4528 0.8661, -3.0118 0.4528 0.1575, -2.9921 0.4528 0.1658, -2.5197 0.4528 0.8661, -2.5197 0.4528 0.1575, -2.0276 0.4528 0.8661, -2.0276 0.4528 0.1575, -1.5354 0.4528 0.8661, -1.5354 0.4528 0.1575, -1.0433 0.4528 0.8661, -1.0433 0.4528 0.1575, -0.5512 0.4528 0.8661, -0.5512 0.4528 0.1575, -0.0591 0.4528 0.8661, -0.0591 0.4528 0.1575, 0.4331 0.4528 0.8661, 0.4331 0.4528 0.1575, 0.9252 0.4528 0.8661, 0.9252 0.4528 0.1575, 1.4173 0.4528 0.8661, 1.4173 0.4528 0.1575, 1.9094 0.4528 0.8661, 1.9094 0.4528 0.1575, 2.4016 0.4528 0.8661, 2.4016 0.4528 0.1575, 2.8937 0.4528 0.8661, 2.8937 0.4528 0.1575, 2.6181 -0.8071 0.7087, 2.6181 -0.8071 1.144, -3.7992 -0.8071 0.8661, -3.8386 -0.8071 0.8661, -3.8386 -0.8071 0.7087, -3.8386 -0.8071 1.6929, -3.622 -0.8071 1.5354, -3.1102 -0.8071 1.5354, -3.6024 -0.8071 0.7087, 3.5236 -0.8071 0.1378, -3.5236 -0.8071 0.1378, 3.6024 -0.8071 0.0, 3.6024 -0.8071 0.7087, 3.7992 -0.8071 0.8661, 3.5236 -0.8071 1.1811, 3.8386 -0.8071 0.8661, 3.8386 -0.8071 0.7087, 3.1496 -0.8071 1.1811, 2.9528 -0.8071 1.2992, 2.7953 -0.8071 1.144, -3.5236 -0.8071 1.1811, -3.1496 -0.8071 1.1811, -3.1102 -0.8071 1.2992, 3.1102 -0.8071 1.5354, 3.8386 -0.8071 1.6929, 2.9528 -0.8071 1.5354, -3.8386 -0.8071 1.2598, -3.7992 -0.8071 1.2598, -3.622 -0.8071 1.2992, -3.6024 -0.8071 0.0, -3.1102 -0.8071 0.8661, -2.7953 -0.8071 1.144, -3.1496 -0.8071 0.8661, 2.0079 -0.8071 1.5354, 2.8937 -0.8071 0.7087, 2.8937 -0.8071 0.8661, 2.7953 -0.8071 0.7087, 3.0118 -0.8071 0.8661, 3.0118 -0.8071 0.7087, 3.1102 -0.8071 0.7087, 3.1102 -0.8071 0.8661, 3.1496 -0.8071 0.8661, 3.622 -0.8071 1.2992, 3.7992 -0.8071 1.2598, -2.4873 -0.8071 1.2992, -2.6181 -0.8071 1.144, -3.0118 -0.8071 0.8661, -2.8937 -0.8071 0.8661, -2.6181 -0.8071 0.7087, -2.5197 -0.8071 0.8661, -3.1102 -0.8071 0.7087, -3.0118 -0.8071 0.7087, -2.4873 -0.8071 1.063, -2.3031 -0.8071 0.8661, -2.0079 -0.8071 1.063, -2.8937 -0.8071 0.7087, -2.7953 -0.8071 0.7087, 1.7028 -0.8071 1.5354, -2.5197 -0.8071 0.7087, 2.5197 -0.8071 0.7087, 2.5197 -0.8071 0.8661, -2.4016 -0.8071 0.8661, -2.126 -0.8071 0.8661, -2.4016 -0.8071 0.7087, -2.3031 -0.8071 0.7087, -2.0276 -0.8071 0.8661, -1.9094 -0.8071 0.8661, -2.126 -0.8071 0.7087, -2.0276 -0.8071 0.7087, -1.811 -0.8071 0.8661, -1.6339 -0.8071 0.8661, -1.7028 -0.8071 1.063, -1.9094 -0.8071 0.7087, -1.811 -0.8071 0.7087, -1.5354 -0.8071 0.8661, -1.4173 -0.8071 0.8661, -1.6339 -0.8071 0.7087, -1.5354 -0.8071 0.7087, -1.3189 -0.8071 0.8661, -1.1417 -0.8071 0.8661, -1.4173 -0.8071 0.7087, -1.3189 -0.8071 0.7087, -1.0433 -0.8071 0.8661, -0.9252 -0.8071 0.8661, -1.1417 -0.8071 0.7087, -1.0433 -0.8071 0.7087, -0.8268 -0.8071 0.8661, -0.6496 -0.8071 0.8661, -0.5512 -0.8071 0.8661, -0.9252 -0.8071 0.7087, -0.8268 -0.8071 0.7087, -0.4331 -0.8071 0.8661, -0.3346 -0.8071 0.8661, -0.1575 -0.8071 0.8661, -0.6496 -0.8071 0.7087, -0.5512 -0.8071 0.7087, -0.0591 -0.8071 0.8661, 0.0591 -0.8071 0.8661, -0.4331 -0.8071 0.7087, -0.3346 -0.8071 0.7087, 1.7028 -0.8071 1.063, 0.1575 -0.8071 0.8661, -0.1575 -0.8071 0.7087, -0.0591 -0.8071 0.7087, 0.3346 -0.8071 0.8661, 0.4331 -0.8071 0.8661, 0.0591 -0.8071 0.7087, 0.1575 -0.8071 0.7087, 0.5512 -0.8071 0.8661, 0.3346 -0.8071 0.7087, 0.4331 -0.8071 0.7087, 0.6496 -0.8071 0.8661, 0.8268 -0.8071 0.8661, 0.9252 -0.8071 0.8661, 0.5512 -0.8071 0.7087, 0.6496 -0.8071 0.7087, 1.0433 -0.8071 0.8661, 1.1417 -0.8071 0.8661, 0.8268 -0.8071 0.7087, 0.9252 -0.8071 0.7087, 1.3189 -0.8071 0.8661, 1.0433 -0.8071 0.7087, 1.1417 -0.8071 0.7087, 1.6339 -0.8071 0.8661, 1.811 -0.8071 0.8661, 1.3189 -0.8071 0.7087, 1.4173 -0.8071 0.7087, 1.4173 -0.8071 0.8661, 1.9094 -0.8071 0.8661, 2.0079 -0.8071 1.063, 1.7224 -0.8071 1.0827, 1.5354 -0.8071 0.8661, 1.5354 -0.8071 0.7087, 1.6339 -0.8071 0.7087, 2.0276 -0.8071 0.8661, 1.811 -0.8071 0.7087, 1.9094 -0.8071 0.7087, 2.126 -0.8071 0.8661, 2.3031 -0.8071 0.8661, 2.0276 -0.8071 0.7087, 2.126 -0.8071 0.7087, 2.4873 -0.8071 1.2992, 2.4873 -0.8071 1.063, 2.4016 -0.8071 0.8661, 2.3031 -0.8071 0.7087, 2.4016 -0.8071 0.7087, -1.7028 -0.8071 1.5354, -2.0079 -0.8071 1.5354, -1.7224 -0.8071 1.5157, -2.9528 -0.8071 1.2992, 3.8386 -0.8071 1.2598, 3.622 -0.8071 1.5354, 3.1102 -0.8071 1.2992, -2.9528 -0.8071 1.5354, -1.7224 -0.8071 1.0827, 1.7224 -0.8071 1.5157, -3.622 0.0197 1.2992, -3.622 0.0197 1.5354, -3.1102 0.0197 1.5354, -3.1102 0.0197 1.2992, 3.1102 0.0197 1.5354, 3.622 0.0197 1.2992, 3.622 0.0197 1.5354, 3.1102 0.0197 1.2992, -1.7028 0.8071 1.5354, 1.7028 0.8071 1.5354, -1.7224 0.8071 1.5157, -1.7224 0.8071 1.0827, -1.7028 0.8071 1.063, -1.2303 -0.0591 1.063, 1.7028 0.8071 1.063, 1.2303 -0.0591 1.063, 1.2303 -0.6496 1.063, -1.2303 -0.6496 1.063, -2.0472 0.8071 0.8661, -2.3819 0.8071 0.8661, -2.0079 0.8071 1.063, -2.5394 0.8071 0.8661, -2.874 0.8071 0.8661, -2.4873 0.8071 1.063, 3.0315 0.8071 0.8661, 2.874 0.8071 0.8661, 3.6024 0.8071 0.9843, 2.3819 0.8071 0.8661, 2.0472 0.8071 0.8661, 2.0079 0.8071 1.063, 3.8386 0.8071 0.9843, 3.8386 0.8071 0.378, 2.4873 0.8071 1.063, 2.5394 0.8071 0.8661, 3.0315 0.8071 0.378, 1.8898 0.8071 0.8661, 2.874 0.8071 0.378, 2.5394 0.8071 0.378, 1.5551 0.8071 0.8661, 2.3819 0.8071 0.378, 2.0472 0.8071 0.378, 1.3976 0.8071 0.8661, 2.0079 0.8071 1.5354, 1.7224 0.8071 1.0827, 1.8898 0.8071 0.378, 1.5551 0.8071 0.378, 0.9055 0.8071 0.8661, 0.5709 0.8071 0.8661, 0.4134 0.8071 0.8661, 1.3976 0.8071 0.378, 1.063 0.8071 0.378, 1.063 0.8071 0.8661, 0.0787 0.8071 0.8661, -0.0787 0.8071 0.8661, 0.9055 0.8071 0.378, 0.5709 0.8071 0.378, 3.6024 0.8071 1.6929, 0.4134 0.8071 0.378, 0.0787 0.8071 0.378, -0.4134 0.8071 0.8661, -0.5709 0.8071 0.8661, -0.9055 0.8071 0.8661, -0.0787 0.8071 0.378, -0.4134 0.8071 0.378, -1.063 0.8071 0.8661, -1.3976 0.8071 0.8661, -0.5709 0.8071 0.378, -0.9055 0.8071 0.378, -1.063 0.8071 0.378, -1.3976 0.8071 0.378, -2.0079 0.8071 1.5354, -2.9528 0.8071 1.5354, -3.6024 0.8071 1.6929, -1.5551 0.8071 0.8661, -1.5551 0.8071 0.378, -1.8898 0.8071 0.378, -1.8898 0.8071 0.8661, -3.0315 0.8071 0.8661, -3.0315 0.8071 0.378, -3.8386 0.8071 0.378, -2.0472 0.8071 0.378, -2.3819 0.8071 0.378, -3.6024 0.8071 0.9843, -2.5394 0.8071 0.378, -2.874 0.8071 0.378, -3.8386 0.8071 0.9843, 1.7224 0.8071 1.5157, 2.9528 0.8071 1.2992, 2.4873 0.8071 1.2992, 2.9528 0.8071 1.5354, -2.9528 0.8071 1.2992, -2.4873 0.8071 1.2992, -3.0315 0.5866 0.8661, -3.0315 0.5866 0.378, 2.5394 0.5866 0.378, 2.5 0.5866 0.2445, 2.5 0.5866 0.7584, 3.0315 0.5866 0.378, 2.9921 0.5866 0.7584, 3.0315 0.5866 0.8661, 2.0472 0.5866 0.378, 2.3819 0.5866 0.378, 2.0079 0.5866 0.2445, 2.0079 0.5866 0.7584, 2.5394 0.5866 0.8661, 1.8898 0.5866 0.378, 1.5157 0.5866 0.2445, 1.5551 0.5866 0.378, 2.0472 0.5866 0.8661, 1.5551 0.5866 0.8661, 1.5157 0.5866 0.7584, 1.3976 0.5866 0.378, 1.0236 0.5866 0.2445, 1.063 0.5866 0.378, 0.5315 0.5866 0.2445, 0.5315 0.5866 0.7584, 0.5709 0.5866 0.378, 0.5709 0.5866 0.8661, 0.4528 0.5866 0.2445, 0.0394 0.5866 0.2445, 0.4134 0.5866 0.378, 1.0236 0.5866 0.7584, 1.063 0.5866 0.8661, 0.0394 0.5866 0.7584, 0.0787 0.5866 0.378, -0.4134 0.5866 0.378, -0.0787 0.5866 0.378, -0.4528 0.5866 0.2445, -0.4528 0.5866 0.7584, 0.0787 0.5866 0.8661, -0.5709 0.5866 0.378, -0.9449 0.5866 0.2445, -0.9055 0.5866 0.378, -0.4134 0.5866 0.8661, -0.9055 0.5866 0.8661, -0.9449 0.5866 0.7584, -1.063 0.5866 0.378, -1.437 0.5866 0.2445, -1.3976 0.5866 0.378, -1.5551 0.5866 0.378, -1.5157 0.5866 0.2445, -1.9291 0.5866 0.2445, -1.437 0.5866 0.7584, -1.8898 0.5866 0.378, -1.3976 0.5866 0.8661, -1.9291 0.5866 0.7584, -1.8898 0.5866 0.8661, -2.4213 0.5866 0.2445, -2.3819 0.5866 0.378, -2.0472 0.5866 0.378, -2.4213 0.5866 0.7584, -2.3819 0.5866 0.8661, -2.9134 0.5866 0.7584, -2.874 0.5866 0.378, -2.9134 0.5866 0.2445, -2.874 0.5866 0.8661, -3.8386 0.5866 0.378, -2.9921 0.5866 0.2445, -2.9921 0.5866 0.7584, -2.5394 0.5866 0.378, -3.8386 0.5866 0.0, -2.5 0.5866 0.7584, -2.5394 0.5866 0.8661, -2.5 0.5866 0.2445, 3.8386 0.5866 0.0, -2.0079 0.5866 0.7584, -2.0472 0.5866 0.8661, -2.0079 0.5866 0.2445, -0.0394 0.5866 0.2445, -1.5157 0.5866 0.7584, -1.5551 0.5866 0.8661, -1.0236 0.5866 0.7584, -1.063 0.5866 0.8661, -1.0236 0.5866 0.2445, 0.9055 0.5866 0.378, -0.5315 0.5866 0.7584, -0.5709 0.5866 0.8661, -0.5315 0.5866 0.2445, -0.0394 0.5866 0.7584, -0.0787 0.5866 0.8661, 0.4528 0.5866 0.7584, 0.4134 0.5866 0.8661, 1.9291 0.5866 0.2445, 0.9449 0.5866 0.7584, 0.9055 0.5866 0.8661, 0.9449 0.5866 0.2445, 1.437 0.5866 0.7584, 1.3976 0.5866 0.8661, 1.437 0.5866 0.2445, 2.874 0.5866 0.378, 1.9291 0.5866 0.7584, 1.8898 0.5866 0.8661, 2.9921 0.5866 0.2445, 2.4213 0.5866 0.7584, 2.3819 0.5866 0.8661, 2.4213 0.5866 0.2445, 3.8386 0.5866 0.378, 2.9134 0.5866 0.7584, 2.874 0.5866 0.8661, 2.9134 0.5866 0.2445, 3.8386 0.0 0.8661, 3.8386 -0.563 0.7087, 3.8386 -0.0197 0.2441, 3.8386 0.563 0.9843, 3.8386 -0.0197 0.0, 3.8386 -0.563 0.2441, 3.8386 0.0984 1.4488, 3.8386 0.0984 1.6929, 3.8386 0.0 1.2598, 3.8386 0.563 1.4488, 3.7992 0.0 0.8661, 3.7992 0.0 1.2598, -3.6024 0.0984 1.6929, -3.8386 0.0984 1.6929, 3.6024 0.0984 1.6929, -3.6024 -0.0197 0.7087, -3.6024 -0.0197 0.0, -3.6024 0.3254 1.4488, -3.6024 0.563 1.4488, -3.6024 0.0984 1.0551, -3.6024 0.563 0.9843, -3.6024 0.3254 1.0551, -3.8386 -0.0197 0.0, -3.7598 -0.0197 0.2441, -3.7598 -0.0197 0.7087, -3.8386 -0.0197 0.2441, -3.7598 -0.563 0.2441, -3.8386 -0.563 0.2441, -3.7598 -0.563 0.7087, -3.8386 -0.563 0.7087, -3.8386 0.0 1.2598, -3.8386 0.0984 1.4488, -3.8386 0.0 0.8661, -3.8386 0.563 0.9843, -3.8386 0.563 1.4488, -3.7992 0.0 0.8661, -3.7992 0.0 1.2598, 0.0854 -0.375 0.0, 0.1849 -0.375 0.0, -0.3247 -0.1761 0.0, -0.4739 -0.1761 0.0, 3.6024 -0.0197 0.0, 0.0523 -0.375 0.0, 0.3506 -0.375 0.0, 0.3837 -0.375 0.0, 0.3091 -0.1761 0.0, 0.2843 -0.1761 0.0, 0.0523 -0.1761 0.0, 0.4251 -0.1761 0.0, 0.4086 -0.2269 0.0, 0.3257 -0.2269 0.0, 0.45 -0.1761 0.0, -0.0969 -0.375 0.0, 0.0854 -0.1761 0.0, 0.1849 -0.1761 0.0, -0.188 -0.375 0.0, 0.2056 -0.1803 0.0, 0.2221 -0.1888 0.0, 0.247 -0.2226 0.0, 0.2387 -0.2057 0.0, 0.2511 -0.2438 0.0, 0.2511 -0.3073 0.0, 0.247 -0.3284 0.0, 0.2387 -0.3453 0.0, 0.2221 -0.3623 0.0, 0.2056 -0.3707 0.0, -0.072 -0.2015 0.0, 0.0357 -0.2692 0.0, -0.072 -0.2692 0.0, -0.2543 -0.2142 0.0, -0.2419 -0.2057 0.0, -0.159 -0.2142 0.0, 0.0523 -0.2015 0.0, 0.0357 -0.2946 0.0, -0.072 -0.2946 0.0, -0.072 -0.3496 0.0, 0.0523 -0.3496 0.0, -0.0969 -0.1761 0.0, -0.13 -0.3242 0.0, -0.13 -0.2269 0.0, -0.2253 -0.2015 0.0, -0.188 -0.2015 0.0, -0.1714 -0.2057 0.0, -0.1549 -0.2269 0.0, -0.2667 -0.2438 0.0, -0.449 -0.375 0.0, -0.246 -0.3707 0.0, -0.2253 -0.375 0.0, -0.2626 -0.2269 0.0, -0.1549 -0.3242 0.0, -0.2667 -0.3073 0.0, -0.2543 -0.3369 0.0, -0.159 -0.3369 0.0, -0.2916 -0.2438 0.0, -0.2916 -0.3073 0.0, -0.449 -0.2015 0.0, -0.1714 -0.3453 0.0, -0.2874 -0.3284 0.0, -0.188 -0.3496 0.0, -0.2419 -0.3453 0.0, -0.2253 -0.3496 0.0, -0.2626 -0.3623 0.0, -0.2626 -0.3242 0.0, -0.1341 -0.3453 0.0, -0.1507 -0.3623 0.0, -0.1673 -0.3707 0.0, -0.4739 -0.375 0.0, -0.2874 -0.2226 0.0, -0.3247 -0.2015 0.0, -0.2626 -0.1888 0.0, -0.188 -0.1761 0.0, -0.2253 -0.1761 0.0, -0.1673 -0.1803 0.0, -0.1507 -0.1888 0.0, -0.1341 -0.2057 0.0, -0.246 -0.1803 0.0, -0.2791 -0.2057 0.0, -0.2791 -0.3453 0.0, 0.2263 -0.3073 0.0, 0.2221 -0.3242 0.0, 0.2139 -0.3369 0.0, 0.2263 -0.2438 0.0, 0.1849 -0.2015 0.0, 0.2014 -0.2057 0.0, 0.2014 -0.3453 0.0, 0.2139 -0.2142 0.0, 0.2221 -0.2269 0.0, 0.1849 -0.3496 0.0, 0.1103 -0.3496 0.0, 0.1103 -0.2015 0.0, 0.3299 -0.2438 0.0, 0.4044 -0.2438 0.0, 0.3671 -0.358 0.0, 3.6024 -0.0197 0.7087, 3.6024 0.563 1.4488, 3.6024 0.0984 1.0551, 3.6024 0.3254 1.0551, 3.6024 0.3254 1.4488, 3.6024 0.563 0.9843, 3.7598 -0.563 0.7087, 3.7598 -0.0197 0.7087, 3.7598 -0.563 0.2441, 3.7598 -0.0197 0.2441, 3.7598 0.3254 1.4488, 3.7598 0.0984 1.4488, 3.7598 0.3254 1.0551, 3.7598 0.0984 1.0551, -3.7598 0.3254 1.4488, -3.7598 0.0984 1.4488, -3.7598 0.3254 1.0551, -3.7598 0.0984 1.0551, 1.2303 -0.374 1.2598, -1.2303 -0.374 1.2598, 1.2303 -0.0591 1.2598, -1.2303 -0.0591 1.2598, 3.2283 -0.7283 0.8661, -3.2283 -0.7283 0.8661, 3.2283 -0.7283 1.1024, 3.4449 -0.7283 1.1024, 3.4449 -0.7283 0.2165, 3.0118 -0.7283 0.2165, 2.5197 -0.7283 0.2165, 2.8937 -0.7283 0.2165, 2.0276 -0.7283 0.2165, 2.4016 -0.7283 0.2165, 1.5354 -0.7283 0.2165, 1.9094 -0.7283 0.2165, 1.0433 -0.7283 0.2165, 1.4173 -0.7283 0.2165, 0.5512 -0.7283 0.2165, 0.9252 -0.7283 0.2165, 0.0591 -0.7283 0.2165, 0.4331 -0.7283 0.2165, -0.4331 -0.7283 0.2165, -0.0591 -0.7283 0.2165, -0.9252 -0.7283 0.2165, -0.5512 -0.7283 0.2165, -1.4173 -0.7283 0.2165, -1.0433 -0.7283 0.2165, -1.9094 -0.7283 0.2165, -1.5354 -0.7283 0.2165, -2.4016 -0.7283 0.2165, -2.0276 -0.7283 0.2165, -2.8937 -0.7283 0.2165, -2.5197 -0.7283 0.2165, -3.4449 -0.7283 0.2165, -3.0118 -0.7283 0.2165, 3.0118 -0.7874 0.1575, -3.0118 -0.7874 0.1575, 2.8937 -0.7874 0.1575, -0.9252 -0.7874 0.1575, 2.5197 -0.7874 0.1575, 2.0276 -0.7874 0.1575, 2.4016 -0.7874 0.1575, 1.5354 -0.7874 0.1575, 1.9094 -0.7874 0.1575, 1.0433 -0.7874 0.1575, 1.4173 -0.7874 0.1575, 0.5512 -0.7874 0.1575, 0.9252 -0.7874 0.1575, 0.0591 -0.7874 0.1575, 0.4331 -0.7874 0.1575, -0.4331 -0.7874 0.1575, -0.0591 -0.7874 0.1575, -0.5512 -0.7874 0.1575, -1.4173 -0.7874 0.1575, -1.0433 -0.7874 0.1575, -1.9094 -0.7874 0.1575, -1.5354 -0.7874 0.1575, -2.8937 -0.7874 0.1575, -2.4016 -0.7874 0.1575, -2.0276 -0.7874 0.1575, -2.5197 -0.7874 0.1575, -3.4449 -0.7283 1.1024, -3.2283 -0.7283 1.1024, -3.2283 -0.7283 1.1024
            ]
        }
        coordIndex [
            0,1,2,-1,3,4,5,-1,6,7,8,-1,9,10,11,-1,3,12,13,-1,14,15,16,-1,17,18,19,-1,20,21,22,-1,23,24,25,-1,12,26,13,-1,27,28,29,-1,20,22,30,-1,31,32,33,-1,34,24,35,-1,29,36,37,-1,38,39,40,-1,41,42,43,-1,44,45,46,-1,41,43,47,-1,48,49,50,-1,51,52,53,-1,54,55,56,-1,57,58,59,-1,60,61,62,-1,63,52,64,-1,56,65,66,-1,60,62,67,-1,68,69,70,-1,71,72,73,-1,74,75,76,-1,77,78,79,-1,80,81,82,-1,83,84,85,-1,77,79,86,-1,87,88,89,-1,85,90,91,-1,85,84,90,-1,92,1,93,-1,94,95,96,-1,97,81,98,-1,94,96,2,-1,99,100,101,-1,102,103,104,-1,105,106,107,-1,27,29,108,-1,28,109,110,-1,107,111,112,-1,107,106,111,-1,28,110,36,-1,113,114,115,-1,116,103,117,-1,54,56,118,-1,55,119,120,-1,121,122,123,-1,124,125,126,-1,55,120,65,-1,127,128,129,-1,130,131,125,-1,124,130,125,-1,83,85,132,-1,84,133,134,-1,131,130,135,-1,121,136,14,-1,84,134,90,-1,137,138,139,-1,140,141,142,-1,105,107,143,-1,106,144,145,-1,146,147,148,-1,148,149,146,-1,106,145,111,-1,150,151,152,-1,141,148,147,-1,153,154,155,-1,126,125,156,-1,124,157,158,-1,159,44,153,-1,147,160,141,-1,124,158,130,-1,135,161,162,-1,163,164,165,-1,141,160,166,-1,149,148,167,-1,146,168,169,-1,170,171,172,-1,163,140,71,-1,146,169,147,-1,160,173,166,-1,172,171,174,-1,170,172,175,-1,176,142,177,-1,171,178,174,-1,179,180,174,-1,180,172,174,-1,181,182,11,-1,94,1,92,-1,65,56,55,-1,183,116,184,-1,185,186,187,-1,36,29,28,-1,188,75,86,-1,189,190,187,-1,2,1,94,-1,75,74,77,-1,86,75,77,-1,191,97,192,-1,193,194,195,-1,67,196,58,-1,197,63,198,-1,67,58,60,-1,199,200,34,-1,201,202,195,-1,60,58,57,-1,203,204,10,-1,205,206,207,-1,208,209,186,-1,39,47,210,-1,47,39,41,-1,211,212,194,-1,205,213,214,-1,38,41,39,-1,215,216,207,-1,217,218,219,-1,220,221,217,-1,222,18,30,-1,20,30,18,-1,223,218,224,-1,225,226,227,-1,228,229,230,-1,229,228,231,-1,232,230,229,-1,233,234,235,-1,236,232,229,-1,3,13,237,-1,4,227,230,-1,238,3,239,-1,240,26,12,-1,17,20,18,-1,142,176,171,-1,241,177,166,-1,176,177,241,-1,241,166,173,-1,140,142,170,-1,175,242,243,-1,242,73,243,-1,170,142,171,-1,243,170,175,-1,131,148,159,-1,140,72,71,-1,243,73,72,-1,131,135,162,-1,140,165,141,-1,244,167,162,-1,149,167,244,-1,244,162,161,-1,165,148,141,-1,165,159,148,-1,163,245,164,-1,245,46,164,-1,150,112,111,-1,163,165,140,-1,112,125,136,-1,159,45,44,-1,164,46,45,-1,112,150,152,-1,159,155,131,-1,246,156,152,-1,126,156,246,-1,246,152,151,-1,155,125,131,-1,155,136,125,-1,153,247,154,-1,247,16,154,-1,137,91,90,-1,153,155,159,-1,91,107,117,-1,136,15,14,-1,154,16,15,-1,91,137,139,-1,136,123,112,-1,248,143,139,-1,105,143,248,-1,248,139,138,-1,123,107,112,-1,123,117,107,-1,121,249,122,-1,249,183,122,-1,127,66,65,-1,121,123,136,-1,66,85,98,-1,117,184,116,-1,122,183,184,-1,66,127,129,-1,117,102,91,-1,250,132,129,-1,83,132,250,-1,250,129,128,-1,102,85,91,-1,102,98,85,-1,103,251,104,-1,251,191,104,-1,113,37,36,-1,103,102,117,-1,37,56,64,-1,98,192,97,-1,104,191,192,-1,37,113,115,-1,98,80,66,-1,252,118,115,-1,54,118,252,-1,252,115,114,-1,80,56,66,-1,80,64,56,-1,81,253,82,-1,253,197,82,-1,99,0,2,-1,81,80,98,-1,0,29,35,-1,64,198,63,-1,82,197,198,-1,0,99,101,-1,64,51,37,-1,254,108,101,-1,27,108,254,-1,254,101,100,-1,51,29,37,-1,51,35,29,-1,52,255,53,-1,255,200,53,-1,87,188,86,-1,52,51,64,-1,188,1,9,-1,35,199,34,-1,53,200,199,-1,188,87,89,-1,35,23,0,-1,256,93,89,-1,92,93,256,-1,256,89,88,-1,23,1,0,-1,23,9,1,-1,24,257,25,-1,257,204,25,-1,68,196,67,-1,24,23,35,-1,196,75,185,-1,9,203,10,-1,25,204,203,-1,196,68,70,-1,9,182,188,-1,258,76,70,-1,74,76,258,-1,258,70,69,-1,182,75,188,-1,182,185,75,-1,11,259,181,-1,259,209,181,-1,48,210,47,-1,11,182,9,-1,210,58,193,-1,185,208,186,-1,181,209,208,-1,210,48,50,-1,185,190,196,-1,260,59,50,-1,57,59,260,-1,260,50,49,-1,190,58,196,-1,190,193,58,-1,187,261,189,-1,261,212,189,-1,31,222,30,-1,187,190,185,-1,222,39,206,-1,193,211,194,-1,189,212,211,-1,222,31,33,-1,193,202,210,-1,262,40,33,-1,38,40,262,-1,262,33,32,-1,202,39,210,-1,202,206,39,-1,195,263,201,-1,263,216,201,-1,6,237,13,-1,195,202,193,-1,12,3,238,-1,206,215,207,-1,201,216,215,-1,237,6,8,-1,206,214,222,-1,264,19,8,-1,17,19,264,-1,264,8,7,-1,214,18,222,-1,18,214,219,-1,205,265,213,-1,265,221,213,-1,219,237,18,-1,205,214,206,-1,232,4,230,-1,219,220,217,-1,213,221,220,-1,5,235,234,-1,219,223,237,-1,266,239,234,-1,238,239,266,-1,266,234,233,-1,235,5,232,-1,3,237,223,-1,218,267,224,-1,267,226,224,-1,223,4,3,-1,223,219,218,-1,5,4,232,-1,4,225,227,-1,224,226,225,-1,268,26,269,-1,26,268,13,-1,270,271,272,-1,273,274,275,-1,270,272,276,-1,277,278,279,-1,280,281,282,-1,283,281,284,-1,281,280,284,-1,285,286,287,-1,288,289,290,-1,291,292,293,-1,288,276,278,-1,294,295,296,-1,297,278,276,-1,298,299,300,-1,270,288,295,-1,301,293,292,-1,302,303,304,-1,304,303,287,-1,287,303,305,-1,305,306,307,-1,307,308,305,-1,287,305,308,-1,287,308,309,-1,309,285,287,-1,310,282,311,-1,281,311,282,-1,279,280,277,-1,282,277,280,-1,278,297,279,-1,276,288,270,-1,274,294,296,-1,312,299,313,-1,314,299,298,-1,314,315,299,-1,316,317,313,-1,298,318,319,-1,319,314,298,-1,299,289,300,-1,320,321,322,-1,315,323,324,-1,324,299,315,-1,325,301,292,-1,273,294,274,-1,316,326,317,-1,327,268,328,-1,321,320,329,-1,321,330,322,-1,329,331,332,-1,332,321,329,-1,330,333,322,-1,333,334,322,-1,330,335,336,-1,336,333,330,-1,334,337,322,-1,338,339,337,-1,334,340,341,-1,341,337,334,-1,342,339,338,-1,343,339,342,-1,338,344,345,-1,345,342,338,-1,346,339,343,-1,347,339,346,-1,343,348,349,-1,349,346,343,-1,350,339,347,-1,351,339,350,-1,347,352,353,-1,353,350,347,-1,339,354,355,-1,339,355,356,-1,351,357,358,-1,358,354,351,-1,339,356,359,-1,360,361,339,-1,355,362,363,-1,363,356,355,-1,361,364,339,-1,365,339,364,-1,359,366,367,-1,367,360,359,-1,368,339,365,-1,365,369,368,-1,361,370,371,-1,371,364,361,-1,368,369,372,-1,373,368,372,-1,365,374,375,-1,375,369,365,-1,376,368,373,-1,372,377,378,-1,378,373,372,-1,368,379,380,-1,380,381,368,-1,376,382,383,-1,383,379,376,-1,381,384,368,-1,384,385,368,-1,380,386,387,-1,387,381,380,-1,385,388,368,-1,384,389,390,-1,390,385,384,-1,368,391,392,-1,388,393,394,-1,394,395,388,-1,392,396,368,-1,397,398,368,-1,399,400,401,-1,401,391,399,-1,396,397,368,-1,396,402,397,-1,392,403,404,-1,404,396,392,-1,402,405,397,-1,405,406,397,-1,402,407,408,-1,408,405,402,-1,409,410,269,-1,410,411,328,-1,406,412,413,-1,413,411,406,-1,269,410,328,-1,268,269,328,-1,288,296,295,-1,288,290,296,-1,414,415,416,-1,414,325,273,-1,417,289,299,-1,417,275,290,-1,418,419,310,-1,286,409,287,-1,282,310,420,-1,287,409,269,-1,406,410,397,-1,411,410,406,-1,388,395,368,-1,417,290,289,-1,320,313,317,-1,275,417,421,-1,273,275,421,-1,273,421,415,-1,339,351,354,-1,329,320,317,-1,299,312,417,-1,312,313,320,-1,422,415,322,-1,273,415,414,-1,273,325,292,-1,397,301,423,-1,301,325,423,-1,368,376,379,-1,397,423,398,-1,395,399,368,-1,391,368,399,-1,339,322,337,-1,360,339,359,-1,322,339,422,-1,415,422,416,-1,293,286,420,-1,419,292,291,-1,418,292,419,-1,420,285,282,-1,418,310,311,-1,286,285,420,-1,293,420,291,-1,274,296,424,-1,424,425,274,-1,275,274,425,-1,425,426,275,-1,290,275,426,-1,426,427,290,-1,296,290,427,-1,427,424,296,-1,425,427,426,-1,427,425,424,-1,428,429,430,-1,429,428,431,-1,419,291,428,-1,428,430,419,-1,310,419,430,-1,430,429,310,-1,420,310,429,-1,429,431,420,-1,291,420,431,-1,431,428,291,-1,325,414,432,-1,432,433,325,-1,432,414,416,-1,432,416,434,-1,416,422,435,-1,435,434,416,-1,435,422,339,-1,435,339,436,-1,436,437,438,-1,437,439,438,-1,368,439,440,-1,368,440,339,-1,368,438,439,-1,339,437,436,-1,440,441,339,-1,339,441,437,-1,442,443,444,-1,445,446,447,-1,448,449,450,-1,451,452,453,-1,454,455,448,-1,451,456,457,-1,448,450,454,-1,455,458,448,-1,453,452,459,-1,453,459,438,-1,449,460,461,-1,461,457,449,-1,451,453,456,-1,462,438,459,-1,451,463,464,-1,464,452,451,-1,465,438,462,-1,466,453,467,-1,459,468,469,-1,469,462,459,-1,438,470,471,-1,438,471,472,-1,465,473,474,-1,474,475,465,-1,472,476,438,-1,476,477,438,-1,470,478,479,-1,479,471,470,-1,477,436,438,-1,432,480,433,-1,472,481,482,-1,482,476,472,-1,436,483,484,-1,436,484,485,-1,477,486,487,-1,487,483,477,-1,436,485,488,-1,436,488,489,-1,484,490,491,-1,491,485,484,-1,488,492,493,-1,493,489,488,-1,447,443,445,-1,494,495,496,-1,497,498,499,-1,499,500,497,-1,501,502,503,-1,442,504,505,-1,443,442,505,-1,446,506,447,-1,506,446,501,-1,445,507,508,-1,446,445,508,-1,509,506,501,-1,503,509,501,-1,466,467,510,-1,477,483,436,-1,444,500,442,-1,443,447,444,-1,489,497,436,-1,500,436,497,-1,465,475,438,-1,438,475,470,-1,450,511,480,-1,480,466,433,-1,480,432,496,-1,434,444,494,-1,456,512,511,-1,433,466,510,-1,511,513,480,-1,480,513,466,-1,449,457,456,-1,438,467,453,-1,449,456,450,-1,456,511,450,-1,434,435,444,-1,496,495,514,-1,447,514,515,-1,496,514,506,-1,506,514,447,-1,500,444,436,-1,435,436,444,-1,432,434,494,-1,496,432,494,-1,510,423,325,-1,510,325,433,-1,510,398,423,-1,510,467,398,-1,438,368,398,-1,438,398,467,-1,421,417,514,-1,514,495,421,-1,415,421,495,-1,495,494,415,-1,322,415,494,-1,494,444,322,-1,320,322,444,-1,444,447,320,-1,312,320,447,-1,447,515,312,-1,417,312,515,-1,515,514,417,-1,293,301,466,-1,466,513,293,-1,286,293,513,-1,513,511,286,-1,409,286,511,-1,511,512,409,-1,410,409,512,-1,512,456,410,-1,397,410,456,-1,456,453,397,-1,301,453,466,-1,301,397,453,-1,502,516,517,-1,502,501,516,-1,518,519,520,-1,521,522,523,-1,524,525,526,-1,526,527,524,-1,520,528,518,-1,529,530,531,-1,527,532,524,-1,533,531,534,-1,535,536,537,-1,538,539,540,-1,539,541,540,-1,542,543,544,-1,545,546,537,-1,543,547,548,-1,549,550,551,-1,552,549,551,-1,547,553,548,-1,554,555,556,-1,552,557,549,-1,558,556,559,-1,560,561,562,-1,563,564,565,-1,566,562,561,-1,563,565,567,-1,566,568,562,-1,567,565,569,-1,570,567,569,-1,571,572,573,-1,572,571,574,-1,574,575,572,-1,576,577,578,-1,576,579,577,-1,580,517,581,-1,579,582,516,-1,516,582,517,-1,579,576,582,-1,582,581,517,-1,577,583,578,-1,559,556,555,-1,580,581,584,-1,584,581,578,-1,575,585,586,-1,586,585,583,-1,575,574,585,-1,585,587,583,-1,584,587,571,-1,588,584,543,-1,583,587,578,-1,584,578,587,-1,570,589,590,-1,590,589,573,-1,570,569,589,-1,589,591,573,-1,565,584,591,-1,551,550,592,-1,573,591,571,-1,584,571,591,-1,568,593,594,-1,594,593,563,-1,568,566,593,-1,593,564,563,-1,544,543,548,-1,565,564,584,-1,584,564,561,-1,558,595,596,-1,596,595,560,-1,558,559,595,-1,595,597,560,-1,555,584,597,-1,540,598,538,-1,560,597,561,-1,584,561,597,-1,557,599,600,-1,600,599,554,-1,557,552,599,-1,599,601,554,-1,551,584,601,-1,545,537,536,-1,554,601,555,-1,584,555,601,-1,553,602,603,-1,603,602,550,-1,553,547,602,-1,602,592,550,-1,530,534,531,-1,551,592,584,-1,584,592,543,-1,541,604,605,-1,605,604,544,-1,541,539,604,-1,604,542,544,-1,529,606,530,-1,543,542,588,-1,588,542,538,-1,546,607,608,-1,608,607,598,-1,546,545,607,-1,607,609,598,-1,588,609,536,-1,598,609,538,-1,588,538,609,-1,533,610,611,-1,611,610,535,-1,533,534,610,-1,610,612,535,-1,588,612,530,-1,519,518,613,-1,535,612,536,-1,588,536,612,-1,532,614,615,-1,615,614,529,-1,532,527,614,-1,614,606,529,-1,521,616,522,-1,530,606,588,-1,588,606,526,-1,528,617,618,-1,618,617,525,-1,528,520,617,-1,617,619,525,-1,588,619,519,-1,620,616,521,-1,525,619,526,-1,588,526,619,-1,523,621,622,-1,622,621,613,-1,523,522,621,-1,621,623,613,-1,588,623,616,-1,588,616,620,-1,613,623,519,-1,588,519,623,-1,455,521,458,-1,455,620,521,-1,460,518,461,-1,460,613,518,-1,463,524,464,-1,463,525,524,-1,468,531,469,-1,468,529,531,-1,473,537,474,-1,473,535,537,-1,478,540,479,-1,478,598,540,-1,481,548,482,-1,481,544,548,-1,486,549,487,-1,486,550,549,-1,490,556,491,-1,490,554,556,-1,492,562,493,-1,492,560,562,-1,498,567,499,-1,498,563,567,-1,504,572,505,-1,504,573,572,-1,502,517,580,-1,580,503,502,-1,507,577,508,-1,507,583,577,-1,448,458,521,-1,521,523,448,-1,449,448,523,-1,523,622,449,-1,460,449,622,-1,622,613,460,-1,624,283,625,-1,625,283,284,-1,626,588,620,-1,454,627,620,-1,626,628,588,-1,625,629,626,-1,624,620,627,-1,455,454,620,-1,630,631,632,-1,633,630,627,-1,631,292,632,-1,418,632,292,-1,624,625,626,-1,627,630,632,-1,620,624,626,-1,627,632,624,-1,634,283,624,-1,634,281,283,-1,311,634,635,-1,634,311,281,-1,632,418,311,-1,311,635,632,-1,624,632,635,-1,635,634,624,-1,636,637,273,-1,292,636,273,-1,636,638,496,-1,638,292,631,-1,636,292,638,-1,638,480,496,-1,276,639,640,-1,640,297,276,-1,641,636,642,-1,641,643,636,-1,636,496,642,-1,642,496,506,-1,642,506,644,-1,641,645,643,-1,646,640,647,-1,639,648,647,-1,646,647,649,-1,639,647,640,-1,650,651,649,-1,650,649,647,-1,652,650,647,-1,652,647,648,-1,652,653,651,-1,652,651,650,-1,637,654,273,-1,654,637,655,-1,580,656,657,-1,273,654,294,-1,656,653,271,-1,657,654,655,-1,658,657,655,-1,509,503,580,-1,654,657,656,-1,580,657,509,-1,580,584,649,-1,646,649,584,-1,649,651,653,-1,580,649,656,-1,649,653,656,-1,653,272,271,-1,659,656,271,-1,659,271,270,-1,295,659,270,-1,295,660,659,-1,656,660,654,-1,660,656,659,-1,295,294,654,-1,295,654,660,-1,652,639,276,-1,272,653,652,-1,652,648,639,-1,272,652,276,-1,279,661,662,-1,663,664,584,-1,640,646,584,-1,588,628,665,-1,666,661,279,-1,279,667,668,-1,588,669,670,-1,671,584,588,-1,669,588,672,-1,669,673,674,-1,672,588,675,-1,669,672,673,-1,588,665,675,-1,279,668,665,-1,668,675,665,-1,666,279,676,-1,677,588,678,-1,676,297,679,-1,670,678,588,-1,670,680,678,-1,670,681,680,-1,670,682,683,-1,670,683,681,-1,682,670,684,-1,670,667,684,-1,667,685,684,-1,667,686,685,-1,667,687,686,-1,667,688,687,-1,667,689,688,-1,667,662,689,-1,279,662,667,-1,690,691,692,-1,693,694,695,-1,661,691,677,-1,696,677,691,-1,661,697,691,-1,698,697,699,-1,661,700,697,-1,697,700,699,-1,700,661,666,-1,297,676,279,-1,584,671,701,-1,588,677,671,-1,671,677,696,-1,690,696,691,-1,702,703,676,-1,704,705,706,-1,707,703,708,-1,694,704,706,-1,709,710,711,-1,694,706,695,-1,693,695,707,-1,693,707,712,-1,712,707,708,-1,713,714,702,-1,715,713,716,-1,717,718,719,-1,720,715,716,-1,709,718,721,-1,722,723,720,-1,711,297,709,-1,723,722,724,-1,709,725,710,-1,679,297,711,-1,720,723,715,-1,726,713,715,-1,713,726,714,-1,708,702,714,-1,703,701,676,-1,702,708,703,-1,676,727,702,-1,727,676,728,-1,728,676,729,-1,676,679,729,-1,297,730,709,-1,731,717,719,-1,732,731,719,-1,663,733,732,-1,734,735,584,-1,664,640,584,-1,701,734,584,-1,701,736,734,-1,701,737,736,-1,737,701,738,-1,701,703,738,-1,739,733,663,-1,735,663,584,-1,739,663,735,-1,731,732,740,-1,732,733,740,-1,719,718,709,-1,640,664,730,-1,725,709,741,-1,709,721,741,-1,640,730,297,-1,742,743,744,-1,745,746,747,-1,742,744,748,-1,745,749,750,-1,747,749,745,-1,745,742,746,-1,751,746,742,-1,752,753,751,-1,742,748,751,-1,751,753,746,-1,754,755,756,-1,280,665,757,-1,665,280,279,-1,480,638,758,-1,758,450,480,-1,759,760,761,-1,450,758,762,-1,759,761,638,-1,758,638,761,-1,763,280,757,-1,284,763,625,-1,284,280,763,-1,757,764,763,-1,629,763,765,-1,629,625,763,-1,763,766,765,-1,763,764,766,-1,626,765,766,-1,626,629,765,-1,766,757,665,-1,766,628,626,-1,766,665,628,-1,766,764,757,-1,767,633,758,-1,630,767,768,-1,630,633,767,-1,758,761,767,-1,768,767,769,-1,769,770,768,-1,768,759,638,-1,768,631,630,-1,768,638,631,-1,768,770,759,-1,759,769,760,-1,769,759,770,-1,767,761,760,-1,760,769,767,-1,633,627,762,-1,762,758,633,-1,627,454,450,-1,450,762,627,-1,506,509,657,-1,506,657,644,-1,658,644,657,-1,644,658,642,-1,658,655,771,-1,771,642,658,-1,771,655,772,-1,642,771,641,-1,772,773,771,-1,773,772,774,-1,637,636,772,-1,643,774,772,-1,637,772,655,-1,643,772,636,-1,773,643,645,-1,773,774,643,-1,771,645,641,-1,645,771,773,-1,457,518,528,-1,457,461,518,-1,528,451,457,-1,528,618,451,-1,463,618,525,-1,463,451,618,-1,452,524,532,-1,452,464,524,-1,532,459,452,-1,532,615,459,-1,468,615,529,-1,468,459,615,-1,462,531,533,-1,462,469,531,-1,533,465,462,-1,533,611,465,-1,473,611,535,-1,473,465,611,-1,475,537,546,-1,475,474,537,-1,546,470,475,-1,546,608,470,-1,478,608,598,-1,478,470,608,-1,471,540,541,-1,471,479,540,-1,541,472,471,-1,541,605,472,-1,481,605,544,-1,481,472,605,-1,476,548,553,-1,476,482,548,-1,553,477,476,-1,553,603,477,-1,486,603,550,-1,486,477,603,-1,483,549,557,-1,483,487,549,-1,557,484,483,-1,557,600,484,-1,490,600,554,-1,490,484,600,-1,485,556,558,-1,485,491,556,-1,558,488,485,-1,558,596,488,-1,492,596,560,-1,492,488,596,-1,489,562,568,-1,489,493,562,-1,568,497,489,-1,568,594,497,-1,498,594,563,-1,498,497,594,-1,500,567,570,-1,500,499,567,-1,570,442,500,-1,570,590,442,-1,504,590,573,-1,504,442,590,-1,443,572,575,-1,443,505,572,-1,575,445,443,-1,575,586,445,-1,507,586,583,-1,507,445,586,-1,446,577,579,-1,446,508,577,-1,579,501,446,-1,579,516,501,-1,775,441,440,-1,441,775,776,-1,775,439,777,-1,439,775,440,-1,775,777,778,-1,775,778,776,-1,776,778,437,-1,776,437,441,-1,437,778,777,-1,437,777,439,-1,327,13,268,-1,13,327,6,-1,328,6,327,-1,6,328,7,-1,305,303,266,-1,266,233,305,-1,309,229,779,-1,309,308,236,-1,309,236,229,-1,328,411,264,-1,264,7,328,-1,402,396,262,-1,262,32,402,-1,406,405,22,-1,22,21,406,-1,399,395,260,-1,260,49,399,-1,392,391,43,-1,43,42,392,-1,384,381,258,-1,258,69,384,-1,388,385,62,-1,62,61,388,-1,376,373,256,-1,256,88,376,-1,380,379,79,-1,79,78,380,-1,365,364,254,-1,254,100,365,-1,372,369,96,-1,96,95,372,-1,359,356,252,-1,252,114,359,-1,361,360,110,-1,110,109,361,-1,351,350,250,-1,250,128,351,-1,355,354,120,-1,120,119,355,-1,343,342,248,-1,248,138,343,-1,347,346,134,-1,134,133,347,-1,334,333,246,-1,246,151,334,-1,338,337,145,-1,145,144,338,-1,329,317,244,-1,244,161,329,-1,330,321,158,-1,158,157,330,-1,174,300,780,-1,298,300,178,-1,300,174,178,-1,315,314,241,-1,241,173,315,-1,266,303,302,-1,266,302,238,-1,238,302,304,-1,238,304,12,-1,12,304,287,-1,12,287,240,-1,287,269,26,-1,26,240,287,-1,235,306,305,-1,235,305,233,-1,232,307,306,-1,232,306,235,-1,236,308,307,-1,236,307,232,-1,781,285,309,-1,781,309,779,-1,282,781,782,-1,781,282,285,-1,277,282,782,-1,277,782,783,-1,783,782,228,-1,228,230,783,-1,230,784,783,-1,230,227,784,-1,218,785,786,-1,218,217,785,-1,205,787,788,-1,205,207,787,-1,195,789,790,-1,195,194,789,-1,187,791,792,-1,187,186,791,-1,11,793,794,-1,11,10,793,-1,24,795,796,-1,24,34,795,-1,52,797,798,-1,52,63,797,-1,81,799,800,-1,81,97,799,-1,103,801,802,-1,103,116,801,-1,121,803,804,-1,121,14,803,-1,153,805,806,-1,153,44,805,-1,163,807,808,-1,163,71,807,-1,809,810,175,-1,175,172,809,-1,226,811,784,-1,784,227,226,-1,783,784,811,-1,809,812,810,-1,278,812,809,-1,277,811,813,-1,799,814,800,-1,785,815,786,-1,783,811,277,-1,815,277,813,-1,786,815,813,-1,787,816,788,-1,817,816,277,-1,815,817,277,-1,788,816,817,-1,789,818,790,-1,819,818,277,-1,816,819,277,-1,790,818,819,-1,791,820,792,-1,821,820,277,-1,818,821,277,-1,792,820,821,-1,793,822,794,-1,823,822,277,-1,820,823,277,-1,794,822,823,-1,795,824,796,-1,825,824,277,-1,822,825,277,-1,796,824,825,-1,797,826,798,-1,278,824,827,-1,277,824,278,-1,798,826,827,-1,278,826,828,-1,278,827,826,-1,800,814,828,-1,801,829,802,-1,278,814,830,-1,278,828,814,-1,802,829,830,-1,803,831,804,-1,278,829,832,-1,278,830,829,-1,804,831,832,-1,833,808,807,-1,805,834,806,-1,278,831,835,-1,278,832,831,-1,806,834,835,-1,278,834,836,-1,278,835,834,-1,808,833,836,-1,812,278,833,-1,278,836,833,-1,73,812,833,-1,73,242,812,-1,810,242,175,-1,810,812,242,-1,807,73,833,-1,807,71,73,-1,808,245,163,-1,808,836,245,-1,46,836,834,-1,46,245,836,-1,805,46,834,-1,805,44,46,-1,806,247,153,-1,806,835,247,-1,16,835,831,-1,16,247,835,-1,803,16,831,-1,803,14,16,-1,804,249,121,-1,804,832,249,-1,183,832,829,-1,183,249,832,-1,801,183,829,-1,801,116,183,-1,802,251,103,-1,802,830,251,-1,191,830,814,-1,191,251,830,-1,799,191,814,-1,799,97,191,-1,800,253,81,-1,800,828,253,-1,197,828,826,-1,197,253,828,-1,797,197,826,-1,797,63,197,-1,798,255,52,-1,798,827,255,-1,200,827,824,-1,200,255,827,-1,795,200,824,-1,795,34,200,-1,796,257,24,-1,796,825,257,-1,204,825,822,-1,204,257,825,-1,793,204,822,-1,793,10,204,-1,794,259,11,-1,794,823,259,-1,209,823,820,-1,209,259,823,-1,791,209,820,-1,791,186,209,-1,792,261,187,-1,792,821,261,-1,212,821,818,-1,212,261,821,-1,789,212,818,-1,789,194,212,-1,790,263,195,-1,790,819,263,-1,216,819,816,-1,216,263,819,-1,787,216,816,-1,787,207,216,-1,788,265,205,-1,788,817,265,-1,221,817,815,-1,221,265,817,-1,785,221,815,-1,785,217,221,-1,267,786,813,-1,267,218,786,-1,813,811,226,-1,226,267,813,-1,288,809,837,-1,809,288,278,-1,289,837,838,-1,837,289,288,-1,838,300,289,-1,300,838,780,-1,780,838,179,-1,179,174,780,-1,838,837,180,-1,180,179,838,-1,837,809,172,-1,172,180,837,-1,782,781,231,-1,231,228,782,-1,781,779,229,-1,229,231,781,-1,413,264,411,-1,264,413,17,-1,412,17,413,-1,17,412,20,-1,406,20,412,-1,20,406,21,-1,404,262,396,-1,262,404,38,-1,403,38,404,-1,38,403,41,-1,392,41,403,-1,41,392,42,-1,402,31,407,-1,31,402,32,-1,407,30,408,-1,30,407,31,-1,408,22,405,-1,22,408,30,-1,394,260,395,-1,260,394,57,-1,393,57,394,-1,57,393,60,-1,388,60,393,-1,60,388,61,-1,399,48,400,-1,48,399,49,-1,400,47,401,-1,47,400,48,-1,401,43,391,-1,43,401,47,-1,387,258,381,-1,258,387,74,-1,386,74,387,-1,74,386,77,-1,380,77,386,-1,77,380,78,-1,384,68,389,-1,68,384,69,-1,389,67,390,-1,67,389,68,-1,390,62,385,-1,62,390,67,-1,378,256,373,-1,256,378,92,-1,377,92,378,-1,92,377,94,-1,372,94,377,-1,94,372,95,-1,376,87,382,-1,87,376,88,-1,382,86,383,-1,86,382,87,-1,383,79,379,-1,79,383,86,-1,371,254,364,-1,254,371,27,-1,370,27,371,-1,27,370,28,-1,361,28,370,-1,28,361,109,-1,365,99,374,-1,99,365,100,-1,374,2,375,-1,2,374,99,-1,375,96,369,-1,96,375,2,-1,363,252,356,-1,252,363,54,-1,362,54,363,-1,54,362,55,-1,355,55,362,-1,55,355,119,-1,359,113,366,-1,113,359,114,-1,366,36,367,-1,36,366,113,-1,367,110,360,-1,110,367,36,-1,353,250,350,-1,250,353,83,-1,352,83,353,-1,83,352,84,-1,347,84,352,-1,84,347,133,-1,351,127,357,-1,127,351,128,-1,357,65,358,-1,65,357,127,-1,358,120,354,-1,120,358,65,-1,345,248,342,-1,248,345,105,-1,344,105,345,-1,105,344,106,-1,338,106,344,-1,106,338,144,-1,343,137,348,-1,137,343,138,-1,348,90,349,-1,90,348,137,-1,349,134,346,-1,134,349,90,-1,336,246,333,-1,246,336,126,-1,335,126,336,-1,126,335,124,-1,330,124,335,-1,124,330,157,-1,334,150,340,-1,150,334,151,-1,340,111,341,-1,111,340,150,-1,341,145,337,-1,145,341,111,-1,326,244,317,-1,244,326,149,-1,316,149,326,-1,149,316,146,-1,316,313,168,-1,168,146,316,-1,313,299,169,-1,169,168,313,-1,299,147,169,-1,299,324,147,-1,323,147,324,-1,147,323,160,-1,315,160,323,-1,160,315,173,-1,329,135,331,-1,135,329,161,-1,331,130,332,-1,130,331,135,-1,332,158,321,-1,158,332,130,-1,298,171,318,-1,171,298,178,-1,318,176,319,-1,176,318,171,-1,319,241,314,-1,241,319,176,-1,
        ]
    }
}