#VRML V2.0 utf8
# 3D model generated by easyeda2kicad.py (https://github.com/uPesy/easyeda2kicad.py)

Shape{
    appearance Appearance {
        material  Material 	{
            diffuseColor 0.7686274509803922 0.7686274509803922 0.7686274509803922
            specularColor 0.615686274509804 0.615686274509804 0.615686274509804
            ambientIntensity 0.2
            transparency 0
            shininess 0.5
        }
    }
    geometry IndexedFaceSet {
        ccw TRUE
        solid FALSE
        coord DEF co Coordinate {
            point [
                -5.5906 -0.6496 0.0197, -5.5315 -0.6496 0.0197, -5.5906 -0.6496 1.063, -5.5315 -0.6496 1.063, -5.5118 -0.6299 1.0827, -5.5118 -0.2559 1.0827, -5.6102 -0.6299 1.0827, -5.6102 -0.2559 1.0827, -5.6102 -0.2559 0.4134, -5.5118 -0.2559 0.4134, -5.6102 0.6496 0.4134, -5.5118 0.6496 0.4134, -5.6102 0.6496 0.0197, -5.5118 0.6496 0.0197, -5.5315 0.6299 -0.0, -5.5315 -0.6299 -0.0, -5.5906 0.6299 -0.0, -5.5906 -0.6299 -0.0, -5.6102 -0.6299 0.0197, -5.5118 -0.6299 0.0197, -5.512 0.6494 0.0171, -5.5125 -0.6299 0.0146, -5.5144 -0.6299 0.0098, -5.5133 0.6481 0.0122, -5.5125 0.6489 0.0146, -5.5176 0.6438 0.0058, -5.5159 0.6455 0.0077, -5.5144 0.647 0.0098, -5.5176 -0.6299 0.0058, -5.5217 -0.6299 0.0026, -5.5217 0.6398 0.0026, -5.5264 -0.6299 0.0007, -5.5264 0.635 0.0007, -5.6101 0.6494 0.0171, -5.6096 0.6489 0.0146, -5.6087 0.6481 0.0122, -5.6076 0.647 0.0098, -5.6062 0.6455 0.0077, -5.6045 0.6438 0.0058, -5.6004 0.6398 0.0026, -5.5956 0.635 0.0007, -5.5125 -0.635 0.0197, -5.5144 -0.6398 0.0197, -5.5131 -0.6348 0.0146, -5.515 -0.6394 0.0146, -5.515 -0.6343 0.0098, -5.5167 -0.6384 0.0098, -5.5181 -0.6335 0.0058, -5.5194 -0.6369 0.0058, -5.522 -0.6325 0.0026, -5.523 -0.6348 0.0026, -5.5266 -0.6312 0.0007, -5.5271 -0.6325 0.0007, -5.5176 -0.6438 0.0197, -5.5181 -0.6434 0.0146, -5.5194 -0.642 0.0098, -5.5217 -0.6398 0.0058, -5.5245 -0.6369 0.0026, -5.5279 -0.6335 0.0007, -5.5217 -0.647 0.0197, -5.5264 -0.6489 0.0197, -5.522 -0.6464 0.0146, -5.5266 -0.6483 0.0146, -5.523 -0.6447 0.0098, -5.5271 -0.6464 0.0098, -5.5245 -0.642 0.0058, -5.5279 -0.6434 0.0058, -5.5266 -0.6384 0.0026, -5.5289 -0.6394 0.0026, -5.5289 -0.6343 0.0007, -5.5302 -0.6348 0.0007, -5.5315 -0.6489 0.0146, -5.5315 -0.647 0.0098, -5.5315 -0.6438 0.0058, -5.5315 -0.6398 0.0026, -5.5315 -0.635 0.0007, -5.5906 -0.635 0.0007, -5.5906 -0.6398 0.0026, -5.5906 -0.6438 0.0058, -5.5906 -0.647 0.0098, -5.5906 -0.6489 0.0146, -5.5956 -0.6299 0.0007, -5.6004 -0.6299 0.0026, -5.6045 -0.6299 0.0058, -5.6076 -0.6299 0.0098, -5.6096 -0.6299 0.0146, -5.5264 -0.6489 1.0681, -5.5217 -0.647 1.0728, -5.5176 -0.6438 1.0769, -5.5159 -0.6419 1.0786, -5.5144 -0.6398 1.08, -5.5133 -0.6375 1.0812, -5.5125 -0.635 1.082, -5.512 -0.6325 1.0825, -5.5956 -0.6489 0.0197, -5.6004 -0.647 0.0197, -5.5955 -0.6483 0.0146, -5.6001 -0.6464 0.0146, -5.595 -0.6464 0.0098, -5.5991 -0.6447 0.0098, -5.5942 -0.6434 0.0058, -5.5975 -0.642 0.0058, -5.5931 -0.6394 0.0026, -5.5955 -0.6384 0.0026, -5.5919 -0.6348 0.0007, -5.5931 -0.6343 0.0007, -5.6045 -0.6438 0.0197, -5.604 -0.6434 0.0146, -5.6026 -0.642 0.0098, -5.6004 -0.6398 0.0058, -5.5975 -0.6369 0.0026, -5.5942 -0.6335 0.0007, -5.6076 -0.6398 0.0197, -5.6096 -0.635 0.0197, -5.607 -0.6394 0.0146, -5.6089 -0.6348 0.0146, -5.6053 -0.6384 0.0098, -5.607 -0.6343 0.0098, -5.6026 -0.6369 0.0058, -5.604 -0.6335 0.0058, -5.5991 -0.6348 0.0026, -5.6001 -0.6325 0.0026, -5.595 -0.6325 0.0007, -5.5955 -0.6312 0.0007, -5.6062 -0.6419 1.0786, -5.6045 -0.6438 1.0769, -5.6004 -0.647 1.0728, -5.5956 -0.6489 1.0681, -5.6087 -0.6375 1.0812, -5.6076 -0.6398 1.08, -5.6101 -0.6325 1.0825, -5.6096 -0.635 1.082, 0.8858 -0.2559 0.4134, 0.8858 0.6496 0.4134, 0.7874 -0.2559 0.4134, 0.7874 0.6496 0.4134, 0.8858 -0.2559 1.0827, 0.7874 -0.2559 1.0827, 0.8858 -0.6299 1.0827, 0.7874 -0.6299 1.0827, 0.8071 -0.6496 1.063, 0.8071 -0.6496 0.0197, 0.8661 -0.6496 1.063, 0.8661 -0.6496 0.0197, 0.8661 -0.6299 -0.0, 0.8071 -0.6299 -0.0, 0.8661 0.6299 -0.0, 0.8071 0.6299 -0.0, 0.7874 0.6496 0.0197, 0.8858 0.6496 0.0197, 0.8858 -0.6299 0.0197, 0.7874 -0.6299 0.0197, 0.7876 -0.6325 1.0825, 0.7881 -0.635 0.0197, 0.79 -0.6398 0.0197, 0.7889 -0.6375 1.0812, 0.7881 -0.635 1.082, 0.7932 -0.6438 1.0769, 0.7915 -0.6419 1.0786, 0.79 -0.6398 1.08, 0.7932 -0.6438 0.0197, 0.7972 -0.647 0.0197, 0.7972 -0.647 1.0728, 0.802 -0.6489 0.0197, 0.802 -0.6489 1.0681, 0.8027 -0.6299 0.0006, 0.8022 -0.6312 0.0007, 0.788 -0.6299 0.0153, 0.7887 -0.6348 0.0146, 0.7881 -0.6299 0.0146, 0.7895 -0.6299 0.0112, 0.7906 -0.6343 0.0098, 0.79 -0.6299 0.0098, 0.7918 -0.6299 0.0075, 0.7936 -0.6335 0.0058, 0.7932 -0.6299 0.0058, 0.7949 -0.6299 0.0044, 0.7976 -0.6325 0.0026, 0.8022 -0.6483 0.0146, 0.7976 -0.6464 0.0146, 0.8027 -0.6464 0.0098, 0.7986 -0.6447 0.0098, 0.8035 -0.6434 0.0058, 0.8001 -0.642 0.0058, 0.8045 -0.6394 0.0026, 0.8022 -0.6384 0.0026, 0.8058 -0.6348 0.0007, 0.8045 -0.6343 0.0007, 0.7936 -0.6434 0.0146, 0.795 -0.642 0.0098, 0.7972 -0.6398 0.0058, 0.8001 -0.6369 0.0026, 0.8035 -0.6335 0.0007, 0.8071 -0.6489 0.0146, 0.8071 -0.647 0.0098, 0.8071 -0.6438 0.0058, 0.8071 -0.6398 0.0026, 0.8071 -0.635 0.0007, 0.7906 -0.6394 0.0146, 0.7923 -0.6384 0.0098, 0.795 -0.6369 0.0058, 0.7986 -0.6348 0.0026, 0.8027 -0.6325 0.0007, 0.7972 -0.6299 0.0026, 0.7986 -0.6299 0.0021, 0.802 -0.6299 0.0007, 0.8801 -0.6438 1.0769, 0.8818 -0.6419 1.0786, 0.8832 -0.6398 1.08, 0.8843 -0.6375 1.0812, 0.8852 -0.635 1.082, 0.8857 -0.6325 1.0825, 0.876 -0.647 1.0728, 0.8712 -0.6489 1.0681, 0.7985 0.6385 0.0019, 0.8027 0.6343 0.0005, 0.7948 0.6422 0.0043, 0.7917 0.6453 0.0074, 0.7894 0.6477 0.0111, 0.7885 0.6485 0.0132, 0.7879 0.6491 0.0153, 0.7875 0.6495 0.0175, 0.8661 -0.6489 0.0146, 0.8661 -0.647 0.0098, 0.8661 -0.6438 0.0058, 0.8661 -0.6398 0.0026, 0.8661 -0.635 0.0007, 0.8712 -0.6489 0.0197, 0.876 -0.647 0.0197, 0.8801 -0.6438 0.0197, 0.8832 -0.6398 0.0197, 0.8852 -0.635 0.0197, 0.8847 0.6485 0.0132, 0.8839 0.6477 0.0111, 0.8815 0.6453 0.0074, 0.8784 0.6422 0.0043, 0.8747 0.6385 0.0019, 0.8705 0.6343 0.0005, 0.8857 0.6495 0.0175, 0.8853 0.6491 0.0153, 0.8697 -0.6335 0.0007, 0.8687 -0.6343 0.0007, 0.8746 -0.6299 0.0021, 0.876 -0.6299 0.0026, 0.8756 -0.6325 0.0026, 0.8783 -0.6299 0.0044, 0.8801 -0.6299 0.0058, 0.8796 -0.6335 0.0058, 0.8711 -0.6483 0.0146, 0.8796 -0.6434 0.0146, 0.8853 -0.6299 0.0153, 0.8845 -0.6348 0.0146, 0.8852 -0.6299 0.0146, 0.8826 -0.6394 0.0146, 0.8809 -0.6384 0.0098, 0.8838 -0.6299 0.0112, 0.8826 -0.6343 0.0098, 0.8832 -0.6299 0.0098, 0.8814 -0.6299 0.0075, 0.8697 -0.6434 0.0058, 0.8782 -0.6369 0.0058, 0.8782 -0.642 0.0098, 0.8756 -0.6464 0.0146, 0.8687 -0.6394 0.0026, 0.8711 -0.6384 0.0026, 0.8747 -0.6447 0.0098, 0.876 -0.6398 0.0058, 0.8747 -0.6348 0.0026, 0.8711 -0.6312 0.0007, 0.8675 -0.6348 0.0007, 0.8705 -0.6299 0.0006, 0.8712 -0.6299 0.0007, 0.8706 -0.6464 0.0098, 0.8731 -0.642 0.0058, 0.8731 -0.6369 0.0026, 0.8706 -0.6325 0.0007, 0.8706 -0.6325 0.0007
            ]
        }
        coordIndex [
            0,1,2,-1,2,1,3,-1,4,5,6,-1,6,5,7,-1,8,7,9,-1,9,7,5,-1,10,8,11,-1,11,8,9,-1,12,10,13,-1,13,10,11,-1,14,15,16,-1,16,15,17,-1,10,12,8,-1,8,12,18,-1,8,18,7,-1,7,18,6,-1,5,4,9,-1,9,4,19,-1,9,19,11,-1,11,19,13,-1,13,19,20,-1,20,19,21,-1,22,23,21,-1,21,23,24,-1,21,24,20,-1,25,26,22,-1,22,26,27,-1,22,27,23,-1,22,28,25,-1,25,28,29,-1,25,29,30,-1,30,29,31,-1,30,31,32,-1,32,31,15,-1,32,15,14,-1,12,13,20,-1,12,20,33,-1,33,20,24,-1,33,24,34,-1,34,24,35,-1,35,24,23,-1,35,23,36,-1,36,23,27,-1,36,27,37,-1,37,27,26,-1,37,26,38,-1,26,25,38,-1,38,25,30,-1,38,30,39,-1,39,30,32,-1,39,32,40,-1,40,32,14,-1,40,14,16,-1,41,42,43,-1,43,42,44,-1,43,44,45,-1,45,44,46,-1,45,46,47,-1,47,46,48,-1,47,48,49,-1,49,48,50,-1,49,50,51,-1,51,50,52,-1,51,52,15,-1,42,53,44,-1,44,53,54,-1,44,54,46,-1,46,54,55,-1,46,55,48,-1,48,55,56,-1,48,56,50,-1,50,56,57,-1,50,57,52,-1,52,57,58,-1,52,58,15,-1,19,41,21,-1,21,41,43,-1,21,43,22,-1,22,43,45,-1,22,45,28,-1,28,45,47,-1,28,47,29,-1,29,47,49,-1,29,49,31,-1,31,49,51,-1,31,51,15,-1,59,60,61,-1,61,60,62,-1,61,62,63,-1,63,62,64,-1,63,64,65,-1,65,64,66,-1,65,66,67,-1,67,66,68,-1,67,68,69,-1,69,68,70,-1,69,70,15,-1,60,1,62,-1,62,1,71,-1,62,71,64,-1,64,71,72,-1,64,72,66,-1,66,72,73,-1,66,73,68,-1,68,73,74,-1,68,74,70,-1,70,74,75,-1,70,75,15,-1,53,59,54,-1,54,59,61,-1,54,61,55,-1,55,61,63,-1,55,63,56,-1,56,63,65,-1,56,65,57,-1,57,65,67,-1,57,67,58,-1,58,67,69,-1,58,69,15,-1,17,15,75,-1,17,75,76,-1,76,75,74,-1,76,74,77,-1,77,74,73,-1,77,73,78,-1,78,73,72,-1,78,72,79,-1,79,72,71,-1,79,71,80,-1,80,71,1,-1,80,1,0,-1,16,17,81,-1,16,81,40,-1,40,81,82,-1,40,82,39,-1,39,82,83,-1,39,83,38,-1,38,83,37,-1,37,83,84,-1,37,84,36,-1,36,84,35,-1,35,84,85,-1,35,85,34,-1,34,85,33,-1,33,85,18,-1,33,18,12,-1,3,1,60,-1,3,60,86,-1,86,60,59,-1,86,59,87,-1,87,59,53,-1,87,53,88,-1,88,53,89,-1,89,53,42,-1,89,42,90,-1,90,42,91,-1,91,42,41,-1,91,41,92,-1,92,41,93,-1,93,41,19,-1,93,19,4,-1,94,95,96,-1,96,95,97,-1,96,97,98,-1,98,97,99,-1,98,99,100,-1,100,99,101,-1,100,101,102,-1,102,101,103,-1,102,103,104,-1,104,103,105,-1,104,105,17,-1,95,106,97,-1,97,106,107,-1,97,107,99,-1,99,107,108,-1,99,108,101,-1,101,108,109,-1,101,109,103,-1,103,109,110,-1,103,110,105,-1,105,110,111,-1,105,111,17,-1,0,94,80,-1,80,94,96,-1,80,96,79,-1,79,96,98,-1,79,98,78,-1,78,98,100,-1,78,100,77,-1,77,100,102,-1,77,102,76,-1,76,102,104,-1,76,104,17,-1,112,113,114,-1,114,113,115,-1,114,115,116,-1,116,115,117,-1,116,117,118,-1,118,117,119,-1,118,119,120,-1,120,119,121,-1,120,121,122,-1,122,121,123,-1,122,123,17,-1,113,18,115,-1,115,18,85,-1,115,85,117,-1,117,85,84,-1,117,84,119,-1,119,84,83,-1,119,83,121,-1,121,83,82,-1,121,82,123,-1,123,82,81,-1,123,81,17,-1,106,112,107,-1,107,112,114,-1,107,114,108,-1,108,114,116,-1,108,116,109,-1,109,116,118,-1,109,118,110,-1,110,118,120,-1,110,120,111,-1,111,120,122,-1,111,122,17,-1,124,125,88,-1,88,125,126,-1,88,126,87,-1,87,126,127,-1,87,127,86,-1,86,127,2,-1,86,2,3,-1,92,128,91,-1,91,128,129,-1,91,129,90,-1,90,129,124,-1,90,124,89,-1,89,124,88,-1,4,6,93,-1,93,6,130,-1,93,130,92,-1,92,130,131,-1,92,131,128,-1,6,18,130,-1,130,18,113,-1,112,128,113,-1,113,128,131,-1,113,131,130,-1,125,124,112,-1,112,124,129,-1,112,129,128,-1,112,106,125,-1,125,106,95,-1,125,95,126,-1,126,95,94,-1,126,94,127,-1,127,94,0,-1,127,0,2,-1,132,133,134,-1,134,133,135,-1,136,132,137,-1,137,132,134,-1,138,136,139,-1,139,136,137,-1,140,141,142,-1,142,141,143,-1,144,145,146,-1,146,145,147,-1,148,135,149,-1,149,135,133,-1,136,138,132,-1,132,138,150,-1,132,150,133,-1,133,150,149,-1,135,148,134,-1,134,148,151,-1,134,151,137,-1,137,151,139,-1,139,151,152,-1,152,151,153,-1,154,155,153,-1,153,155,156,-1,153,156,152,-1,157,158,154,-1,154,158,159,-1,154,159,155,-1,154,160,157,-1,157,160,161,-1,157,161,162,-1,162,161,163,-1,162,163,164,-1,164,163,141,-1,164,141,140,-1,165,145,166,-1,151,167,153,-1,153,167,168,-1,167,169,168,-1,168,169,170,-1,168,170,171,-1,170,172,171,-1,171,172,173,-1,171,173,174,-1,173,175,174,-1,174,175,176,-1,174,176,177,-1,163,161,178,-1,178,161,179,-1,178,179,180,-1,180,179,181,-1,180,181,182,-1,182,181,183,-1,182,183,184,-1,184,183,185,-1,184,185,186,-1,186,185,187,-1,186,187,145,-1,161,160,179,-1,179,160,188,-1,179,188,181,-1,181,188,189,-1,181,189,183,-1,183,189,190,-1,183,190,185,-1,185,190,191,-1,185,191,187,-1,187,191,192,-1,187,192,145,-1,141,163,193,-1,193,163,178,-1,193,178,194,-1,194,178,180,-1,194,180,195,-1,195,180,182,-1,195,182,196,-1,196,182,184,-1,196,184,197,-1,197,184,186,-1,197,186,145,-1,154,153,198,-1,198,153,168,-1,198,168,199,-1,199,168,171,-1,199,171,200,-1,200,171,174,-1,200,174,201,-1,201,174,177,-1,201,177,202,-1,202,177,166,-1,202,166,145,-1,176,203,177,-1,177,203,204,-1,177,204,166,-1,166,204,205,-1,166,205,165,-1,160,154,188,-1,188,154,198,-1,188,198,189,-1,189,198,199,-1,189,199,190,-1,190,199,200,-1,190,200,191,-1,191,200,201,-1,191,201,192,-1,192,201,202,-1,192,202,145,-1,206,207,158,-1,158,207,208,-1,158,208,159,-1,159,208,209,-1,159,209,155,-1,155,209,210,-1,155,210,156,-1,156,210,211,-1,156,211,152,-1,152,211,138,-1,152,138,139,-1,158,157,206,-1,206,157,162,-1,206,162,212,-1,212,162,164,-1,212,164,213,-1,213,164,140,-1,213,140,142,-1,214,215,165,-1,165,215,147,-1,165,147,145,-1,165,205,214,-1,214,205,204,-1,214,204,216,-1,204,203,216,-1,216,203,176,-1,216,176,217,-1,217,176,175,-1,175,173,217,-1,217,173,172,-1,217,172,218,-1,218,172,170,-1,218,170,219,-1,219,170,169,-1,219,169,220,-1,220,169,167,-1,220,167,221,-1,221,167,151,-1,221,151,148,-1,143,141,193,-1,143,193,222,-1,222,193,194,-1,222,194,223,-1,223,194,195,-1,223,195,224,-1,224,195,196,-1,224,196,225,-1,225,196,197,-1,225,197,226,-1,226,197,145,-1,226,145,144,-1,142,143,227,-1,142,227,213,-1,213,227,228,-1,213,228,212,-1,212,228,229,-1,212,229,206,-1,206,229,207,-1,207,229,230,-1,207,230,208,-1,208,230,209,-1,209,230,231,-1,209,231,210,-1,210,231,211,-1,211,231,150,-1,211,150,138,-1,220,232,219,-1,219,232,233,-1,219,233,218,-1,218,233,234,-1,218,234,217,-1,217,234,235,-1,217,235,216,-1,216,235,236,-1,216,236,214,-1,214,236,237,-1,214,237,215,-1,215,237,146,-1,215,146,147,-1,148,149,221,-1,221,149,238,-1,221,238,220,-1,220,238,239,-1,220,239,232,-1,240,241,144,-1,242,243,244,-1,245,246,247,-1,248,227,143,-1,249,229,228,-1,150,231,250,-1,250,231,251,-1,250,251,252,-1,230,229,253,-1,253,229,249,-1,253,249,254,-1,252,251,255,-1,255,251,256,-1,255,256,257,-1,231,230,251,-1,251,230,253,-1,251,253,256,-1,256,253,254,-1,256,254,247,-1,247,246,256,-1,256,246,258,-1,256,258,257,-1,223,224,259,-1,243,245,244,-1,244,245,247,-1,244,247,260,-1,260,247,254,-1,260,254,261,-1,261,254,249,-1,261,249,262,-1,262,249,228,-1,262,228,227,-1,259,263,264,-1,227,248,262,-1,262,248,265,-1,262,265,261,-1,261,265,266,-1,261,266,260,-1,260,266,267,-1,260,267,244,-1,244,267,268,-1,244,268,242,-1,241,240,264,-1,264,263,241,-1,241,263,269,-1,241,269,144,-1,259,224,263,-1,263,224,225,-1,263,225,269,-1,269,225,226,-1,269,226,144,-1,144,270,268,-1,268,270,271,-1,268,271,242,-1,143,222,248,-1,248,222,272,-1,248,272,265,-1,265,272,273,-1,265,273,266,-1,266,273,274,-1,266,274,267,-1,267,274,275,-1,267,275,268,-1,268,275,144,-1,222,223,272,-1,272,223,259,-1,272,259,273,-1,273,259,264,-1,273,264,274,-1,274,264,240,-1,274,240,275,-1,275,240,144,-1,149,150,238,-1,238,150,250,-1,238,250,239,-1,239,250,232,-1,232,250,252,-1,232,252,233,-1,233,252,255,-1,233,255,234,-1,255,257,234,-1,234,257,258,-1,234,258,235,-1,258,246,235,-1,235,246,245,-1,235,245,236,-1,245,243,236,-1,236,243,242,-1,236,242,237,-1,237,242,271,-1,271,270,237,-1,237,270,144,-1,237,144,146,-1,
        ]
    }
}
Shape{
    appearance Appearance {
        material  Material 	{
            diffuseColor 0.9019607843137255 0.8627450980392157 0.7843137254901961
            specularColor 0.27058823529411763 0.25882352941176473 0.23529411764705882
            ambientIntensity 0.2
            transparency 0
            shininess 0.5
        }
    }
    geometry IndexedFaceSet {
        ccw TRUE
        solid FALSE
        coord DEF co Coordinate {
            point [
                -0.1969 1.3189 1.7323, -0.1969 1.3189 2.0079, -0.3937 1.3189 2.0079, -4.9213 1.3189 1.7323, -5.0689 1.3189 1.7323, -5.0689 1.3189 1.6752, -2.2784 1.3189 1.3418, -2.2736 1.3189 1.3399, -2.2268 1.3189 1.6752, -2.2736 1.3189 1.1483, -2.2268 1.3189 0.9054, -2.2695 1.3189 1.1514, -2.2664 1.3189 1.1555, -2.2695 1.3189 1.3368, -2.2664 1.3189 1.3327, -2.2645 1.3189 1.3279, -2.2638 1.3189 1.3228, -2.2638 1.3189 1.1654, -2.2645 1.3189 1.1603, -2.4508 1.3189 1.1483, -2.4549 1.3189 1.1514, -2.5286 1.3189 0.9054, -2.5286 1.3189 1.6752, -2.4508 1.3189 1.3399, -2.446 1.3189 1.3418, -2.4606 1.3189 1.3228, -2.46 1.3189 1.3279, -2.4241 1.3189 1.6752, -2.4241 1.3189 0.9054, -2.4409 1.3189 1.1457, -2.446 1.3189 1.1463, -2.458 1.3189 1.3327, -2.4549 1.3189 1.3368, -2.4409 1.3189 1.3425, -2.4241 1.3189 1.3425, -2.3377 1.3189 1.6752, -2.3377 1.3189 1.3425, -2.2835 1.3189 1.3425, -2.458 1.3189 1.1555, -2.46 1.3189 1.1603, -2.4606 1.3189 1.1654, -2.2784 1.3189 1.1463, -2.2835 1.3189 1.1457, -2.3377 1.3189 0.9054, -2.3377 1.3189 1.1457, -2.4241 1.3189 1.1457, -5.315 1.3189 1.7323, -5.315 1.3189 1.6752, -4.5276 1.3189 1.7323, -4.3307 1.3189 1.6752, -4.5276 1.3189 2.0079, 0.5906 1.3189 1.6752, 0.5906 1.3189 1.7323, 0.1969 1.3189 1.7323, -0.3937 1.3189 1.6752, 0.0838 1.3189 1.3418, 0.0886 1.3189 1.3399, 0.0927 1.3189 1.3368, 0.0958 1.3189 1.3327, 0.5906 1.3189 0.9054, 0.091 1.3189 1.15, 0.0873 1.3189 1.1476, 0.0831 1.3189 1.1462, 0.0787 1.3189 1.1457, -0.3937 1.3189 0.9054, -0.0787 1.3189 1.1457, -0.0831 1.3189 1.1462, 0.0979 1.3189 1.161, 0.0965 1.3189 1.1568, 0.0941 1.3189 1.1531, 0.0978 1.3189 1.3279, 0.0984 1.3189 1.3228, 0.0984 1.3189 1.1654, -0.0965 1.3189 1.3314, -0.0941 1.3189 1.3351, -0.091 1.3189 1.3382, -0.0873 1.3189 1.3406, -0.0873 1.3189 1.1476, -0.091 1.3189 1.15, -0.0941 1.3189 1.1531, -0.0965 1.3189 1.1568, -0.0979 1.3189 1.161, -0.0984 1.3189 1.1654, -0.0831 1.3189 1.342, -0.0787 1.3189 1.3425, 0.0787 1.3189 1.3425, -0.0984 1.3189 1.3228, -0.0979 1.3189 1.3272, -0.689 1.3189 1.1654, -0.6896 1.3189 1.1603, -0.6988 1.3189 1.1483, -0.7036 1.3189 1.1463, -0.7087 1.3189 1.1457, -1.1811 1.3189 0.9054, -0.8661 1.3189 1.1457, -0.8712 1.3189 1.1463, -0.876 1.3189 1.1483, -0.8801 1.3189 1.1514, -0.8832 1.3189 1.1555, -0.689 1.3189 1.3228, -0.8852 1.3189 1.1603, -0.8858 1.3189 1.1654, -1.1811 1.3189 1.6752, -0.8858 1.3189 1.3228, -0.8852 1.3189 1.3279, -0.6916 1.3189 1.1555, -0.6947 1.3189 1.1514, -0.8832 1.3189 1.3327, -0.8801 1.3189 1.3368, -0.876 1.3189 1.3399, -0.7036 1.3189 1.3418, -0.6988 1.3189 1.3399, -0.6947 1.3189 1.3368, -0.8712 1.3189 1.3418, -0.8661 1.3189 1.3425, -0.7087 1.3189 1.3425, -0.6916 1.3189 1.3327, -0.6896 1.3189 1.3279, 0.5906 1.3189 0.1969, -0.3937 1.3189 0.1969, -1.1811 1.3189 0.1969, -1.8946 1.3189 0.1969, -1.8946 1.3189 0.9054, -2.1159 1.3189 0.5457, -1.477 1.3189 1.3279, -1.4764 1.3189 1.3228, -1.477 1.3189 1.1603, -1.479 1.3189 1.1555, -1.4821 1.3189 1.1514, -1.4862 1.3189 1.1483, -1.6586 1.3189 1.1463, -1.6634 1.3189 1.1483, -1.4764 1.3189 1.1654, -1.491 1.3189 1.1463, -1.4961 1.3189 1.1457, -1.6535 1.3189 1.1457, -1.6675 1.3189 1.1514, -1.6706 1.3189 1.1555, -1.6726 1.3189 1.1603, -1.6706 1.3189 1.3327, -1.6675 1.3189 1.3368, -1.8946 1.3189 1.6752, -1.6634 1.3189 1.3399, -1.491 1.3189 1.3418, -1.4862 1.3189 1.3399, -1.4821 1.3189 1.3368, -1.479 1.3189 1.3327, -1.6732 1.3189 1.1654, -1.6732 1.3189 1.3228, -1.6726 1.3189 1.3279, -1.6586 1.3189 1.3418, -1.6535 1.3189 1.3425, -1.4961 1.3189 1.3425, -2.1451 1.3189 0.5788, -2.1939 1.3189 0.5788, -2.1332 1.3189 0.5457, -2.2052 1.3189 0.5457, -2.2268 1.3189 0.1969, -2.2225 1.3189 0.5457, -2.1778 1.3189 0.6638, -2.162 1.3189 0.6638, -2.2758 1.3189 0.662, -2.262 1.3189 0.6571, -2.2491 1.3189 0.6485, -2.237 1.3189 0.578, -2.2438 1.3189 0.5675, -2.2535 1.3189 0.5582, -2.2659 1.3189 0.551, -2.249 1.3189 0.6484, -2.2407 1.3189 0.6391, -2.2352 1.3189 0.629, -2.2795 1.3189 0.547, -2.2941 1.3189 0.5457, -2.3377 1.3189 0.1969, -2.3262 1.3189 0.5457, -2.3262 1.3189 0.6638, -2.2929 1.3189 0.6638, -2.232 1.3189 0.6173, -2.2311 1.3189 0.6062, -2.2328 1.3189 0.5904, -2.4126 1.3189 0.5457, -2.4126 1.3189 0.6638, -2.4241 1.3189 0.1969, -2.3492 1.3189 0.5457, -2.3492 1.3189 0.5586, -2.3521 1.3189 0.6508, -2.3521 1.3189 0.6638, -2.3968 1.3189 0.599, -2.3968 1.3189 0.5586, -2.355 1.3189 0.599, -2.355 1.3189 0.6119, -2.3968 1.3189 0.6119, -2.3968 1.3189 0.6508, -2.4357 1.3189 0.5518, -2.4357 1.3189 0.5648, -2.4942 1.3189 0.5497, -2.5037 1.3189 0.5558, -2.5286 1.3189 0.1969, -2.4493 1.3189 0.6643, -2.4357 1.3189 0.6605, -2.4357 1.3189 0.6447, -2.449 1.3189 0.6504, -2.4378 1.3189 0.5636, -2.4633 1.3189 0.6523, -2.475 1.3189 0.651, -2.4827 1.3189 0.5457, -2.5104 1.3189 0.6437, -2.4997 1.3189 0.654, -2.4483 1.3189 0.5466, -2.4649 1.3189 0.5443, -2.4682 1.3189 0.5442, -2.5235 1.3189 0.6025, -2.5218 1.3189 0.6193, -2.5173 1.3189 0.6327, -2.4838 1.3189 0.6478, -2.492 1.3189 0.6423, -2.4991 1.3189 0.6344, -2.5077 1.3189 0.6035, -2.5065 1.3189 0.5907, -2.5033 1.3189 0.5805, -2.477 1.3189 0.5584, -2.466 1.3189 0.5572, -2.4856 1.3189 0.5616, -2.4929 1.3189 0.5665, -2.4984 1.3189 0.5723, -2.4503 1.3189 0.5589, -2.5125 1.3189 0.5651, -2.5188 1.3189 0.5763, -2.5224 1.3189 0.5888, -2.504 1.3189 0.6253, -2.5071 1.3189 0.6127, -2.4885 1.3189 0.6604, -2.4753 1.3189 0.6643, -2.4635 1.3189 0.6652, -2.8226 1.3189 0.1969, -2.5336 1.3189 0.5457, -2.5336 1.3189 0.5586, -2.5783 1.3189 0.5586, -2.5783 1.3189 0.6638, -2.5941 1.3189 0.6638, -2.8226 1.3189 0.9054, -2.5941 1.3189 0.5457, -2.8226 1.3189 1.6752, -3.2334 1.3189 1.1463, -3.2382 1.3189 1.1483, -3.5433 1.3189 0.9054, -3.2423 1.3189 1.1514, -3.2454 1.3189 1.1555, -3.061 1.3189 1.1483, -3.0658 1.3189 1.1463, -3.0709 1.3189 1.1457, -3.2283 1.3189 1.1457, -3.0519 1.3189 1.1603, -3.0538 1.3189 1.1555, -3.0569 1.3189 1.1514, -3.2474 1.3189 1.1603, -3.248 1.3189 1.1654, -3.5433 1.3189 1.6752, -3.248 1.3189 1.3228, -3.2474 1.3189 1.3279, -3.2454 1.3189 1.3327, -3.2423 1.3189 1.3368, -3.2382 1.3189 1.3399, -3.0658 1.3189 1.3418, -3.061 1.3189 1.3399, -3.0569 1.3189 1.3368, -3.0538 1.3189 1.3327, -3.2334 1.3189 1.3418, -3.2283 1.3189 1.3425, -3.0709 1.3189 1.3425, -3.0519 1.3189 1.3279, -3.0512 1.3189 1.3228, -3.0512 1.3189 1.1654, -3.5433 1.3189 0.1969, -4.3307 1.3189 0.1969, -4.3307 1.3189 0.9054, -5.0689 1.3189 0.1969, -4.0208 1.3189 1.1463, -4.0256 1.3189 1.1483, -4.0297 1.3189 1.1514, -4.0328 1.3189 1.1555, -3.8532 1.3189 1.3418, -3.8484 1.3189 1.3399, -3.8443 1.3189 1.3368, -3.8412 1.3189 1.3327, -3.8393 1.3189 1.1603, -3.8412 1.3189 1.1555, -3.8443 1.3189 1.1514, -3.8484 1.3189 1.1483, -3.8532 1.3189 1.1463, -3.8583 1.3189 1.1457, -4.0157 1.3189 1.1457, -4.0348 1.3189 1.1603, -4.0354 1.3189 1.1654, -4.0354 1.3189 1.3228, -4.0348 1.3189 1.3279, -4.0328 1.3189 1.3327, -4.0297 1.3189 1.3368, -4.0256 1.3189 1.3399, -4.0208 1.3189 1.3418, -4.0157 1.3189 1.3425, -3.8583 1.3189 1.3425, -3.8393 1.3189 1.3279, -3.8386 1.3189 1.3228, -3.8386 1.3189 1.1654, -1.1811 1.3189 2.0079, -1.8946 1.3189 2.0079, -2.2268 1.3189 2.0079, -2.3377 1.3189 2.0079, -2.4241 1.3189 2.0079, -2.5286 1.3189 2.0079, -2.8226 1.3189 2.0079, -3.5433 1.3189 2.0079, -4.3307 1.3189 2.0079, -4.8031 1.3189 1.1457, -4.8082 1.3189 1.1463, -5.0689 1.3189 0.9054, -4.6457 1.3189 1.1457, -4.6318 1.3189 1.1514, -4.6286 1.3189 1.1555, -4.6267 1.3189 1.1603, -4.6358 1.3189 1.1483, -4.6406 1.3189 1.1463, -4.813 1.3189 1.1483, -4.8171 1.3189 1.1514, -4.8202 1.3189 1.1555, -4.8222 1.3189 1.3279, -4.8202 1.3189 1.3327, -4.8171 1.3189 1.3368, -4.813 1.3189 1.3399, -4.6286 1.3189 1.3327, -4.6267 1.3189 1.3279, -4.626 1.3189 1.3228, -4.626 1.3189 1.1654, -4.8222 1.3189 1.1603, -4.8228 1.3189 1.1654, -4.8228 1.3189 1.3228, -4.6406 1.3189 1.3418, -4.6358 1.3189 1.3399, -4.6318 1.3189 1.3368, -4.8082 1.3189 1.3418, -4.8031 1.3189 1.3425, -4.6457 1.3189 1.3425, -5.315 1.3189 0.9054, -5.315 1.3189 0.1969, -2.2441 1.5354 0.2953, -2.2441 1.5354 0.0591, -2.4803 1.5354 0.0591, -4.6063 1.5354 0.2953, -4.6063 1.5354 0.0591, -4.8425 1.5354 0.0591, -1.4567 1.5354 0.2953, -1.4567 1.5354 0.0591, -1.6929 1.5354 0.0591, -4.6063 1.5354 1.3425, -4.6352 1.5354 1.3395, -4.6394 1.5354 1.3415, -3.8189 1.5354 0.2953, -3.8189 1.5354 0.0591, -4.0551 1.5354 0.0591, -3.0315 1.5354 0.2953, -3.0315 1.5354 0.0591, -3.2677 1.5354 0.0591, -1.4567 1.5354 1.3425, -1.4856 1.5354 1.3395, -1.4898 1.5354 1.3415, -0.6693 1.5354 0.2953, -0.6693 1.5354 0.0591, -0.9055 1.5354 0.0591, 0.9055 1.5354 1.0039, 0.9055 1.5354 0.2953, 0.1181 1.5354 1.0039, 0.1181 1.5354 0.2953, -4.6303 1.5354 1.3351, -4.6318 1.5354 1.3367, -4.6336 1.5354 1.3384, -3.8189 1.5354 1.3425, -3.8478 1.5354 1.3395, -3.852 1.5354 1.3415, -1.664 1.5354 1.1487, -1.6598 1.5354 1.1467, -1.6929 1.5354 1.0039, -1.4807 1.5354 1.3351, -1.4822 1.5354 1.3367, -1.484 1.5354 1.3384, -0.6693 1.5354 1.3425, -0.6982 1.5354 1.3395, -0.7024 1.5354 1.3415, 0.0941 1.5354 1.3351, 0.0908 1.5354 1.3384, 0.1181 1.5354 1.3425, 0.0892 1.5354 1.3395, -4.6406 1.5354 1.3418, -4.6413 1.5354 1.342, -4.6457 1.5354 1.3425, -4.0262 1.5354 1.1487, -4.022 1.5354 1.1467, -4.0551 1.5354 1.0039, -3.8429 1.5354 1.3351, -3.8444 1.5354 1.3367, -3.8462 1.5354 1.3384, -3.0315 1.5354 1.3425, -3.0604 1.5354 1.3395, -3.0646 1.5354 1.3415, -2.2441 1.5354 1.3425, -2.273 1.5354 1.3395, -2.2772 1.5354 1.3415, -1.491 1.5354 1.3418, -1.4917 1.5354 1.342, -1.4961 1.5354 1.3425, -0.8766 1.5354 1.1487, -0.8724 1.5354 1.1467, -0.9055 1.5354 1.0039, -0.6933 1.5354 1.3351, -0.6948 1.5354 1.3367, -0.6966 1.5354 1.3384, 0.1181 1.5354 0.0591, -0.1181 1.5354 0.0591, -0.1181 1.5354 0.2953, -0.9055 1.5354 0.2953, -4.8031 1.5354 1.3425, -4.8078 1.5354 1.342, -4.8425 1.5354 1.3425, -4.8082 1.5354 1.3418, -4.8097 1.5354 1.3414, -3.8532 1.5354 1.3418, -3.8539 1.5354 1.342, -3.8583 1.5354 1.3425, -3.2388 1.5354 1.1487, -3.2346 1.5354 1.1467, -3.2677 1.5354 1.0039, -3.0555 1.5354 1.3351, -3.057 1.5354 1.3367, -3.0588 1.5354 1.3384, -2.4514 1.5354 1.1487, -2.4472 1.5354 1.1467, -2.4803 1.5354 1.0039, -2.2681 1.5354 1.3351, -2.2696 1.5354 1.3367, -2.2714 1.5354 1.3384, -1.6535 1.5354 1.3425, -1.6582 1.5354 1.342, -1.6929 1.5354 1.3425, -1.6586 1.5354 1.3418, -1.6601 1.5354 1.3414, -0.7036 1.5354 1.3418, -0.7043 1.5354 1.342, -0.7087 1.5354 1.3425, 0.085 1.5354 1.3415, 0.0831 1.5354 1.342, 0.0787 1.5354 1.3425, -4.8221 1.5354 1.1603, -4.8217 1.5354 1.1588, -4.8425 1.5354 1.0039, -4.8152 1.5354 1.1498, -4.817 1.5354 1.1515, -4.8185 1.5354 1.1531, -4.6063 1.5354 1.0039, -4.641 1.5354 1.1462, -4.6406 1.5354 1.1464, -4.0157 1.5354 1.3425, -4.0204 1.5354 1.342, -4.0551 1.5354 1.3425, -4.0208 1.5354 1.3418, -4.0223 1.5354 1.3414, -3.0658 1.5354 1.3418, -3.0665 1.5354 1.342, -3.0709 1.5354 1.3425, -2.2784 1.5354 1.3418, -2.2791 1.5354 1.342, -2.2835 1.5354 1.3425, -1.6725 1.5354 1.1603, -1.6721 1.5354 1.1588, -1.6689 1.5354 1.1531, -1.6674 1.5354 1.1515, -1.6656 1.5354 1.1498, -1.4961 1.5354 1.1457, -1.4914 1.5354 1.1462, -1.4567 1.5354 1.0039, -1.491 1.5354 1.1464, -0.8661 1.5354 1.3425, -0.8708 1.5354 1.342, -0.9055 1.5354 1.3425, -0.8712 1.5354 1.3418, -0.8727 1.5354 1.3414, -0.0853 1.5354 1.3414, -0.1181 1.5354 1.3425, -0.0834 1.5354 1.342, -0.0787 1.5354 1.3425, -0.0973 1.5354 1.1588, -0.0953 1.5354 1.1547, -0.1181 1.5354 1.0039, -4.8201 1.5354 1.1556, -4.8197 1.5354 1.1547, -4.8136 1.5354 1.1487, -4.8094 1.5354 1.1467, -4.8082 1.5354 1.1464, -4.6392 1.5354 1.1468, -4.6359 1.5354 1.1484, -4.635 1.5354 1.1488, -4.0347 1.5354 1.1603, -4.0343 1.5354 1.1588, -4.0311 1.5354 1.1531, -4.0296 1.5354 1.1515, -4.0278 1.5354 1.1498, -3.8583 1.5354 1.1457, -3.8536 1.5354 1.1462, -3.8189 1.5354 1.0039, -3.8532 1.5354 1.1464, -3.2283 1.5354 1.3425, -3.233 1.5354 1.342, -3.2677 1.5354 1.3425, -3.2334 1.5354 1.3418, -3.2349 1.5354 1.3414, -2.4409 1.5354 1.3425, -2.4456 1.5354 1.342, -2.4803 1.5354 1.3425, -2.446 1.5354 1.3418, -2.4475 1.5354 1.3414, -1.6705 1.5354 1.1556, -1.6701 1.5354 1.1547, -1.4895 1.5354 1.1468, -1.4863 1.5354 1.1484, -1.4854 1.5354 1.1488, -0.8851 1.5354 1.1603, -0.8847 1.5354 1.1588, -0.8815 1.5354 1.1531, -0.88 1.5354 1.1515, -0.8782 1.5354 1.1498, -0.7087 1.5354 1.1457, -0.704 1.5354 1.1462, -0.6693 1.5354 1.0039, -0.7036 1.5354 1.1464, -0.0941 1.5354 1.1531, -0.0908 1.5354 1.1498, -0.0892 1.5354 1.1487, 0.0787 1.5354 1.1457, 0.0834 1.5354 1.1462, -4.813 1.5354 1.3398, -4.8138 1.5354 1.3394, -4.8154 1.5354 1.3382, -4.6271 1.5354 1.3294, -4.6267 1.5354 1.3279, -4.6265 1.5354 1.3275, -4.6287 1.5354 1.3326, -4.6291 1.5354 1.3335, -4.0327 1.5354 1.1556, -4.0323 1.5354 1.1547, -3.8518 1.5354 1.1468, -3.8485 1.5354 1.1484, -3.8476 1.5354 1.1488, -3.2473 1.5354 1.1603, -3.2469 1.5354 1.1588, -3.2437 1.5354 1.1531, -3.2422 1.5354 1.1515, -3.2404 1.5354 1.1498, -3.0709 1.5354 1.1457, -3.0662 1.5354 1.1462, -3.0315 1.5354 1.0039, -3.0658 1.5354 1.1464, -2.4599 1.5354 1.1603, -2.4595 1.5354 1.1588, -2.4563 1.5354 1.1531, -2.4548 1.5354 1.1515, -2.453 1.5354 1.1498, -2.2835 1.5354 1.1457, -2.2788 1.5354 1.1462, -2.2441 1.5354 1.0039, -2.2784 1.5354 1.1464, -1.6633 1.5354 1.3398, -1.6642 1.5354 1.3394, -1.6658 1.5354 1.3382, -1.6586 1.5354 1.1464, -1.6579 1.5354 1.1461, -1.6535 1.5354 1.1457, -1.4775 1.5354 1.3294, -1.4771 1.5354 1.3279, -1.4769 1.5354 1.3275, -1.4791 1.5354 1.3326, -1.4795 1.5354 1.3335, -0.8831 1.5354 1.1556, -0.8827 1.5354 1.1547, -0.7021 1.5354 1.1468, -0.6989 1.5354 1.1484, -0.698 1.5354 1.1488, 0.0853 1.5354 1.1468, 0.0894 1.5354 1.1488, 0.091 1.5354 1.15, -4.817 1.5354 1.3367, -4.8187 1.5354 1.3349, -4.8198 1.5354 1.3333, -4.8075 1.5354 1.1461, -4.8031 1.5354 1.1457, -4.6457 1.5354 1.1457, -4.0255 1.5354 1.3398, -4.0264 1.5354 1.3394, -4.028 1.5354 1.3382, -4.0208 1.5354 1.1464, -4.0201 1.5354 1.1461, -4.0157 1.5354 1.1457, -3.8397 1.5354 1.3294, -3.8393 1.5354 1.3279, -3.8391 1.5354 1.3275, -3.8413 1.5354 1.3326, -3.8417 1.5354 1.3335, -3.2453 1.5354 1.1556, -3.2449 1.5354 1.1547, -3.0644 1.5354 1.1468, -3.0611 1.5354 1.1484, -3.0602 1.5354 1.1488, -2.4579 1.5354 1.1556, -2.4575 1.5354 1.1547, -2.2769 1.5354 1.1468, -2.2737 1.5354 1.1484, -2.2728 1.5354 1.1488, -1.6674 1.5354 1.3367, -1.6691 1.5354 1.3349, -1.6702 1.5354 1.3333, -3.2677 1.5354 0.2953, -2.4803 1.5354 0.2953, -0.8759 1.5354 1.3398, -0.8768 1.5354 1.3394, -0.8784 1.5354 1.3382, -0.8712 1.5354 1.1464, -0.8705 1.5354 1.1461, -0.8661 1.5354 1.1457, -0.6901 1.5354 1.3294, -0.6897 1.5354 1.3279, -0.6895 1.5354 1.3275, -0.6917 1.5354 1.3326, -0.6921 1.5354 1.3335, 0.0979 1.5354 1.3275, 0.0973 1.5354 1.3294, 0.0953 1.5354 1.3335, -4.8218 1.5354 1.3291, -4.8221 1.5354 1.3279, -4.8224 1.5354 1.3272, -4.6334 1.5354 1.15, -4.6318 1.5354 1.1515, -4.6301 1.5354 1.1533, -4.629 1.5354 1.1549, -4.627 1.5354 1.1591, -4.6267 1.5354 1.1603, -4.6265 1.5354 1.161, -4.626 1.5354 1.1654, -4.626 1.5354 1.3228, -4.0296 1.5354 1.3367, -4.0313 1.5354 1.3349, -4.0324 1.5354 1.3333, -5.6299 1.5354 1.0039, -5.6299 1.5354 0.2953, -4.8425 1.5354 0.2953, -3.2381 1.5354 1.3398, -3.239 1.5354 1.3394, -3.2406 1.5354 1.3382, -3.2334 1.5354 1.1464, -3.2327 1.5354 1.1461, -3.2283 1.5354 1.1457, -3.0523 1.5354 1.3294, -3.0519 1.5354 1.3279, -3.0517 1.5354 1.3275, -3.0539 1.5354 1.3326, -3.0543 1.5354 1.3335, -2.4507 1.5354 1.3398, -2.4516 1.5354 1.3394, -2.4532 1.5354 1.3382, -2.446 1.5354 1.1464, -2.4453 1.5354 1.1461, -2.4409 1.5354 1.1457, -2.2649 1.5354 1.3294, -2.2645 1.5354 1.3279, -2.2643 1.5354 1.3275, -2.2665 1.5354 1.3326, -2.2669 1.5354 1.3335, -1.6722 1.5354 1.3291, -1.6725 1.5354 1.3279, -1.6727 1.5354 1.3272, -1.4838 1.5354 1.15, -1.4822 1.5354 1.1515, -1.4805 1.5354 1.1533, -1.4794 1.5354 1.1549, -1.4774 1.5354 1.1591, -1.4771 1.5354 1.1603, -1.4769 1.5354 1.161, -1.4764 1.5354 1.1654, -1.4764 1.5354 1.3228, -0.88 1.5354 1.3367, -0.8817 1.5354 1.3349, -0.8828 1.5354 1.3333, -1.6929 1.5354 0.2953, -0.0894 1.5354 1.3394, -0.091 1.5354 1.3382, -0.0943 1.5354 1.3349, -0.085 1.5354 1.1467, -0.0831 1.5354 1.1461, -0.0787 1.5354 1.1457, -4.0344 1.5354 1.3291, -4.0347 1.5354 1.3279, -4.035 1.5354 1.3272, -3.846 1.5354 1.15, -3.8444 1.5354 1.1515, -3.8427 1.5354 1.1533, -3.8416 1.5354 1.1549, -3.8396 1.5354 1.1591, -3.8393 1.5354 1.1603, -3.8391 1.5354 1.161, -3.8386 1.5354 1.1654, -3.8386 1.5354 1.3228, -3.2422 1.5354 1.3367, -3.2439 1.5354 1.3349, -3.245 1.5354 1.3333, -4.0551 1.5354 0.2953, -2.4548 1.5354 1.3367, -2.4565 1.5354 1.3349, -2.4576 1.5354 1.3333, -0.8848 1.5354 1.3291, -0.8851 1.5354 1.3279, -0.8853 1.5354 1.3272, -0.6964 1.5354 1.15, -0.6948 1.5354 1.1515, -0.6931 1.5354 1.1533, -0.692 1.5354 1.1549, -0.69 1.5354 1.1591, -0.6897 1.5354 1.1603, -0.6895 1.5354 1.161, -0.689 1.5354 1.1654, -0.689 1.5354 1.3228, -0.0954 1.5354 1.3333, -0.0974 1.5354 1.3291, -0.0979 1.5354 1.3272, 0.0943 1.5354 1.1533, 0.0954 1.5354 1.1549, 0.0974 1.5354 1.1591, -4.8228 1.5354 1.3228, -4.8228 1.5354 1.1654, -4.8223 1.5354 1.1607, -3.247 1.5354 1.3291, -3.2473 1.5354 1.3279, -3.2476 1.5354 1.3272, -3.0586 1.5354 1.15, -3.057 1.5354 1.1515, -3.0553 1.5354 1.1533, -3.0542 1.5354 1.1549, -3.0522 1.5354 1.1591, -3.0519 1.5354 1.1603, -3.0517 1.5354 1.161, -3.0512 1.5354 1.1654, -3.0512 1.5354 1.3228, -2.4596 1.5354 1.3291, -2.4599 1.5354 1.3279, -2.4602 1.5354 1.3272, -2.2712 1.5354 1.15, -2.2696 1.5354 1.1515, -2.2679 1.5354 1.1533, -2.2668 1.5354 1.1549, -2.2648 1.5354 1.1591, -2.2645 1.5354 1.1603, -2.2643 1.5354 1.161, -2.2638 1.5354 1.1654, -2.2638 1.5354 1.3228, -1.6732 1.5354 1.3228, -1.6732 1.5354 1.1654, -1.6727 1.5354 1.1607, 0.0979 1.5354 1.161, 0.0984 1.5354 1.1654, 0.0984 1.5354 1.3228, -4.0354 1.5354 1.3228, -4.0354 1.5354 1.1654, -4.0349 1.5354 1.1607, -0.8858 1.5354 1.3228, -0.8858 1.5354 1.1654, -0.8853 1.5354 1.1607, -3.248 1.5354 1.3228, -3.248 1.5354 1.1654, -3.2475 1.5354 1.1607, -2.4606 1.5354 1.3228, -2.4606 1.5354 1.1654, -2.4601 1.5354 1.1607, -0.0984 1.5354 1.3228, -0.0984 1.5354 1.1654, -0.0979 1.5354 1.1607, -0.6693 1.7323 0.2953, -0.1181 1.7323 0.2953, -0.6693 1.7323 0.0591, -0.1181 1.7323 0.0591, -0.9055 1.7323 0.0591, -1.4567 1.7323 0.0591, -0.9055 1.7323 0.2953, -1.4567 1.7323 0.2953, -1.6929 1.7323 0.0591, -2.2441 1.7323 0.0591, -1.6929 1.7323 0.2953, -2.2441 1.7323 0.2953, -2.4803 1.7323 0.0591, -3.0315 1.7323 0.0591, -2.4803 1.7323 0.2953, -3.0315 1.7323 0.2953, -3.2677 1.7323 0.0591, -3.8189 1.7323 0.0591, -3.2677 1.7323 0.2953, -3.8189 1.7323 0.2953, -4.0551 1.7323 0.0591, -4.6063 1.7323 0.0591, -4.0551 1.7323 0.2953, -4.6063 1.7323 0.2953, -0.6693 1.7323 1.0039, -0.1181 1.7323 1.0039, -0.9055 1.7323 1.0039, -1.4567 1.7323 1.0039, -1.6929 1.7323 1.0039, -2.2441 1.7323 1.0039, -2.4803 1.7323 1.0039, -3.0315 1.7323 1.0039, -3.2677 1.7323 1.0039, -3.8189 1.7323 1.0039, -4.0551 1.7323 1.0039, -4.6063 1.7323 1.0039, 0.2756 1.7323 0.0591, 0.1181 1.7323 0.0591, 0.1181 1.7323 0.2953, 0.9055 1.7323 0.2953, 0.9055 1.7323 0.0, 0.315 1.7323 0.0, 0.3048 1.7323 0.0013, 0.2769 1.7323 0.0292, 0.2756 1.7323 0.0394, 0.2953 1.7323 0.0053, 0.2871 1.7323 0.0115, 0.2809 1.7323 0.0197, 0.1181 1.7323 1.0039, 0.9055 1.7323 1.0039, 0.1181 1.7323 1.3425, -0.1181 1.7323 1.3425, -0.6693 1.7323 1.3425, 1.1811 1.7323 2.126, 1.1811 1.7323 1.4961, 0.9055 1.7323 1.4961, -0.0394 1.7323 1.7323, -4.685 1.7323 1.7323, -0.9055 1.7323 1.3425, 1.1519 1.7323 2.164, 1.1614 1.7323 2.1601, 1.1696 1.7323 2.1538, 1.1798 1.7323 2.1362, 1.1758 1.7323 2.1457, -1.6929 1.7323 1.3425, 0.1969 1.7323 1.7323, 0.5906 1.7323 1.7323, 0.5906 1.7323 2.1654, 1.1417 1.7323 2.1654, -2.2441 1.7323 1.3425, -2.4803 1.7323 1.3425, -1.4567 1.7323 1.3425, -3.2677 1.7323 1.3425, -3.8189 1.7323 1.3425, -4.0551 1.7323 1.3425, -3.0315 1.7323 1.3425, -4.8425 1.7323 1.3425, -5.315 1.7323 1.7323, -4.6063 1.7323 1.3425, -4.9213 1.7323 1.7323, -4.685 1.7323 1.9685, -4.9213 1.7323 2.1654, -0.0394 1.7323 1.9685, 0.1969 1.7323 2.1654, -5.8763 1.7323 2.164, -5.8661 1.7323 2.1654, -5.9055 1.7323 2.126, -5.315 1.7323 2.1654, -5.9055 1.7323 1.4961, -5.6299 1.7323 1.4961, -5.6299 1.7323 1.0039, -4.8425 1.7323 1.0039, -5.9042 1.7323 2.1362, -5.9002 1.7323 2.1457, -5.8858 1.7323 2.1601, -5.894 1.7323 2.1538, -4.8425 1.7323 0.2953, -4.8425 1.7323 0.0591, -5.6299 1.7323 0.2953, -5.0 1.7323 0.0591, -5.6299 1.7323 0.0, -5.0 1.7323 0.0394, -5.0394 1.7323 0.0, -5.0053 1.7323 0.0197, -5.0115 1.7323 0.0115, -5.0197 1.7323 0.0053, -5.0013 1.7323 0.0292, -5.0292 1.7323 0.0013, 1.1811 -0.6496 2.126, 1.1811 -0.6496 1.378, 1.1811 -0.2559 1.122, 1.1811 -0.2559 0.4134, 1.1811 0.1772 1.122, 1.1811 0.6496 0.4134, 1.1811 0.6496 0.0394, 1.1811 2.3819 0.0394, 1.1811 2.3819 1.1811, 1.1811 0.1772 1.378, 0.7874 0.6496 0.4134, 0.7874 -0.2559 0.4134, -5.9055 2.3819 0.0394, -5.9055 0.6496 0.0394, -5.9055 0.6496 0.4134, -5.9055 -0.2559 0.4134, -5.9055 -0.2559 1.122, -5.9055 0.1772 1.122, -5.9055 -0.6496 1.378, -5.9055 -0.6496 2.126, -5.9055 0.1772 1.378, -5.9055 2.3819 1.1811, -5.5118 0.6496 0.4134, -5.5118 -0.2559 0.4134, 0.6181 -0.6496 1.122, 0.6181 -0.6496 0.1693, 0.7874 -0.6496 1.122, 0.6299 -0.6496 0.1575, 0.7874 -0.6496 0.1575, -5.0013 -0.6496 0.0292, -5.0 -0.6496 0.0394, -5.0394 -0.6496 0.0, -5.3425 -0.6496 1.122, -5.5118 -0.6496 1.122, -5.3425 -0.6496 0.1693, -5.5118 -0.6496 0.1575, -5.0 -0.6496 0.0591, -5.3543 -0.6496 0.1575, -5.3543 -0.6496 0.0, -5.0197 -0.6496 0.0053, -5.0115 -0.6496 0.0115, -5.0053 -0.6496 0.0197, 0.2756 -0.6496 0.0591, 0.315 -0.6496 0.0, 0.6299 -0.6496 0.0, -5.0292 -0.6496 0.0013, 0.2953 -0.6496 0.0053, 0.2769 -0.6496 0.0292, 0.2871 -0.6496 0.0115, 0.2809 -0.6496 0.0197, 0.2756 -0.6496 0.0394, 0.3048 -0.6496 0.0013, 0.6299 0.6496 0.0, 1.1417 0.6496 0.0, 1.1417 2.3819 0.0, 0.9055 2.3819 0.0, -5.3975 -0.6496 1.378, -5.3975 -0.6496 1.8149, -5.9042 -0.6496 2.1362, -0.1143 -0.6496 2.0905, 1.1417 -0.6496 2.1654, -4.6101 -0.6496 2.0905, -5.8661 -0.6496 2.1654, -4.6101 -0.6496 1.8149, -5.8763 -0.6496 2.164, -5.8858 -0.6496 2.1601, -5.894 -0.6496 2.1538, -5.9002 -0.6496 2.1457, 0.6731 -0.6496 1.378, 0.6731 -0.6496 1.8149, 1.1798 -0.6496 2.1362, 1.1758 -0.6496 2.1457, 1.1696 -0.6496 2.1538, 1.1614 -0.6496 2.1601, -0.1143 -0.6496 1.8149, 1.1519 -0.6496 2.164, 0.5906 0.0787 2.1654, 0.1969 0.0787 2.1654, -5.315 0.0787 2.1654, -4.9213 0.0787 2.1654, -5.3543 0.6496 0.0, -5.8661 2.3819 0.0, -5.6299 2.3819 0.0, -5.8661 0.6496 0.0, -5.315 -0.5512 1.7323, -5.315 -0.5512 1.378, -5.315 0.0787 1.7323, -5.315 0.1772 1.378, -5.315 -0.5906 1.122, -5.315 -0.5906 0.1969, -5.315 0.1772 1.122, -5.315 1.3189 0.545, -5.315 1.3189 0.6645, -4.9213 0.0787 1.7323, -4.5276 -0.5512 1.7323, -4.5276 -0.5512 2.0079, -3.9545 1.3189 2.0079, -0.1969 -0.5512 2.0079, -1.1072 1.3189 2.0079, -0.1969 -0.5512 1.7323, 0.5906 0.0787 1.7323, 0.5906 -0.5512 1.7323, 0.1969 0.0787 1.7323, 0.5906 -0.5512 1.378, 0.5906 0.1772 1.378, 0.5906 0.1772 1.122, 0.5906 1.3189 0.6645, 0.5906 -0.5906 0.1969, 0.5906 -0.5906 1.122, 0.5906 1.3189 0.545, -1.1072 1.3189 0.1969, -3.9545 1.3189 0.1969, 0.7874 -0.2559 1.122, -5.5118 -0.2559 1.122, -5.5118 0.6496 0.1575, -5.3543 0.6496 0.1575, -5.8763 0.6496 0.0013, -5.9042 0.6496 0.0292, -5.9002 0.6496 0.0197, -5.894 0.6496 0.0115, -5.8858 0.6496 0.0053, 0.6299 0.6496 0.1575, 0.7874 0.6496 0.1575, 1.1798 0.6496 0.0292, 1.1519 0.6496 0.0013, 1.1614 0.6496 0.0053, 1.1696 0.6496 0.0115, 1.1758 0.6496 0.0197, 0.9055 2.3819 1.1811, 1.1798 2.3819 0.0292, 1.1758 2.3819 0.0197, 1.1696 2.3819 0.0115, 1.1614 2.3819 0.0053, 1.1519 2.3819 0.0013, -5.6299 2.3819 1.1811, -5.9042 2.3819 0.0292, -5.8763 2.3819 0.0013, -5.8858 2.3819 0.0053, -5.894 2.3819 0.0115, -5.9002 2.3819 0.0197, -0.0394 1.5354 1.7323, -0.0394 1.5354 1.9685, -4.685 1.5354 1.9685, -4.685 1.5354 1.7323, -4.685 1.5354 1.7323
            ]
        }
        coordIndex [
            0,1,2,-1,3,4,5,-1,6,7,8,-1,9,10,11,-1,11,10,12,-1,7,13,8,-1,8,13,14,-1,8,14,15,-1,16,17,10,-1,10,17,18,-1,10,18,12,-1,19,20,21,-1,22,23,24,-1,25,26,22,-1,22,24,27,-1,28,29,21,-1,21,29,30,-1,21,30,19,-1,26,31,22,-1,22,31,32,-1,22,32,23,-1,24,33,27,-1,27,33,34,-1,27,34,35,-1,35,34,36,-1,35,36,8,-1,8,36,37,-1,8,37,6,-1,20,38,21,-1,21,38,39,-1,21,39,40,-1,9,41,10,-1,10,41,42,-1,10,42,43,-1,43,42,44,-1,43,44,28,-1,28,44,45,-1,28,45,29,-1,4,46,47,-1,3,5,48,-1,48,5,49,-1,48,49,50,-1,51,52,53,-1,51,53,54,-1,55,56,51,-1,51,56,57,-1,51,57,58,-1,59,60,61,-1,61,62,59,-1,59,62,63,-1,59,63,64,-1,64,63,65,-1,64,65,66,-1,67,68,59,-1,59,68,69,-1,59,69,60,-1,58,70,51,-1,51,70,71,-1,51,71,59,-1,59,71,72,-1,59,72,67,-1,73,74,54,-1,54,74,75,-1,54,75,76,-1,66,77,64,-1,64,77,78,-1,64,78,79,-1,79,80,64,-1,64,80,81,-1,64,81,82,-1,76,83,54,-1,54,83,84,-1,54,84,51,-1,51,84,85,-1,51,85,55,-1,82,86,54,-1,54,86,87,-1,54,87,73,-1,88,89,64,-1,90,91,64,-1,64,91,92,-1,64,92,93,-1,93,92,94,-1,93,94,95,-1,95,96,93,-1,93,96,97,-1,93,97,98,-1,82,54,64,-1,64,54,99,-1,64,99,88,-1,98,100,93,-1,93,100,101,-1,93,101,102,-1,102,101,103,-1,102,103,104,-1,89,105,64,-1,64,105,106,-1,64,106,90,-1,104,107,102,-1,102,107,108,-1,102,108,109,-1,110,111,54,-1,54,111,112,-1,109,113,102,-1,102,113,114,-1,102,114,54,-1,54,114,115,-1,54,115,110,-1,112,116,54,-1,54,116,117,-1,54,117,99,-1,118,59,119,-1,119,59,64,-1,119,64,120,-1,120,64,93,-1,120,93,121,-1,121,93,122,-1,121,122,123,-1,102,124,125,-1,126,127,93,-1,93,127,128,-1,93,128,129,-1,122,130,131,-1,102,125,93,-1,93,125,132,-1,93,132,126,-1,129,133,93,-1,93,133,134,-1,93,134,122,-1,122,134,135,-1,122,135,130,-1,131,136,122,-1,122,136,137,-1,122,137,138,-1,139,140,141,-1,141,140,142,-1,143,144,102,-1,144,145,102,-1,102,145,146,-1,102,146,124,-1,147,148,141,-1,141,148,149,-1,141,149,139,-1,142,150,141,-1,141,150,151,-1,141,151,102,-1,102,151,152,-1,102,152,143,-1,153,154,155,-1,155,154,156,-1,123,155,121,-1,121,155,156,-1,121,156,157,-1,157,156,158,-1,157,158,10,-1,10,158,159,-1,10,159,122,-1,122,159,160,-1,122,160,123,-1,138,147,122,-1,122,147,141,-1,122,141,10,-1,10,141,8,-1,10,8,16,-1,16,8,15,-1,161,162,10,-1,10,162,163,-1,164,165,157,-1,157,165,166,-1,157,166,167,-1,163,168,10,-1,10,168,169,-1,10,169,170,-1,167,171,157,-1,157,171,172,-1,157,172,173,-1,173,172,174,-1,173,174,43,-1,43,174,175,-1,43,175,10,-1,10,175,176,-1,10,176,161,-1,170,177,10,-1,10,177,178,-1,10,178,157,-1,157,178,179,-1,157,179,164,-1,180,181,28,-1,182,173,183,-1,183,173,43,-1,183,43,184,-1,184,43,185,-1,28,181,43,-1,43,181,186,-1,43,186,185,-1,187,188,189,-1,189,188,184,-1,189,184,190,-1,190,184,185,-1,190,185,191,-1,191,185,192,-1,183,180,182,-1,182,180,28,-1,182,28,193,-1,193,28,194,-1,195,196,197,-1,198,199,28,-1,28,199,200,-1,28,200,194,-1,194,200,201,-1,194,201,202,-1,202,201,203,-1,202,203,204,-1,195,197,205,-1,21,206,207,-1,193,208,182,-1,182,208,209,-1,182,209,197,-1,197,209,210,-1,197,210,205,-1,211,212,21,-1,21,212,213,-1,21,213,206,-1,204,214,202,-1,202,214,215,-1,202,215,216,-1,217,218,202,-1,202,218,219,-1,220,221,222,-1,222,221,223,-1,219,224,202,-1,202,224,223,-1,202,223,225,-1,225,223,221,-1,196,226,197,-1,197,226,227,-1,197,227,228,-1,216,229,202,-1,202,229,230,-1,202,230,217,-1,207,231,21,-1,21,231,232,-1,21,232,28,-1,28,232,233,-1,28,233,198,-1,234,197,235,-1,228,211,197,-1,197,211,21,-1,197,21,235,-1,235,21,236,-1,237,236,238,-1,238,236,21,-1,238,21,239,-1,239,21,240,-1,239,240,241,-1,40,25,21,-1,21,25,22,-1,21,22,240,-1,240,22,242,-1,243,244,245,-1,245,244,246,-1,245,246,247,-1,248,249,240,-1,240,249,250,-1,240,250,245,-1,245,250,251,-1,245,251,243,-1,252,253,240,-1,240,253,254,-1,240,254,248,-1,247,255,245,-1,245,255,256,-1,245,256,257,-1,257,256,258,-1,257,258,259,-1,259,260,257,-1,257,260,261,-1,257,261,262,-1,263,264,242,-1,242,264,265,-1,242,265,266,-1,262,267,257,-1,257,267,268,-1,257,268,242,-1,242,268,269,-1,242,269,263,-1,266,270,242,-1,242,270,271,-1,242,271,240,-1,240,271,272,-1,240,272,252,-1,235,241,234,-1,234,241,240,-1,234,240,273,-1,273,240,245,-1,273,245,274,-1,274,245,275,-1,274,275,276,-1,277,278,275,-1,275,278,279,-1,275,279,280,-1,281,282,257,-1,257,282,283,-1,257,283,284,-1,285,286,245,-1,245,286,287,-1,245,287,288,-1,288,289,245,-1,245,289,290,-1,245,290,275,-1,275,290,291,-1,275,291,277,-1,280,292,275,-1,275,292,293,-1,275,293,49,-1,49,293,294,-1,49,294,295,-1,295,296,49,-1,49,296,297,-1,49,297,298,-1,298,299,49,-1,49,299,300,-1,49,300,257,-1,257,300,301,-1,257,301,281,-1,284,302,257,-1,257,302,303,-1,257,303,245,-1,245,303,304,-1,245,304,285,-1,53,0,54,-1,54,0,2,-1,54,2,102,-1,102,2,305,-1,102,305,141,-1,141,305,306,-1,141,306,8,-1,8,306,307,-1,8,307,35,-1,35,307,308,-1,35,308,27,-1,27,308,309,-1,27,309,22,-1,22,309,310,-1,22,310,242,-1,242,310,311,-1,242,311,257,-1,257,311,312,-1,257,312,49,-1,49,312,313,-1,49,313,50,-1,314,315,316,-1,276,275,316,-1,316,275,317,-1,316,317,314,-1,318,275,319,-1,319,275,320,-1,318,321,275,-1,275,321,322,-1,275,322,317,-1,315,323,316,-1,316,323,324,-1,316,324,325,-1,326,327,5,-1,5,327,328,-1,5,328,329,-1,330,331,49,-1,49,331,332,-1,49,332,275,-1,275,332,333,-1,275,333,320,-1,325,334,316,-1,316,334,335,-1,316,335,5,-1,5,335,336,-1,5,336,326,-1,337,338,49,-1,49,338,339,-1,49,339,330,-1,329,340,5,-1,5,340,341,-1,5,341,49,-1,49,341,342,-1,49,342,337,-1,4,47,5,-1,5,47,343,-1,5,343,316,-1,316,343,344,-1,316,344,276,-1,345,346,347,-1,348,349,350,-1,351,352,353,-1,354,355,356,-1,357,358,359,-1,360,361,362,-1,363,364,365,-1,366,367,368,-1,369,370,371,-1,371,370,372,-1,373,374,354,-1,354,374,375,-1,354,375,355,-1,376,377,378,-1,379,380,381,-1,382,383,363,-1,363,383,384,-1,363,384,364,-1,385,386,387,-1,388,389,390,-1,390,389,391,-1,356,392,354,-1,354,392,393,-1,354,393,394,-1,395,396,397,-1,398,399,376,-1,376,399,400,-1,376,400,377,-1,401,402,403,-1,404,405,406,-1,365,407,363,-1,363,407,408,-1,363,408,409,-1,410,411,412,-1,413,414,385,-1,385,414,415,-1,385,415,386,-1,416,417,372,-1,372,417,418,-1,372,418,371,-1,371,418,366,-1,371,366,419,-1,419,366,368,-1,420,421,422,-1,422,421,423,-1,422,423,424,-1,378,425,376,-1,376,425,426,-1,376,426,427,-1,428,429,430,-1,431,432,401,-1,401,432,433,-1,401,433,402,-1,434,435,436,-1,437,438,404,-1,404,438,439,-1,404,439,405,-1,440,441,442,-1,442,441,443,-1,442,443,444,-1,387,445,385,-1,385,445,446,-1,385,446,447,-1,391,448,390,-1,390,448,449,-1,390,449,450,-1,451,452,453,-1,454,453,455,-1,455,453,456,-1,457,458,459,-1,460,461,462,-1,462,461,463,-1,462,463,464,-1,403,465,401,-1,401,465,466,-1,401,466,467,-1,406,468,404,-1,404,468,469,-1,404,469,470,-1,471,472,381,-1,473,474,381,-1,381,474,475,-1,381,475,379,-1,476,477,478,-1,478,477,479,-1,480,481,482,-1,482,481,483,-1,482,483,484,-1,485,486,487,-1,487,486,488,-1,489,490,491,-1,452,492,453,-1,453,492,493,-1,453,493,456,-1,454,494,453,-1,453,494,495,-1,453,495,496,-1,459,497,457,-1,457,497,498,-1,457,498,499,-1,500,501,397,-1,502,503,397,-1,397,503,504,-1,397,504,395,-1,505,506,507,-1,507,506,508,-1,509,510,511,-1,511,510,512,-1,511,512,513,-1,514,515,516,-1,516,515,517,-1,516,517,518,-1,472,519,381,-1,381,519,520,-1,381,520,473,-1,479,521,478,-1,478,521,522,-1,478,522,523,-1,524,525,412,-1,526,527,412,-1,412,527,528,-1,412,528,410,-1,529,530,531,-1,531,530,532,-1,490,533,491,-1,491,533,534,-1,491,534,535,-1,536,537,371,-1,424,538,422,-1,422,538,539,-1,422,539,540,-1,541,354,542,-1,542,354,543,-1,541,544,354,-1,354,544,545,-1,354,545,373,-1,501,546,397,-1,397,546,547,-1,397,547,502,-1,508,548,507,-1,507,548,549,-1,507,549,550,-1,551,552,430,-1,553,554,430,-1,430,554,555,-1,430,555,428,-1,556,557,558,-1,558,557,559,-1,560,561,436,-1,562,563,436,-1,436,563,564,-1,436,564,434,-1,565,566,567,-1,567,566,568,-1,444,569,442,-1,442,569,570,-1,442,570,571,-1,380,572,381,-1,381,572,573,-1,381,573,574,-1,575,363,576,-1,576,363,577,-1,575,578,363,-1,363,578,579,-1,363,579,382,-1,525,580,412,-1,412,580,581,-1,412,581,526,-1,532,582,531,-1,531,582,583,-1,531,583,584,-1,537,585,371,-1,371,585,586,-1,371,586,587,-1,540,588,422,-1,422,588,589,-1,422,589,590,-1,496,591,453,-1,453,591,592,-1,453,592,457,-1,457,592,593,-1,457,593,458,-1,464,594,462,-1,462,594,595,-1,462,595,596,-1,396,597,397,-1,397,597,598,-1,397,598,599,-1,600,376,601,-1,601,376,602,-1,600,603,376,-1,376,603,604,-1,376,604,398,-1,552,605,430,-1,430,605,606,-1,430,606,553,-1,559,607,558,-1,558,607,608,-1,558,608,609,-1,561,610,436,-1,436,610,611,-1,436,611,562,-1,568,612,567,-1,567,612,613,-1,567,613,614,-1,571,615,442,-1,442,615,616,-1,442,616,617,-1,362,618,360,-1,360,618,567,-1,360,567,619,-1,619,567,381,-1,619,381,478,-1,478,381,574,-1,478,574,476,-1,484,620,482,-1,482,620,621,-1,482,621,622,-1,411,623,412,-1,412,623,624,-1,412,624,625,-1,626,385,627,-1,627,385,628,-1,626,629,385,-1,385,629,630,-1,385,630,413,-1,631,632,390,-1,390,632,633,-1,390,633,388,-1,590,634,422,-1,422,634,635,-1,422,635,636,-1,499,637,457,-1,457,637,638,-1,457,638,639,-1,639,640,457,-1,457,640,641,-1,457,641,642,-1,642,643,457,-1,457,643,644,-1,457,644,354,-1,354,644,645,-1,354,645,543,-1,596,646,462,-1,462,646,647,-1,462,647,648,-1,649,453,650,-1,650,453,457,-1,650,457,651,-1,651,457,397,-1,651,397,507,-1,507,397,599,-1,507,599,505,-1,513,652,511,-1,511,652,653,-1,511,653,654,-1,429,655,430,-1,430,655,656,-1,430,656,657,-1,658,401,659,-1,659,401,660,-1,658,661,401,-1,401,661,662,-1,401,662,431,-1,518,663,516,-1,516,663,664,-1,516,664,665,-1,435,666,436,-1,436,666,667,-1,436,667,668,-1,669,404,670,-1,670,404,671,-1,669,672,404,-1,404,672,673,-1,404,673,437,-1,617,674,442,-1,442,674,675,-1,442,675,676,-1,523,677,478,-1,478,677,678,-1,478,678,679,-1,679,680,478,-1,478,680,681,-1,478,681,682,-1,682,683,478,-1,478,683,684,-1,478,684,363,-1,363,684,685,-1,363,685,577,-1,622,686,482,-1,482,686,687,-1,482,687,688,-1,347,619,345,-1,345,619,478,-1,345,478,689,-1,689,478,412,-1,689,412,531,-1,531,412,625,-1,531,625,529,-1,485,690,486,-1,486,690,691,-1,486,691,692,-1,535,693,491,-1,491,693,694,-1,491,694,695,-1,648,696,462,-1,462,696,697,-1,462,697,698,-1,550,699,507,-1,507,699,700,-1,507,700,701,-1,701,702,507,-1,507,702,703,-1,507,703,704,-1,704,705,507,-1,507,705,706,-1,507,706,376,-1,376,706,707,-1,376,707,602,-1,654,708,511,-1,511,708,709,-1,511,709,710,-1,350,651,348,-1,348,651,507,-1,348,507,711,-1,711,507,430,-1,711,430,558,-1,558,430,657,-1,558,657,556,-1,665,712,516,-1,516,712,713,-1,516,713,714,-1,359,711,357,-1,357,711,558,-1,357,558,618,-1,618,558,436,-1,618,436,567,-1,567,436,668,-1,567,668,565,-1,688,715,482,-1,482,715,716,-1,482,716,717,-1,584,718,531,-1,531,718,719,-1,531,719,720,-1,720,721,531,-1,531,721,722,-1,531,722,723,-1,723,724,531,-1,531,724,725,-1,531,725,385,-1,385,725,726,-1,385,726,628,-1,692,727,486,-1,486,727,728,-1,486,728,729,-1,353,689,351,-1,351,689,531,-1,351,531,419,-1,419,531,491,-1,419,491,371,-1,371,491,695,-1,371,695,536,-1,587,730,371,-1,371,730,731,-1,371,731,732,-1,636,733,422,-1,422,733,734,-1,422,734,453,-1,453,734,735,-1,453,735,451,-1,710,736,511,-1,511,736,737,-1,511,737,738,-1,609,739,558,-1,558,739,740,-1,558,740,741,-1,741,742,558,-1,558,742,743,-1,558,743,744,-1,744,745,558,-1,558,745,746,-1,558,746,401,-1,401,746,747,-1,401,747,660,-1,714,748,516,-1,516,748,749,-1,516,749,750,-1,614,751,567,-1,567,751,752,-1,567,752,753,-1,753,754,567,-1,567,754,755,-1,567,755,756,-1,756,757,567,-1,567,757,758,-1,567,758,404,-1,404,758,759,-1,404,759,671,-1,676,760,442,-1,442,760,761,-1,442,761,381,-1,381,761,762,-1,381,762,471,-1,732,763,371,-1,371,763,764,-1,371,764,390,-1,390,764,765,-1,390,765,631,-1,698,766,462,-1,462,766,767,-1,462,767,397,-1,397,767,768,-1,397,768,500,-1,717,769,482,-1,482,769,770,-1,482,770,412,-1,412,770,771,-1,412,771,524,-1,738,772,511,-1,511,772,773,-1,511,773,430,-1,430,773,774,-1,430,774,551,-1,750,775,516,-1,516,775,776,-1,516,776,436,-1,436,776,777,-1,436,777,560,-1,729,778,486,-1,486,778,779,-1,486,779,491,-1,491,779,780,-1,491,780,489,-1,781,782,783,-1,783,782,784,-1,785,786,787,-1,787,786,788,-1,789,790,791,-1,791,790,792,-1,793,794,795,-1,795,794,796,-1,797,798,799,-1,799,798,800,-1,801,802,803,-1,803,802,804,-1,805,806,531,-1,531,806,491,-1,412,478,807,-1,807,478,808,-1,381,567,809,-1,809,567,810,-1,436,558,811,-1,811,558,812,-1,430,507,813,-1,813,507,814,-1,397,457,815,-1,815,457,816,-1,366,418,781,-1,781,418,782,-1,787,788,419,-1,419,788,351,-1,791,792,689,-1,689,792,345,-1,795,796,619,-1,619,796,360,-1,799,800,618,-1,618,800,357,-1,803,804,711,-1,711,804,348,-1,817,818,819,-1,819,820,817,-1,817,820,821,-1,817,821,822,-1,823,824,822,-1,822,824,825,-1,822,825,817,-1,823,826,824,-1,824,826,827,-1,824,827,828,-1,829,830,371,-1,371,830,369,-1,372,370,819,-1,819,370,820,-1,830,829,831,-1,806,805,832,-1,832,805,833,-1,834,835,836,-1,830,831,837,-1,837,831,832,-1,837,832,838,-1,838,832,833,-1,838,833,839,-1,840,841,834,-1,834,841,842,-1,834,842,843,-1,843,842,844,-1,845,809,810,-1,846,847,836,-1,836,847,848,-1,836,848,834,-1,834,848,849,-1,834,849,840,-1,850,851,838,-1,810,850,845,-1,845,850,838,-1,845,838,852,-1,852,838,839,-1,852,839,808,-1,808,839,807,-1,853,813,814,-1,854,855,838,-1,814,854,853,-1,853,854,838,-1,853,838,856,-1,856,838,851,-1,856,851,812,-1,812,851,811,-1,857,858,859,-1,859,858,860,-1,815,816,855,-1,855,816,859,-1,855,859,838,-1,838,859,860,-1,838,860,861,-1,861,860,862,-1,861,862,863,-1,863,862,864,-1,863,864,837,-1,837,864,846,-1,837,846,830,-1,830,846,836,-1,865,866,867,-1,867,866,868,-1,867,868,858,-1,869,867,870,-1,870,867,858,-1,870,858,871,-1,871,858,857,-1,871,857,872,-1,867,873,865,-1,865,873,874,-1,865,874,875,-1,875,874,876,-1,877,878,879,-1,879,878,880,-1,879,880,881,-1,881,880,882,-1,881,882,883,-1,884,885,886,-1,882,887,883,-1,883,887,884,-1,883,884,888,-1,888,884,886,-1,834,889,890,-1,891,892,893,-1,893,892,894,-1,894,895,896,-1,896,897,894,-1,894,897,835,-1,894,835,893,-1,893,835,834,-1,893,834,898,-1,898,834,890,-1,899,894,900,-1,900,894,892,-1,901,902,903,-1,904,905,903,-1,903,905,906,-1,907,908,909,-1,909,908,867,-1,909,867,906,-1,906,867,869,-1,906,869,903,-1,903,869,910,-1,903,910,901,-1,903,911,904,-1,904,911,912,-1,913,914,915,-1,915,914,916,-1,915,916,917,-1,918,919,920,-1,921,922,923,-1,923,922,924,-1,925,926,919,-1,919,926,927,-1,919,927,920,-1,928,929,930,-1,924,926,923,-1,923,926,925,-1,923,925,914,-1,914,925,931,-1,914,931,916,-1,916,931,932,-1,916,932,933,-1,918,920,930,-1,930,920,934,-1,930,934,928,-1,935,936,937,-1,937,936,938,-1,931,939,932,-1,932,939,936,-1,932,936,940,-1,940,936,935,-1,933,932,941,-1,941,932,822,-1,941,822,942,-1,942,822,821,-1,942,821,943,-1,943,821,944,-1,907,945,908,-1,908,945,946,-1,908,946,947,-1,948,949,950,-1,950,949,951,-1,950,951,952,-1,952,951,946,-1,946,951,953,-1,946,953,954,-1,954,955,946,-1,946,955,956,-1,946,956,947,-1,957,890,958,-1,958,890,889,-1,958,889,959,-1,959,960,958,-1,958,960,961,-1,958,961,962,-1,948,963,949,-1,949,963,958,-1,949,958,964,-1,964,958,962,-1,949,849,848,-1,848,965,949,-1,949,965,966,-1,949,966,951,-1,868,866,967,-1,967,866,951,-1,967,951,968,-1,968,951,966,-1,968,966,862,-1,862,966,864,-1,883,920,969,-1,969,920,927,-1,970,971,881,-1,883,969,881,-1,881,969,972,-1,881,972,970,-1,973,974,975,-1,975,974,976,-1,858,868,46,-1,46,868,967,-1,46,967,343,-1,343,967,975,-1,977,978,979,-1,979,978,344,-1,979,344,976,-1,976,344,980,-1,976,980,975,-1,975,980,981,-1,975,981,343,-1,3,48,982,-1,982,48,983,-1,982,983,975,-1,975,983,973,-1,983,48,984,-1,984,48,50,-1,984,50,985,-1,985,310,984,-1,984,310,309,-1,984,309,986,-1,986,309,308,-1,308,307,986,-1,986,307,987,-1,986,987,1,-1,986,1,988,-1,988,1,0,-1,989,990,991,-1,991,990,988,-1,991,988,53,-1,53,988,0,-1,989,965,848,-1,848,847,52,-1,992,990,993,-1,993,990,989,-1,989,848,993,-1,993,848,52,-1,993,52,994,-1,994,52,59,-1,994,59,995,-1,996,997,118,-1,118,997,994,-1,118,994,998,-1,998,994,995,-1,996,118,999,-1,999,157,996,-1,996,157,173,-1,996,173,978,-1,978,173,182,-1,182,197,978,-1,978,197,1000,-1,978,1000,344,-1,939,931,825,-1,825,931,817,-1,882,880,919,-1,919,880,925,-1,367,783,784,-1,880,878,350,-1,349,931,350,-1,350,931,925,-1,350,925,880,-1,818,817,416,-1,416,817,931,-1,416,931,417,-1,358,798,797,-1,362,361,931,-1,797,362,358,-1,358,362,931,-1,358,931,359,-1,359,931,349,-1,359,349,801,-1,801,349,802,-1,346,790,789,-1,353,352,931,-1,789,353,346,-1,346,353,931,-1,346,931,347,-1,347,931,361,-1,347,361,793,-1,793,361,794,-1,784,417,367,-1,367,417,931,-1,367,931,368,-1,368,931,352,-1,368,352,785,-1,785,352,786,-1,982,968,3,-1,3,968,862,-1,3,862,860,-1,860,858,3,-1,3,858,46,-1,975,967,982,-1,982,967,968,-1,966,991,864,-1,864,991,53,-1,864,53,846,-1,847,846,52,-1,52,846,53,-1,991,966,989,-1,989,966,965,-1,898,993,893,-1,893,993,994,-1,993,898,992,-1,992,898,890,-1,992,890,957,-1,1001,891,893,-1,913,915,997,-1,997,915,1001,-1,997,1001,994,-1,994,1001,893,-1,1002,922,921,-1,906,905,979,-1,979,905,1002,-1,979,1002,977,-1,977,1002,921,-1,945,907,974,-1,974,907,909,-1,974,909,976,-1,906,979,909,-1,909,979,976,-1,911,1003,912,-1,912,1003,924,-1,912,924,1002,-1,1002,924,922,-1,1003,1004,924,-1,924,1004,926,-1,1004,969,926,-1,926,969,927,-1,969,1004,972,-1,972,1004,1003,-1,972,1003,1005,-1,1003,911,903,-1,903,902,1003,-1,1003,902,1006,-1,1003,1006,1007,-1,1007,1008,1003,-1,1003,1008,1009,-1,1003,1009,1005,-1,941,1010,933,-1,933,1010,916,-1,1010,1011,916,-1,916,1011,917,-1,1001,915,900,-1,900,915,917,-1,900,917,899,-1,899,917,1011,-1,1011,1010,941,-1,894,899,895,-1,895,899,1011,-1,895,1011,1012,-1,941,942,1011,-1,1011,942,1013,-1,1011,1013,1014,-1,1014,1015,1011,-1,1011,1015,1016,-1,1011,1016,1012,-1,912,1002,904,-1,904,1002,905,-1,900,892,1001,-1,1001,892,891,-1,1017,836,897,-1,897,836,835,-1,944,1017,943,-1,943,1017,897,-1,897,896,943,-1,943,896,1018,-1,943,1018,1019,-1,1019,1020,943,-1,943,1020,1021,-1,943,1021,1022,-1,944,821,1017,-1,1017,821,820,-1,836,1017,830,-1,830,1017,820,-1,830,820,369,-1,369,820,370,-1,1023,971,910,-1,910,971,970,-1,910,970,901,-1,901,970,1024,-1,970,1025,1026,-1,1026,1027,970,-1,970,1027,1028,-1,970,1028,1024,-1,870,1023,869,-1,869,1023,910,-1,879,881,971,-1,1023,870,871,-1,649,650,871,-1,871,650,879,-1,871,879,1023,-1,1023,879,971,-1,453,649,872,-1,872,649,871,-1,877,879,651,-1,651,879,650,-1,1029,1030,837,-1,837,1030,863,-1,1030,1031,863,-1,863,1031,861,-1,1031,1032,861,-1,861,1032,838,-1,1032,1029,838,-1,838,1029,837,-1,1032,1031,1029,-1,1029,1031,1030,-1,784,782,417,-1,417,782,418,-1,416,372,818,-1,818,372,819,-1,831,829,390,-1,390,829,371,-1,486,491,832,-1,832,491,806,-1,486,832,488,-1,488,832,831,-1,488,831,450,-1,450,831,390,-1,958,990,957,-1,957,990,992,-1,963,988,958,-1,958,988,990,-1,948,986,963,-1,963,986,988,-1,950,984,948,-1,948,984,986,-1,952,983,950,-1,950,983,984,-1,946,973,952,-1,952,973,983,-1,945,974,946,-1,946,974,973,-1,923,978,921,-1,921,978,977,-1,914,996,923,-1,923,996,978,-1,913,997,914,-1,914,997,996,-1,822,932,940,-1,822,940,823,-1,823,940,935,-1,823,935,826,-1,826,935,937,-1,826,937,827,-1,827,937,938,-1,827,938,828,-1,828,938,936,-1,828,936,824,-1,824,936,939,-1,824,939,825,-1,882,919,918,-1,882,918,887,-1,887,918,930,-1,887,930,884,-1,884,930,929,-1,884,929,885,-1,885,929,928,-1,885,928,886,-1,886,928,934,-1,886,934,888,-1,888,934,920,-1,888,920,883,-1,970,972,1005,-1,970,1005,1025,-1,1025,1005,1009,-1,1025,1009,1026,-1,1026,1009,1008,-1,1026,1008,1027,-1,1027,1008,1007,-1,1027,1007,1028,-1,1028,1007,1006,-1,1028,1006,1024,-1,1024,1006,902,-1,1024,902,901,-1,942,943,1022,-1,942,1022,1013,-1,1013,1022,1021,-1,1013,1021,1014,-1,1014,1021,1020,-1,1014,1020,1015,-1,1015,1020,1019,-1,1015,1019,1016,-1,1016,1019,1018,-1,1016,1018,1012,-1,1012,1018,896,-1,1012,896,895,-1,849,949,964,-1,849,964,840,-1,840,964,962,-1,840,962,841,-1,841,962,961,-1,841,961,842,-1,842,961,960,-1,842,960,844,-1,844,960,959,-1,844,959,843,-1,843,959,889,-1,843,889,834,-1,951,866,865,-1,951,865,953,-1,953,865,875,-1,953,875,954,-1,954,875,876,-1,954,876,955,-1,955,876,874,-1,955,874,956,-1,956,874,873,-1,956,873,947,-1,947,873,867,-1,947,867,908,-1,
        ]
    }
}
Shape{
    appearance Appearance {
        material  Material 	{
            diffuseColor 0.4392156862745098 0.4392156862745098 0.4392156862745098
            specularColor 0.2196078431372549 0.2196078431372549 0.2196078431372549
            ambientIntensity 0.2
            transparency 0
            shininess 0.5
        }
    }
    geometry IndexedFaceSet {
        ccw TRUE
        solid FALSE
        coord DEF co Coordinate {
            point [
                -2.162 1.3228 0.6638, -2.1159 1.3228 0.5457, -2.162 1.3189 0.6638, -2.1159 1.3189 0.5457, -2.1332 1.3228 0.5457, -2.1332 1.3189 0.5457, -2.1451 1.3228 0.5788, -2.1451 1.3189 0.5788, -2.1939 1.3228 0.5788, -2.1939 1.3189 0.5788, -2.2052 1.3228 0.5457, -2.2052 1.3189 0.5457, -2.2225 1.3228 0.5457, -2.2225 1.3189 0.5457, -2.1778 1.3228 0.6638, -2.1778 1.3189 0.6638, -2.1899 1.3228 0.5918, -2.1723 1.3228 0.6411, -2.1712 1.3228 0.6452, -2.1704 1.3228 0.6494, -2.1701 1.3228 0.6494, -2.1693 1.3228 0.6452, -2.1504 1.3228 0.5918, -2.1682 1.3228 0.6411, -2.1899 1.3189 0.5918, -2.1504 1.3189 0.5918, -2.1723 1.3189 0.6411, -2.1712 1.3189 0.6452, -2.1704 1.3189 0.6494, -2.1701 1.3189 0.6494, -2.1693 1.3189 0.6452, -2.1682 1.3189 0.6411, -2.2941 1.3228 0.5457, -2.3262 1.3228 0.5457, -2.2941 1.3189 0.5457, -2.3262 1.3189 0.5457, -2.3262 1.3228 0.6638, -2.3262 1.3189 0.6638, -2.2929 1.3228 0.6638, -2.2929 1.3189 0.6638, -2.2311 1.3228 0.6062, -2.2311 1.3189 0.6062, -2.232 1.3189 0.6173, -2.232 1.3228 0.6173, -2.2352 1.3189 0.629, -2.2352 1.3228 0.629, -2.2407 1.3189 0.6391, -2.2407 1.3228 0.6391, -2.249 1.3189 0.6484, -2.249 1.3228 0.6484, -2.2491 1.3189 0.6485, -2.2491 1.3228 0.6485, -2.262 1.3189 0.6571, -2.262 1.3228 0.6571, -2.2758 1.3189 0.662, -2.2758 1.3228 0.662, -2.2795 1.3189 0.547, -2.2795 1.3228 0.547, -2.2659 1.3189 0.551, -2.2659 1.3228 0.551, -2.2535 1.3189 0.5582, -2.2535 1.3228 0.5582, -2.2438 1.3189 0.5675, -2.2438 1.3228 0.5675, -2.237 1.3189 0.578, -2.237 1.3228 0.578, -2.2328 1.3189 0.5904, -2.2328 1.3228 0.5904, -2.2548 1.3228 0.6343, -2.2606 1.3228 0.6404, -2.2692 1.3228 0.6459, -2.279 1.3228 0.6493, -2.2929 1.3228 0.6508, -2.3104 1.3228 0.6508, -2.3104 1.3228 0.5586, -2.2936 1.3228 0.5586, -2.2811 1.3228 0.5598, -2.2712 1.3228 0.5629, -2.2631 1.3228 0.5677, -2.2565 1.3228 0.5742, -2.2515 1.3228 0.5824, -2.2481 1.3228 0.5935, -2.247 1.3228 0.6059, -2.248 1.3228 0.6176, -2.2507 1.3228 0.627, -2.2929 1.3189 0.6508, -2.3104 1.3189 0.6508, -2.279 1.3189 0.6493, -2.2692 1.3189 0.6459, -2.2606 1.3189 0.6404, -2.2548 1.3189 0.6343, -2.2507 1.3189 0.627, -2.248 1.3189 0.6176, -2.247 1.3189 0.6059, -2.2481 1.3189 0.5935, -2.2515 1.3189 0.5824, -2.2565 1.3189 0.5742, -2.2631 1.3189 0.5677, -2.2712 1.3189 0.5629, -2.2811 1.3189 0.5598, -2.2936 1.3189 0.5586, -2.3104 1.3189 0.5586, -2.3492 1.3228 0.5586, -2.3492 1.3228 0.5457, -2.3492 1.3189 0.5586, -2.3492 1.3189 0.5457, -2.4126 1.3228 0.5457, -2.4126 1.3189 0.5457, -2.4126 1.3228 0.6638, -2.4126 1.3189 0.6638, -2.3521 1.3228 0.6638, -2.3521 1.3189 0.6638, -2.3521 1.3228 0.6508, -2.3521 1.3189 0.6508, -2.3968 1.3228 0.6508, -2.3968 1.3189 0.6508, -2.3968 1.3228 0.6119, -2.3968 1.3189 0.6119, -2.355 1.3228 0.6119, -2.355 1.3189 0.6119, -2.355 1.3228 0.599, -2.355 1.3189 0.599, -2.3968 1.3228 0.599, -2.3968 1.3189 0.599, -2.3968 1.3228 0.5586, -2.3968 1.3189 0.5586, -2.4357 1.3228 0.5648, -2.4357 1.3228 0.5518, -2.4357 1.3189 0.5648, -2.4357 1.3189 0.5518, -2.4483 1.3228 0.5466, -2.4682 1.3228 0.5442, -2.4682 1.3189 0.5442, -2.4649 1.3189 0.5443, -2.4649 1.3228 0.5443, -2.4602 1.3189 0.545, -2.4483 1.3189 0.5466, -2.5235 1.3228 0.6025, -2.5235 1.3189 0.6025, -2.5224 1.3189 0.5888, -2.5224 1.3228 0.5888, -2.5188 1.3189 0.5763, -2.5188 1.3228 0.5763, -2.5125 1.3189 0.5651, -2.5125 1.3228 0.5651, -2.5037 1.3189 0.5558, -2.5037 1.3228 0.5558, -2.4942 1.3189 0.5497, -2.4942 1.3228 0.5497, -2.4827 1.3189 0.5457, -2.4827 1.3228 0.5457, -2.4751 1.3189 0.545, -2.4635 1.3228 0.6652, -2.4635 1.3189 0.6652, -2.4753 1.3228 0.6643, -2.4723 1.3189 0.6645, -2.4753 1.3189 0.6643, -2.4885 1.3189 0.6604, -2.4885 1.3228 0.6604, -2.4997 1.3189 0.654, -2.4997 1.3228 0.654, -2.5104 1.3189 0.6437, -2.5104 1.3228 0.6437, -2.5173 1.3189 0.6327, -2.5173 1.3228 0.6327, -2.5218 1.3189 0.6193, -2.5218 1.3228 0.6193, -2.453 1.3189 0.6645, -2.4493 1.3228 0.6643, -2.4493 1.3189 0.6643, -2.4357 1.3228 0.6605, -2.4357 1.3189 0.6605, -2.4357 1.3228 0.6447, -2.4357 1.3189 0.6447, -2.4633 1.3228 0.6523, -2.4633 1.3189 0.6523, -2.449 1.3189 0.6504, -2.449 1.3228 0.6504, -2.5077 1.3228 0.6035, -2.5077 1.3189 0.6035, -2.5071 1.3189 0.6127, -2.5071 1.3228 0.6127, -2.504 1.3189 0.6253, -2.504 1.3228 0.6253, -2.4991 1.3189 0.6344, -2.4991 1.3228 0.6344, -2.492 1.3189 0.6423, -2.492 1.3228 0.6423, -2.4838 1.3189 0.6478, -2.4838 1.3228 0.6478, -2.475 1.3189 0.651, -2.475 1.3228 0.651, -2.466 1.3228 0.5572, -2.466 1.3189 0.5572, -2.477 1.3189 0.5584, -2.477 1.3228 0.5584, -2.4856 1.3189 0.5616, -2.4856 1.3228 0.5616, -2.4929 1.3189 0.5665, -2.4929 1.3228 0.5665, -2.4984 1.3189 0.5723, -2.4984 1.3228 0.5723, -2.5033 1.3189 0.5805, -2.5033 1.3228 0.5805, -2.5065 1.3189 0.5907, -2.5065 1.3228 0.5907, -2.4378 1.3189 0.5636, -2.4378 1.3228 0.5636, -2.4503 1.3189 0.5589, -2.4503 1.3228 0.5589, -2.5336 1.3228 0.5586, -2.5336 1.3228 0.5457, -2.5336 1.3189 0.5586, -2.5336 1.3189 0.5457, -2.5941 1.3228 0.5457, -2.5941 1.3189 0.5457, -2.5941 1.3228 0.6638, -2.5941 1.3189 0.6638, -2.5783 1.3228 0.6638, -2.5783 1.3189 0.6638, -2.5783 1.3228 0.5586, -2.5783 1.3189 0.5586, -2.5783 1.3189 0.5586
            ]
        }
        coordIndex [
            0,1,2,-1,2,1,3,-1,1,4,3,-1,3,4,5,-1,4,6,5,-1,5,6,7,-1,6,8,7,-1,7,8,9,-1,8,10,9,-1,9,10,11,-1,10,12,11,-1,11,12,13,-1,12,14,13,-1,13,14,15,-1,14,0,15,-1,15,0,2,-1,16,17,14,-1,12,10,8,-1,17,18,14,-1,14,18,19,-1,14,19,0,-1,0,19,20,-1,0,20,21,-1,14,12,16,-1,16,12,8,-1,16,8,22,-1,22,8,6,-1,21,23,0,-1,0,23,22,-1,0,22,1,-1,1,22,6,-1,1,6,4,-1,16,22,24,-1,24,22,25,-1,17,16,26,-1,26,16,24,-1,17,26,27,-1,17,27,18,-1,18,27,28,-1,18,28,19,-1,20,19,29,-1,29,19,28,-1,20,29,30,-1,20,30,21,-1,21,30,31,-1,21,31,23,-1,22,23,25,-1,25,23,31,-1,32,33,34,-1,34,33,35,-1,33,36,35,-1,35,36,37,-1,36,38,37,-1,37,38,39,-1,40,41,42,-1,40,42,43,-1,43,42,44,-1,43,44,45,-1,45,44,46,-1,45,46,47,-1,47,46,48,-1,47,48,49,-1,49,48,50,-1,49,50,51,-1,51,50,52,-1,51,52,53,-1,53,52,54,-1,53,54,55,-1,55,54,39,-1,55,39,38,-1,32,34,56,-1,32,56,57,-1,57,56,58,-1,57,58,59,-1,59,58,60,-1,59,60,61,-1,61,60,62,-1,61,62,63,-1,63,62,64,-1,63,64,65,-1,65,64,66,-1,65,66,67,-1,67,66,41,-1,67,41,40,-1,45,47,68,-1,68,47,49,-1,68,49,69,-1,69,49,51,-1,69,51,70,-1,70,51,53,-1,70,53,71,-1,71,53,55,-1,71,55,72,-1,72,55,38,-1,72,38,73,-1,73,38,36,-1,73,36,74,-1,74,36,33,-1,74,33,75,-1,75,33,32,-1,75,32,76,-1,76,32,57,-1,76,57,77,-1,77,57,59,-1,77,59,78,-1,78,59,61,-1,78,61,79,-1,79,61,63,-1,79,63,80,-1,80,63,65,-1,80,65,81,-1,81,65,67,-1,81,67,82,-1,82,67,40,-1,82,40,83,-1,83,40,43,-1,83,43,84,-1,84,43,45,-1,84,45,68,-1,72,73,85,-1,85,73,86,-1,72,85,87,-1,72,87,71,-1,71,87,88,-1,71,88,70,-1,70,88,89,-1,70,89,69,-1,69,89,90,-1,69,90,68,-1,68,90,91,-1,68,91,84,-1,84,91,92,-1,84,92,83,-1,83,92,93,-1,83,93,82,-1,82,93,94,-1,82,94,81,-1,81,94,95,-1,81,95,80,-1,80,95,96,-1,80,96,79,-1,79,96,97,-1,79,97,78,-1,78,97,98,-1,78,98,77,-1,77,98,99,-1,77,99,76,-1,76,99,100,-1,76,100,75,-1,74,75,101,-1,101,75,100,-1,73,74,86,-1,86,74,101,-1,102,103,104,-1,104,103,105,-1,103,106,105,-1,105,106,107,-1,106,108,107,-1,107,108,109,-1,108,110,109,-1,109,110,111,-1,110,112,111,-1,111,112,113,-1,112,114,113,-1,113,114,115,-1,114,116,115,-1,115,116,117,-1,116,118,117,-1,117,118,119,-1,118,120,119,-1,119,120,121,-1,120,122,121,-1,121,122,123,-1,122,124,123,-1,123,124,125,-1,124,102,125,-1,125,102,104,-1,106,103,102,-1,102,124,106,-1,106,124,122,-1,106,122,108,-1,112,110,114,-1,114,110,108,-1,114,108,116,-1,116,108,122,-1,116,122,118,-1,118,122,120,-1,126,127,128,-1,128,127,129,-1,129,127,130,-1,131,132,133,-1,131,133,134,-1,134,133,135,-1,134,135,130,-1,130,135,136,-1,130,136,129,-1,137,138,139,-1,137,139,140,-1,140,139,141,-1,140,141,142,-1,142,141,143,-1,142,143,144,-1,144,143,145,-1,144,145,146,-1,146,145,147,-1,146,147,148,-1,148,147,149,-1,148,149,150,-1,150,149,131,-1,131,149,151,-1,131,151,132,-1,152,153,154,-1,154,153,155,-1,155,156,154,-1,154,156,157,-1,154,157,158,-1,158,157,159,-1,158,159,160,-1,160,159,161,-1,160,161,162,-1,162,161,163,-1,162,163,164,-1,164,163,165,-1,164,165,166,-1,166,165,138,-1,166,138,137,-1,153,152,167,-1,167,152,168,-1,167,168,169,-1,169,168,170,-1,169,170,171,-1,170,172,171,-1,171,172,173,-1,174,175,176,-1,174,176,177,-1,177,176,173,-1,177,173,172,-1,178,179,180,-1,178,180,181,-1,181,180,182,-1,181,182,183,-1,183,182,184,-1,183,184,185,-1,185,184,186,-1,185,186,187,-1,187,186,188,-1,187,188,189,-1,189,188,190,-1,189,190,191,-1,191,190,175,-1,191,175,174,-1,192,193,194,-1,192,194,195,-1,195,194,196,-1,195,196,197,-1,197,196,198,-1,197,198,199,-1,199,198,200,-1,199,200,201,-1,201,200,202,-1,201,202,203,-1,203,202,204,-1,203,204,205,-1,205,204,179,-1,205,179,178,-1,126,128,206,-1,126,206,207,-1,207,206,208,-1,207,208,209,-1,209,208,193,-1,209,193,192,-1,195,131,192,-1,192,131,134,-1,192,134,209,-1,209,134,130,-1,209,130,207,-1,207,130,127,-1,207,127,126,-1,172,170,177,-1,177,170,168,-1,177,168,174,-1,174,168,152,-1,174,152,191,-1,191,152,154,-1,191,154,189,-1,189,154,158,-1,189,158,187,-1,187,158,160,-1,187,160,185,-1,185,160,162,-1,185,162,183,-1,183,162,164,-1,183,164,181,-1,181,164,166,-1,181,166,178,-1,178,166,137,-1,178,137,205,-1,205,137,140,-1,205,140,203,-1,203,140,142,-1,203,142,201,-1,201,142,144,-1,201,144,199,-1,199,144,146,-1,199,146,197,-1,197,146,148,-1,197,148,195,-1,195,148,150,-1,195,150,131,-1,210,211,212,-1,212,211,213,-1,211,214,213,-1,213,214,215,-1,214,216,215,-1,215,216,217,-1,216,218,217,-1,217,218,219,-1,218,220,219,-1,219,220,221,-1,220,210,221,-1,221,210,212,-1,218,216,220,-1,220,216,214,-1,220,214,210,-1,210,214,211,-1,
        ]
    }
}
Shape{
    appearance Appearance {
        material  Material 	{
            diffuseColor 0.9019607843137255 0.8627450980392157 0.7843137254901961
            specularColor 0.27058823529411763 0.25882352941176473 0.23529411764705882
            ambientIntensity 0.2
            transparency 0
            shininess 0.5
        }
    }
    geometry IndexedFaceSet {
        ccw TRUE
        solid FALSE
        coord DEF co Coordinate {
            point [
                -2.1899 1.3189 0.5918, -2.1504 1.3189 0.5918, -2.1723 1.3189 0.6411, -2.1682 1.3189 0.6411, -2.1712 1.3189 0.6452, -2.1693 1.3189 0.6452, -2.1704 1.3189 0.6494, -2.1701 1.3189 0.6494, -2.3104 1.3189 0.6508, -2.3104 1.3189 0.5586, -2.2929 1.3189 0.6508, -2.2936 1.3189 0.5586, -2.2811 1.3189 0.5598, -2.247 1.3189 0.6059, -2.248 1.3189 0.6176, -2.2507 1.3189 0.627, -2.279 1.3189 0.6493, -2.2712 1.3189 0.5629, -2.2631 1.3189 0.5677, -2.2565 1.3189 0.5742, -2.2515 1.3189 0.5824, -2.2481 1.3189 0.5935, -2.2548 1.3189 0.6343, -2.2606 1.3189 0.6404, -2.2692 1.3189 0.6459, -2.2692 1.3189 0.6459
            ]
        }
        coordIndex [
            0,1,2,-1,2,1,3,-1,2,3,4,-1,4,3,5,-1,4,5,6,-1,6,5,7,-1,8,9,10,-1,10,9,11,-1,10,11,12,-1,13,14,10,-1,10,14,15,-1,10,15,16,-1,12,17,10,-1,10,17,18,-1,10,18,19,-1,19,20,10,-1,10,20,21,-1,10,21,13,-1,22,23,15,-1,15,23,24,-1,15,24,16,-1,
        ]
    }
}
Shape{
    appearance Appearance {
        material  Material 	{
            diffuseColor 0.7686274509803922 0.7686274509803922 0.7686274509803922
            specularColor 0.615686274509804 0.615686274509804 0.615686274509804
            ambientIntensity 0.2
            transparency 0
            shininess 0.5
        }
    }
    geometry IndexedFaceSet {
        ccw TRUE
        solid FALSE
        coord DEF co Coordinate {
            point [
                -0.0787 1.6339 1.0472, 0.0787 1.6339 1.0472, -0.0787 1.632 1.066, 0.0787 1.632 1.066, -0.0787 1.6305 1.0706, 0.0787 1.6305 1.0706, -0.0787 1.6247 1.0886, 0.0787 1.6247 1.0886, -0.0787 1.6222 1.0934, 0.0787 1.6222 1.0934, -0.0787 1.6202 1.0972, 0.0787 1.6202 1.0972, -0.0787 1.6088 1.112, 0.0787 1.6088 1.112, -0.0787 1.605 1.1169, 0.0787 1.605 1.1168, -0.0787 1.5906 1.1282, 0.0787 1.5906 1.1282, -0.0787 1.5866 1.1313, 0.0787 1.5866 1.1313, -0.0787 1.5759 1.137, 0.0787 1.5759 1.1369, -0.0787 1.5696 1.1392, 0.0787 1.5696 1.1392, -0.0787 1.5553 1.1441, 0.0787 1.5553 1.1441, -0.0787 1.5527 1.1444, 0.0787 1.5527 1.1444, 0.0787 1.5425 1.1455, 0.0787 1.5354 1.1457, -0.0787 1.5354 1.1457, 0.0787 1.5422 1.1455, -0.0787 1.5421 1.1455, -0.0787 1.5425 1.1455, 0.0984 1.6513 1.0698, 0.0984 1.6535 1.0472, 0.0984 1.811 1.0472, 0.0984 1.6372 1.1071, 0.0984 1.7359 1.2364, 0.0984 1.6189 1.1308, 0.0984 1.7303 1.2421, 0.0984 1.5969 1.1481, 0.0984 1.5354 1.3228, 0.0984 1.5354 1.1654, 0.0984 1.5508 1.3223, 0.0984 1.5429 1.1652, 0.0984 1.5972 1.3154, 0.0984 1.5591 1.1635, 0.0984 1.6411 1.3018, 0.0984 1.5841 1.1549, 0.0984 1.6556 1.2953, 0.0984 1.695 1.2719, 0.0984 1.8072 1.0923, 0.0984 1.8021 1.1159, 0.0984 1.6425 1.0968, 0.0984 1.7867 1.1598, 0.0984 1.7641 1.2008, 0.0787 1.8307 1.0472, -0.0787 1.8307 1.0472, 0.0787 1.8266 1.0956, -0.0787 1.8266 1.0956, 0.0787 1.8218 1.1182, -0.0787 1.8218 1.1182, 0.0787 1.8212 1.1208, -0.0787 1.8212 1.1208, 0.0787 1.8047 1.1678, -0.0787 1.8047 1.1678, 0.0787 1.7949 1.1856, -0.0787 1.7949 1.1856, 0.0787 1.7805 1.2117, -0.0787 1.7805 1.2117, 0.0787 1.7564 1.2421, -0.0787 1.7564 1.2421, 0.0787 1.7502 1.2498, -0.0787 1.7502 1.2499, 0.0787 1.7442 1.256, -0.0787 1.7442 1.256, 0.0787 1.7064 1.288, -0.0787 1.7064 1.288, 0.0787 1.7017 1.2907, -0.0787 1.7017 1.2907, 0.0787 1.6642 1.313, -0.0787 1.6642 1.313, 0.0787 1.6486 1.32, -0.0787 1.6486 1.32, 0.0787 1.6376 1.3234, -0.0787 1.6376 1.3234, 0.0787 1.6016 1.3346, -0.0787 1.6015 1.3346, 0.0787 1.5689 1.3394, -0.0787 1.5689 1.3394, 0.0787 1.5522 1.3419, -0.0787 1.5521 1.3419, 0.0787 1.5354 1.3425, -0.0787 1.5354 1.3425, -0.0984 1.5354 1.1654, -0.0984 1.5354 1.3228, -0.0984 1.5429 1.1652, -0.0984 1.5508 1.3223, -0.0984 1.5591 1.1635, -0.0984 1.5972 1.3154, -0.0984 1.584 1.1549, -0.0984 1.811 1.0472, -0.0984 1.6535 1.0472, -0.0984 1.8072 1.0923, -0.0984 1.6513 1.0699, -0.0984 1.8021 1.1159, -0.0984 1.6425 1.0968, -0.0984 1.6189 1.1308, -0.0984 1.7359 1.2364, -0.0984 1.6372 1.1071, -0.0984 1.7641 1.2008, -0.0984 1.7867 1.1598, -0.0984 1.6411 1.3018, -0.0984 1.6556 1.2953, -0.0984 1.5969 1.1481, -0.0984 1.695 1.2719, -0.0984 1.7303 1.2421, -0.0787 1.6339 0.2953, 0.0787 1.6339 0.2953, 0.0984 1.811 0.2953, 0.0984 1.6535 0.2953, -0.0787 1.8307 0.2953, 0.0787 1.8307 0.2953, -0.0984 1.6535 0.2953, -0.0984 1.811 0.2953, -0.0787 1.6439 0.2189, 0.0787 1.6439 0.2189, -0.0787 1.6734 0.1476, 0.0787 1.6734 0.1476, -0.0787 1.7203 0.0865, 0.0787 1.7203 0.0865, -0.0787 1.7815 0.0396, 0.0787 1.7815 0.0396, -0.0787 1.8527 0.0101, 0.0787 1.8527 0.0101, -0.0787 1.9291 0.0, 0.0787 1.9291 0.0, 0.0984 1.815 0.2647, 0.0984 1.6629 0.2239, 0.0984 1.8268 0.2362, 0.0984 1.6905 0.1575, 0.0984 1.8456 0.2118, 0.0984 1.7343 0.1004, 0.0984 1.8701 0.193, 0.0984 1.7913 0.0566, 0.0984 1.8986 0.1812, 0.0984 1.8578 0.0291, 0.0984 1.9291 0.1772, 0.0984 1.9291 0.0197, 0.0787 1.9291 0.1969, -0.0787 1.9291 0.1969, 0.0787 1.9037 0.2002, -0.0787 1.9037 0.2002, 0.0787 1.8799 0.21, -0.0787 1.8799 0.21, 0.0787 1.8595 0.2257, -0.0787 1.8595 0.2257, 0.0787 1.8439 0.2461, -0.0787 1.8439 0.2461, 0.0787 1.8341 0.2698, -0.0787 1.8341 0.2698, -0.0984 1.9291 0.1772, -0.0984 1.9291 0.0197, -0.0984 1.8986 0.1812, -0.0984 1.8578 0.0291, -0.0984 1.8701 0.193, -0.0984 1.7913 0.0566, -0.0984 1.8456 0.2118, -0.0984 1.7343 0.1004, -0.0984 1.8268 0.2362, -0.0984 1.6905 0.1575, -0.0984 1.815 0.2647, -0.0984 1.6629 0.2239, -0.0787 2.7559 0.0, 0.0787 2.7559 0.0, 0.0984 2.7559 0.1772, 0.0984 2.7559 0.0197, 0.0787 2.7559 0.1969, -0.0787 2.7559 0.1969, -0.0984 2.7559 0.0197, -0.0984 2.7559 0.1772, -0.0372 2.9134 0.1547, 0.0372 2.9134 0.1547, -0.0562 2.9134 0.1356, -0.0556 2.9134 0.0562, -0.0562 2.9134 0.0612, -0.0372 2.9134 0.0422, 0.0562 2.9134 0.0612, 0.0372 2.9134 0.0422, 0.0562 2.9134 0.1356, 0.0556 2.9134 0.0562, 0.0446 2.9134 0.0436, 0.0422 2.9134 0.0428, -0.0537 2.9134 0.0516, -0.0548 2.9134 0.0538, -0.0446 2.9134 0.0436, 0.0422 2.9134 0.154, 0.0548 2.9134 0.143, 0.0556 2.9134 0.1406, -0.0556 2.9134 0.1406, -0.0548 2.9134 0.143, -0.0422 2.9134 0.154, -0.0446 2.9134 0.1532, -0.0422 2.9134 0.0428, 0.0548 2.9134 0.0538, 0.0537 2.9134 0.0516, 0.0468 2.9134 0.0447, 0.0524 2.9134 0.0495, 0.0489 2.9134 0.0461, 0.0507 2.9134 0.0477, 0.0446 2.9134 0.1532, 0.0468 2.9134 0.1521, 0.0537 2.9134 0.1452, 0.0489 2.9134 0.1508, 0.0524 2.9134 0.1473, 0.0507 2.9134 0.1492, -0.0468 2.9134 0.1521, -0.0537 2.9134 0.1452, -0.0489 2.9134 0.1508, -0.0524 2.9134 0.1473, -0.0507 2.9134 0.1492, -0.0468 2.9134 0.0447, -0.0489 2.9134 0.0461, -0.0524 2.9134 0.0495, -0.0507 2.9134 0.0477, 0.0787 -0.2756 1.1457, -0.0787 -0.2756 1.1457, 0.0787 -0.0042 1.1457, -0.0787 -0.0042 1.1457, 0.0787 0.3469 1.1457, -0.0787 0.3469 1.1457, 0.0787 0.5217 1.1457, -0.0787 0.5217 1.1457, 0.0787 1.1442 1.1457, -0.0787 1.1442 1.1457, 0.0787 1.2451 1.1457, -0.0787 1.2451 1.1457, 0.0787 1.3189 1.1457, -0.0787 1.3189 1.1457, -0.0984 -0.0042 1.1654, -0.0984 -0.2756 1.1654, -0.0984 -0.2756 1.3228, -0.0984 1.3189 1.3228, -0.0984 1.3189 1.1654, -0.0984 1.2501 1.3228, -0.0984 1.2451 1.1654, -0.0984 0.5217 1.1654, -0.0984 0.5217 1.3228, -0.0984 0.9428 1.3228, 0.0787 1.3189 1.3425, -0.0787 1.3189 1.3425, 0.0787 1.2501 1.3425, -0.0787 1.2501 1.3425, 0.0787 1.1442 1.3425, -0.0787 1.1442 1.3425, 0.0787 0.9428 1.3425, -0.0787 0.9428 1.3425, 0.0787 0.5217 1.3425, -0.0787 0.5217 1.3425, 0.0787 0.3469 1.3425, -0.0787 0.3469 1.3425, -0.0787 -0.2756 1.3425, 0.0787 -0.2756 1.3425, 0.0984 1.3189 1.1654, 0.0984 1.3189 1.3228, 0.0984 1.2501 1.3228, 0.0984 1.2451 1.1654, 0.0984 0.9428 1.3228, 0.0984 0.5217 1.1654, 0.0984 0.5217 1.3228, 0.0984 -0.0042 1.1654, 0.0984 -0.2756 1.3228, 0.0984 -0.2756 1.1654, 0.0372 -0.4331 1.3003, -0.0372 -0.4331 1.3003, -0.0372 -0.4331 1.1879, -0.0562 -0.4331 1.2813, -0.0562 -0.4331 1.2069, 0.0537 -0.4331 1.1973, 0.0548 -0.4331 1.1995, 0.0446 -0.4331 1.1893, 0.0372 -0.4331 1.1879, 0.0562 -0.4331 1.2069, 0.0562 -0.4331 1.2813, -0.0537 -0.4331 1.2909, -0.0548 -0.4331 1.2887, -0.0446 -0.4331 1.2989, -0.0556 -0.4331 1.2019, -0.0446 -0.4331 1.1893, -0.0422 -0.4331 1.1885, -0.0548 -0.4331 1.1995, -0.0537 -0.4331 1.1973, -0.0468 -0.4331 1.1904, 0.0422 -0.4331 1.1885, 0.0556 -0.4331 1.2019, -0.0422 -0.4331 1.2997, -0.0556 -0.4331 1.2863, 0.0556 -0.4331 1.2863, 0.0446 -0.4331 1.2989, 0.0422 -0.4331 1.2997, 0.0548 -0.4331 1.2887, 0.0537 -0.4331 1.2909, 0.0468 -0.4331 1.2978, -0.0489 -0.4331 1.1917, -0.0524 -0.4331 1.1952, -0.0507 -0.4331 1.1934, 0.0468 -0.4331 1.1904, 0.0489 -0.4331 1.1917, 0.0524 -0.4331 1.1952, 0.0507 -0.4331 1.1934, -0.0468 -0.4331 1.2978, -0.0489 -0.4331 1.2965, -0.0524 -0.4331 1.293, -0.0507 -0.4331 1.2948, 0.0489 -0.4331 1.2965, 0.0524 -0.4331 1.293, 0.0507 -0.4331 1.2948, 0.0794 -0.2756 1.1457, -0.0794 -0.2756 1.1457, -0.0984 -0.2756 1.1647, -0.0984 -0.2756 1.3235, 0.0984 -0.2756 1.3235, 0.0984 -0.2756 1.1647, -0.0794 -0.2756 1.3425, 0.0794 -0.2756 1.3425, 0.0794 2.7559 0.1968, -0.0794 2.7559 0.1968, 0.0984 2.7559 0.019, 0.0984 2.7559 0.1778, -0.0984 2.7559 0.1778, -0.0984 2.7559 0.019, -0.0794 2.7559 0.0, 0.0794 2.7559 0.0, -0.085 1.5354 1.1467, -0.0892 1.5354 1.1487, -0.0886 1.5422 1.1482, -0.0953 1.5354 1.1547, -0.0957 1.5354 1.1556, -0.0958 1.5425 1.1554, -0.0979 1.5354 1.1607, -0.0973 1.5354 1.1588, -0.0978 1.5427 1.1601, -0.0977 1.5354 1.1603, -0.0941 1.5354 1.1531, -0.0908 1.5354 1.1498, -0.0927 1.5424 1.1513, -0.0926 1.5354 1.1515, -0.0831 1.5354 1.1461, -0.0838 1.5422 1.1462, -0.0838 1.5354 1.1464, -0.0838 1.5554 1.1448, -0.0838 1.5762 1.1376, -0.0838 1.587 1.1319, -0.0838 1.6055 1.1173, -0.0978 1.5581 1.1585, -0.0978 1.5819 1.1503, -0.0978 1.5942 1.1438, -0.0978 1.6153 1.1272, -0.0978 1.6328 1.1045, -0.0958 1.5572 1.1538, -0.0958 1.58 1.1459, -0.0958 1.5917 1.1397, -0.0958 1.612 1.1238, -0.0958 1.6287 1.1021, -0.0927 1.5564 1.1498, -0.0927 1.5783 1.1422, -0.0927 1.5896 1.1362, -0.0927 1.6091 1.1209, -0.0927 1.6252 1.1001, -0.0886 1.5558 1.1467, -0.0886 1.577 1.1394, -0.0886 1.588 1.1336, -0.0886 1.6069 1.1187, -0.0886 1.6225 1.0985, -0.0838 1.6208 1.0975, -0.0838 1.6253 1.0888, -0.0886 1.6271 1.0897, -0.0927 1.6299 1.091, -0.0958 1.6336 1.0927, -0.0978 1.6379 1.0947, -0.0838 1.6327 1.0662, -0.0886 1.6346 1.0665, -0.0927 1.6377 1.0672, -0.0958 1.6417 1.0679, -0.0978 1.6463 1.0689, -0.0838 1.6345 1.0472, -0.0886 1.6365 1.0472, -0.0927 1.6396 1.0472, -0.0958 1.6437 1.0472, -0.0978 1.6484 1.0472, -0.0838 1.6345 0.2953, -0.0886 1.6365 0.2953, -0.0927 1.6396 0.2953, -0.0958 1.6437 0.2953, -0.0978 1.6484 0.2953, -0.0838 1.9291 0.0007, -0.0838 1.8529 0.0107, -0.0886 1.9291 0.0026, -0.0886 1.8534 0.0126, -0.0927 1.9291 0.0058, -0.0927 1.8542 0.0156, -0.0958 1.9291 0.0098, -0.0958 1.8553 0.0196, -0.0978 1.9291 0.0146, -0.0978 1.8565 0.0242, -0.0838 1.7818 0.0401, -0.0886 1.7828 0.0418, -0.0927 1.7844 0.0446, -0.0958 1.7864 0.0481, -0.0978 1.7888 0.0522, -0.0838 1.7208 0.087, -0.0886 1.7222 0.0883, -0.0927 1.7244 0.0906, -0.0958 1.7273 0.0934, -0.0978 1.7307 0.0968, -0.0838 1.674 0.148, -0.0886 1.6757 0.149, -0.0927 1.6784 0.1505, -0.0958 1.6819 0.1526, -0.0978 1.6861 0.1549, -0.0838 1.6446 0.219, -0.0886 1.6465 0.2195, -0.0927 1.6495 0.2203, -0.0958 1.6534 0.2214, -0.0978 1.658 0.2226, -0.0838 2.7564 0.0007, -0.0843 2.7565 0.0008, -0.0886 2.7568 0.0027, -0.0888 2.7568 0.0027, -0.0927 2.7569 0.0058, -0.0957 2.7568 0.0097, -0.0958 2.7568 0.0099, -0.0976 2.7565 0.0142, -0.0977 2.7564 0.0146, 0.0894 1.5354 1.1488, 0.0885 1.5354 1.1484, 0.0886 1.5423 1.1482, 0.0834 1.5354 1.1462, 0.0853 1.5354 1.1468, 0.0838 1.5422 1.1462, 0.0838 1.5354 1.1464, 0.091 1.5354 1.15, 0.0943 1.5354 1.1533, 0.0926 1.5354 1.1515, 0.0927 1.5424 1.1513, 0.0974 1.5354 1.1591, 0.0954 1.5354 1.1549, 0.0958 1.5425 1.1554, 0.0979 1.5354 1.161, 0.0978 1.5427 1.1601, 0.0977 1.5354 1.1603, 0.0838 1.5555 1.1448, 0.0838 1.5762 1.1376, 0.0838 1.587 1.1319, 0.0838 1.6055 1.1173, 0.0838 1.6208 1.0975, 0.0838 1.6253 1.0888, 0.0838 1.6327 1.0662, 0.0838 1.6345 1.0472, 0.0886 1.5558 1.1467, 0.0886 1.577 1.1393, 0.0886 1.588 1.1335, 0.0886 1.6069 1.1187, 0.0886 1.6225 1.0985, 0.0886 1.6271 1.0897, 0.0886 1.6346 1.0665, 0.0886 1.6365 1.0472, 0.0927 1.5564 1.1498, 0.0927 1.5783 1.1422, 0.0927 1.5896 1.1362, 0.0927 1.6091 1.1209, 0.0927 1.6252 1.1001, 0.0927 1.6299 1.091, 0.0927 1.6377 1.0671, 0.0927 1.6396 1.0472, 0.0958 1.5572 1.1538, 0.0958 1.58 1.1459, 0.0958 1.5918 1.1397, 0.0958 1.612 1.1238, 0.0958 1.6287 1.1021, 0.0958 1.6336 1.0927, 0.0958 1.6417 1.0679, 0.0958 1.6437 1.0472, 0.0978 1.5582 1.1585, 0.0978 1.582 1.1502, 0.0978 1.5942 1.1437, 0.0978 1.6153 1.1272, 0.0978 1.6328 1.1045, 0.0978 1.6379 1.0947, 0.0978 1.6463 1.0689, 0.0978 1.6484 1.0472, 0.0978 1.6484 0.2953, 0.0958 1.6437 0.2953, 0.0927 1.6396 0.2953, 0.0886 1.6365 0.2953, 0.0838 1.6345 0.2953, 0.0838 1.6446 0.219, 0.0886 1.6465 0.2195, 0.0927 1.6495 0.2203, 0.0958 1.6534 0.2214, 0.0978 1.658 0.2226, 0.0838 1.674 0.148, 0.0886 1.6757 0.149, 0.0927 1.6784 0.1505, 0.0958 1.6819 0.1526, 0.0978 1.6861 0.1549, 0.0838 1.7208 0.087, 0.0886 1.7222 0.0883, 0.0927 1.7244 0.0906, 0.0958 1.7273 0.0934, 0.0978 1.7307 0.0968, 0.0838 1.7818 0.0401, 0.0886 1.7828 0.0418, 0.0927 1.7844 0.0446, 0.0958 1.7864 0.0481, 0.0978 1.7888 0.0522, 0.0838 1.8529 0.0107, 0.0886 1.8534 0.0126, 0.0927 1.8542 0.0156, 0.0958 1.8553 0.0196, 0.0978 1.8565 0.0242, 0.0838 1.9291 0.0007, 0.0886 1.9291 0.0026, 0.0927 1.9291 0.0058, 0.0958 1.9291 0.0098, 0.0978 1.9291 0.0146, 0.0977 2.7564 0.0146, 0.0976 2.7565 0.0142, 0.0958 2.7568 0.0099, 0.0957 2.7568 0.0097, 0.0927 2.7569 0.0058, 0.0888 2.7568 0.0027, 0.0886 2.7568 0.0027, 0.0843 2.7565 0.0008, 0.0838 2.7564 0.0007, 0.0838 1.8205 1.1206, 0.0838 1.78 1.2113, 0.0979 1.5354 1.3275, 0.0973 1.5354 1.3294, 0.0977 1.5354 1.3279, 0.0978 1.5512 1.3274, 0.0953 1.5354 1.3335, 0.0957 1.5354 1.3326, 0.0958 1.5515 1.3321, 0.0908 1.5354 1.3384, 0.0926 1.5354 1.3367, 0.0927 1.5518 1.3362, 0.0941 1.5354 1.3351, 0.085 1.5354 1.3415, 0.0892 1.5354 1.3395, 0.0886 1.552 1.3393, 0.0831 1.5354 1.342, 0.0838 1.5354 1.3418, 0.0838 1.5521 1.3412, 0.0838 1.6014 1.3339, 0.0838 1.6484 1.3193, 0.0838 1.6639 1.3124, 0.0838 1.706 1.2874, 0.0838 1.7438 1.2556, 0.0838 1.7497 1.2494, 0.0978 1.5984 1.3204, 0.0978 1.643 1.3065, 0.0978 1.6578 1.2998, 0.0978 1.6979 1.2761, 0.0978 1.7339 1.2457, 0.0978 1.7396 1.2398, 0.0978 1.7684 1.2036, 0.0958 1.5994 1.325, 0.0958 1.6449 1.3109, 0.0958 1.6599 1.3041, 0.0958 1.7007 1.2799, 0.0958 1.7373 1.2491, 0.0958 1.7431 1.2431, 0.0958 1.7723 1.2062, 0.0927 1.6003 1.329, 0.0927 1.6464 1.3146, 0.0927 1.6617 1.3078, 0.0927 1.703 1.2833, 0.0927 1.7402 1.2519, 0.0927 1.746 1.2459, 0.0927 1.7757 1.2085, 0.0886 1.601 1.332, 0.0886 1.6476 1.3175, 0.0886 1.663 1.3106, 0.0886 1.7049 1.2858, 0.0886 1.7424 1.2542, 0.0886 1.7483 1.248, 0.0886 1.7783 1.2102, 0.0838 1.8041 1.1675, 0.0886 1.8023 1.1667, 0.0927 1.7994 1.1654, 0.0958 1.7957 1.1638, 0.0978 1.7914 1.1618, 0.0886 1.8186 1.1201, 0.0927 1.8156 1.1194, 0.0958 1.8117 1.1183, 0.0978 1.8071 1.1171, 0.0838 1.8259 1.0955, 0.0886 1.824 1.0952, 0.0927 1.8209 1.0946, 0.0958 1.8169 1.0939, 0.0978 1.8122 1.0932, 0.0838 1.83 1.0472, 0.0886 1.8281 1.0472, 0.0927 1.8249 1.0472, 0.0958 1.8209 1.0472, 0.0978 1.8161 1.0472, 0.0838 1.83 0.2953, 0.0886 1.8281 0.2953, 0.0927 1.8249 0.2953, 0.0958 1.8209 0.2953, 0.0978 1.8161 0.2953, 0.0978 1.82 0.266, 0.0958 1.8246 0.2673, 0.0927 1.8285 0.2683, 0.0886 1.8315 0.2691, 0.0838 1.8334 0.2696, 0.0978 1.8313 0.2388, 0.0958 1.8354 0.2411, 0.0927 1.8389 0.2432, 0.0886 1.8416 0.2447, 0.0838 1.8433 0.2457, 0.0978 1.8492 0.2154, 0.0958 1.8526 0.2187, 0.0927 1.8555 0.2216, 0.0886 1.8577 0.2238, 0.0838 1.8591 0.2252, 0.0978 1.8726 0.1974, 0.0958 1.875 0.2015, 0.0927 1.877 0.205, 0.0886 1.8786 0.2078, 0.0838 1.8796 0.2095, 0.0978 1.8999 0.1861, 0.0958 1.9011 0.1907, 0.0927 1.9022 0.1946, 0.0886 1.903 0.1977, 0.0838 1.9035 0.1996, 0.0978 1.9291 0.1823, 0.0958 1.9291 0.187, 0.0927 1.9291 0.1911, 0.0886 1.9291 0.1942, 0.0838 1.9291 0.1962, 0.0838 2.7564 0.1961, 0.0843 2.7565 0.1961, 0.0886 2.7568 0.1942, 0.0888 2.7568 0.1941, 0.0927 2.7569 0.1911, 0.0957 2.7568 0.1872, 0.0958 2.7568 0.187, 0.0976 2.7565 0.1827, 0.0977 2.7564 0.1823, 0.0838 0.9428 1.3418, 0.0978 0.5217 1.3279, 0.098 -0.276 1.3268, 0.0977 -0.2761 1.3279, 0.0975 -0.2761 1.3283, 0.0958 0.5217 1.3327, 0.0966 -0.2764 1.3312, 0.0915 -0.2766 1.3379, 0.0927 -0.2766 1.3367, 0.0927 0.5217 1.3368, 0.0929 -0.2766 1.3365, 0.0957 -0.2765 1.3329, 0.0858 -0.2763 1.3412, 0.0876 -0.2764 1.3404, 0.0886 0.5217 1.3399, 0.0885 -0.2765 1.3398, 0.0887 -0.2765 1.3397, 0.0838 0.5217 1.3418, 0.0813 -0.2759 1.3423, 0.0838 -0.2761 1.3417, 0.0842 -0.2761 1.3416, 0.0978 1.2501 1.3279, 0.0978 1.3189 1.3279, 0.0958 1.2501 1.3327, 0.0958 1.3189 1.3327, 0.0927 1.2501 1.3368, 0.0927 1.3189 1.3368, 0.0886 1.2501 1.3399, 0.0886 1.3189 1.3399, 0.0838 1.2501 1.3418, 0.0838 1.3189 1.3418, 0.0978 0.9428 1.3279, 0.0958 0.9428 1.3327, 0.0927 0.9428 1.3368, 0.0886 0.9428 1.3399, -0.0838 1.2501 1.3418, -0.0838 0.5217 1.3418, -0.0838 -0.2761 1.3418, -0.0827 -0.276 1.3421, -0.0842 -0.2761 1.3416, -0.0886 0.5217 1.3399, -0.0871 -0.2764 1.3407, -0.0938 -0.2766 1.3356, -0.0926 -0.2766 1.3367, -0.0927 0.5217 1.3368, -0.0924 -0.2766 1.337, -0.0888 -0.2765 1.3398, -0.0971 -0.2763 1.3299, -0.0963 -0.2764 1.3317, -0.0958 0.5217 1.3327, -0.0957 -0.2765 1.3326, -0.0956 -0.2765 1.3328, -0.0978 0.5217 1.3279, -0.0983 -0.2759 1.3254, -0.0976 -0.2761 1.3279, -0.0975 -0.2761 1.3283, -0.0838 1.3189 1.3418, -0.0886 1.2501 1.3399, -0.0886 1.3189 1.3399, -0.0927 1.2501 1.3368, -0.0927 1.3189 1.3368, -0.0958 1.2501 1.3327, -0.0958 1.3189 1.3327, -0.0978 1.2501 1.3279, -0.0978 1.3189 1.3279, -0.0978 0.9428 1.3279, -0.0958 0.9428 1.3327, -0.0927 0.9428 1.3368, -0.0886 0.9428 1.3399, -0.0838 0.9428 1.3418, 0.0838 1.2451 1.1463, 0.0838 0.5217 1.1463, 0.0838 -0.0042 1.1463, 0.0827 -0.276 1.1461, 0.0838 -0.2761 1.1464, 0.0842 -0.2761 1.1466, 0.0886 -0.0042 1.1483, 0.0871 -0.2764 1.1475, 0.0938 -0.2766 1.1526, 0.0926 -0.2766 1.1514, 0.0927 -0.0042 1.1514, 0.0924 -0.2766 1.1512, 0.0888 -0.2765 1.1484, 0.0971 -0.2763 1.1583, 0.0963 -0.2764 1.1565, 0.0958 -0.0042 1.1555, 0.0957 -0.2765 1.1556, 0.0956 -0.2765 1.1554, 0.0978 -0.0042 1.1603, 0.0983 -0.2759 1.1628, 0.0976 -0.2761 1.1603, 0.0975 -0.2761 1.1599, 0.0978 0.5217 1.1603, 0.0958 0.5217 1.1555, 0.0927 0.5217 1.1514, 0.0886 0.5217 1.1483, 0.0978 1.2451 1.1603, 0.0958 1.2451 1.1555, 0.0927 1.2451 1.1514, 0.0886 1.2451 1.1483, 0.0978 1.3189 1.1603, 0.0958 1.3189 1.1555, 0.0927 1.3189 1.1514, 0.0886 1.3189 1.1483, 0.0838 1.3189 1.1463, -0.0838 0.5217 1.1463, -0.0978 -0.0042 1.1603, -0.098 -0.276 1.1614, -0.0977 -0.2761 1.1603, -0.0975 -0.2761 1.1599, -0.0958 -0.0042 1.1555, -0.0966 -0.2764 1.157, -0.0915 -0.2766 1.1503, -0.0927 -0.2766 1.1514, -0.0927 -0.0042 1.1514, -0.0929 -0.2766 1.1517, -0.0957 -0.2765 1.1553, -0.0858 -0.2763 1.147, -0.0876 -0.2764 1.1478, -0.0886 -0.0042 1.1483, -0.0885 -0.2765 1.1484, -0.0887 -0.2765 1.1485, -0.0838 -0.0042 1.1463, -0.0813 -0.2759 1.1458, -0.0838 -0.2761 1.1465, -0.0842 -0.2761 1.1466, -0.0886 0.5217 1.1483, -0.0927 0.5217 1.1514, -0.0958 0.5217 1.1555, -0.0978 0.5217 1.1603, -0.0838 1.2451 1.1463, -0.0886 1.2451 1.1483, -0.0927 1.2451 1.1514, -0.0958 1.2451 1.1555, -0.0978 1.2451 1.1603, -0.0838 1.3189 1.1463, -0.0886 1.3189 1.1483, -0.0927 1.3189 1.1514, -0.0958 1.3189 1.1555, -0.0978 1.3189 1.1603, -0.0838 1.83 1.0472, -0.0838 1.8259 1.0955, -0.0834 1.5354 1.342, -0.0853 1.5354 1.3414, -0.0838 1.5354 1.3418, -0.0838 1.5521 1.3412, -0.0894 1.5354 1.3394, -0.0885 1.5354 1.3398, -0.0886 1.552 1.3393, -0.0943 1.5354 1.3349, -0.0926 1.5354 1.3367, -0.0927 1.5517 1.3362, -0.091 1.5354 1.3382, -0.0974 1.5354 1.3291, -0.0954 1.5354 1.3333, -0.0958 1.5515 1.3321, -0.0979 1.5354 1.3272, -0.0977 1.5354 1.3279, -0.0978 1.5511 1.3274, -0.0838 1.6014 1.3339, -0.0838 1.6484 1.3193, -0.0838 1.706 1.2874, -0.0838 1.6639 1.3124, -0.0838 1.8041 1.1675, -0.0838 1.78 1.2113, -0.0838 1.7437 1.2556, -0.0838 1.7497 1.2494, -0.0838 1.8205 1.1207, -0.0886 1.601 1.332, -0.0886 1.6476 1.3175, -0.0886 1.663 1.3106, -0.0886 1.7048 1.2858, -0.0886 1.7424 1.2542, -0.0886 1.7483 1.248, -0.0886 1.7783 1.2102, -0.0886 1.8023 1.1667, -0.0886 1.8186 1.1202, -0.0886 1.824 1.0952, -0.0886 1.8281 1.0472, -0.0927 1.6003 1.329, -0.0927 1.6464 1.3146, -0.0927 1.6616 1.3078, -0.0927 1.703 1.2833, -0.0927 1.7401 1.252, -0.0927 1.746 1.2459, -0.0927 1.7757 1.2085, -0.0927 1.7994 1.1655, -0.0927 1.8156 1.1194, -0.0927 1.8209 1.0946, -0.0927 1.8249 1.0472, -0.0958 1.5994 1.325, -0.0958 1.6448 1.3109, -0.0958 1.6599 1.3041, -0.0958 1.7007 1.2799, -0.0958 1.7373 1.2491, -0.0958 1.7431 1.2431, -0.0958 1.7723 1.2062, -0.0958 1.7957 1.1638, -0.0958 1.8117 1.1183, -0.0958 1.8169 1.0939, -0.0958 1.8209 1.0472, -0.0978 1.5983 1.3204, -0.0978 1.643 1.3065, -0.0978 1.6578 1.2998, -0.0978 1.6979 1.2761, -0.0978 1.7339 1.2457, -0.0978 1.7396 1.2399, -0.0978 1.7684 1.2036, -0.0978 1.7914 1.1619, -0.0978 1.8071 1.1171, -0.0978 1.8122 1.0932, -0.0978 1.8161 1.0472, -0.0978 1.8161 0.2953, -0.0958 1.8209 0.2953, -0.0927 1.8249 0.2953, -0.0886 1.8281 0.2953, -0.0838 1.83 0.2953, -0.0978 1.9291 0.1823, -0.0978 1.8999 0.1861, -0.0958 1.9291 0.187, -0.0958 1.9011 0.1907, -0.0927 1.9291 0.1911, -0.0927 1.9022 0.1946, -0.0886 1.9291 0.1942, -0.0886 1.903 0.1977, -0.0838 1.9291 0.1962, -0.0838 1.9035 0.1996, -0.0978 1.8726 0.1974, -0.0958 1.875 0.2015, -0.0927 1.877 0.205, -0.0886 1.8786 0.2078, -0.0838 1.8796 0.2095, -0.0978 1.8492 0.2154, -0.0958 1.8526 0.2187, -0.0927 1.8555 0.2216, -0.0886 1.8577 0.2238, -0.0838 1.8591 0.2252, -0.0978 1.8313 0.2388, -0.0958 1.8354 0.2411, -0.0927 1.8389 0.2432, -0.0886 1.8416 0.2447, -0.0838 1.8433 0.2457, -0.0978 1.82 0.266, -0.0958 1.8246 0.2673, -0.0927 1.8285 0.2683, -0.0886 1.8315 0.2691, -0.0838 1.8334 0.2696, -0.0977 2.7564 0.1823, -0.0976 2.7565 0.1827, -0.0958 2.7568 0.187, -0.0957 2.7568 0.1872, -0.0927 2.7569 0.1911, -0.0888 2.7568 0.1941, -0.0886 2.7568 0.1942, -0.0843 2.7565 0.1961, -0.0838 2.7564 0.1961, -0.0838 2.7564 0.1961
            ]
        }
        coordIndex [
            0,1,2,-1,2,1,3,-1,2,3,4,-1,4,3,5,-1,4,5,6,-1,6,5,7,-1,6,7,8,-1,8,7,9,-1,8,9,10,-1,10,9,11,-1,10,11,12,-1,12,11,13,-1,12,13,14,-1,14,13,15,-1,14,15,16,-1,16,15,17,-1,16,17,18,-1,18,17,19,-1,18,19,20,-1,20,19,21,-1,20,21,22,-1,22,21,23,-1,22,23,24,-1,24,23,25,-1,24,25,26,-1,26,25,27,-1,26,27,28,-1,29,30,31,-1,31,30,32,-1,31,32,28,-1,28,32,33,-1,28,33,26,-1,34,35,36,-1,37,38,39,-1,39,38,40,-1,39,40,41,-1,42,43,44,-1,44,43,45,-1,44,45,46,-1,46,45,47,-1,46,47,48,-1,48,47,49,-1,48,49,50,-1,50,49,41,-1,50,41,51,-1,51,41,40,-1,36,52,34,-1,34,52,53,-1,34,53,54,-1,54,53,55,-1,54,55,37,-1,37,55,56,-1,37,56,38,-1,57,58,59,-1,59,58,60,-1,59,60,61,-1,61,60,62,-1,61,62,63,-1,63,62,64,-1,63,64,65,-1,65,64,66,-1,65,66,67,-1,67,66,68,-1,67,68,69,-1,69,68,70,-1,69,70,71,-1,71,70,72,-1,71,72,73,-1,73,72,74,-1,73,74,75,-1,75,74,76,-1,75,76,77,-1,77,76,78,-1,77,78,79,-1,79,78,80,-1,79,80,81,-1,81,80,82,-1,81,82,83,-1,83,82,84,-1,83,84,85,-1,85,84,86,-1,85,86,87,-1,87,86,88,-1,87,88,89,-1,89,88,90,-1,89,90,91,-1,91,90,92,-1,91,92,93,-1,93,92,94,-1,95,96,97,-1,97,96,98,-1,97,98,99,-1,99,98,100,-1,99,100,101,-1,102,103,104,-1,104,103,105,-1,104,105,106,-1,106,105,107,-1,108,109,110,-1,110,109,111,-1,110,111,107,-1,107,111,112,-1,107,112,106,-1,100,113,101,-1,101,113,114,-1,101,114,115,-1,115,114,116,-1,115,116,108,-1,108,116,117,-1,108,117,109,-1,118,119,0,-1,0,119,1,-1,36,35,120,-1,120,35,121,-1,58,57,122,-1,122,57,123,-1,103,102,124,-1,124,102,125,-1,119,118,126,-1,119,126,127,-1,127,126,128,-1,127,128,129,-1,129,128,130,-1,129,130,131,-1,131,130,132,-1,131,132,133,-1,133,132,134,-1,133,134,135,-1,135,134,136,-1,135,136,137,-1,120,121,138,-1,138,121,139,-1,138,139,140,-1,140,139,141,-1,140,141,142,-1,142,141,143,-1,142,143,144,-1,144,143,145,-1,144,145,146,-1,146,145,147,-1,146,147,148,-1,148,147,149,-1,150,151,152,-1,152,151,153,-1,152,153,154,-1,154,153,155,-1,154,155,156,-1,156,155,157,-1,156,157,158,-1,158,157,159,-1,158,159,160,-1,160,159,161,-1,160,161,123,-1,123,161,122,-1,162,163,164,-1,164,163,165,-1,164,165,166,-1,166,165,167,-1,166,167,168,-1,168,167,169,-1,168,169,170,-1,170,169,171,-1,170,171,172,-1,172,171,173,-1,172,173,125,-1,125,173,124,-1,174,175,136,-1,136,175,137,-1,148,149,176,-1,176,149,177,-1,178,179,150,-1,150,179,151,-1,163,162,180,-1,180,162,181,-1,182,183,184,-1,185,186,187,-1,188,189,190,-1,190,189,183,-1,184,183,186,-1,186,183,189,-1,186,189,187,-1,191,192,188,-1,188,192,193,-1,188,193,189,-1,194,195,196,-1,197,198,183,-1,183,198,199,-1,183,199,190,-1,184,200,182,-1,182,200,201,-1,182,201,202,-1,202,201,203,-1,185,187,195,-1,195,187,204,-1,195,204,196,-1,191,205,192,-1,192,205,206,-1,192,206,207,-1,207,206,208,-1,207,208,209,-1,209,208,210,-1,197,211,198,-1,198,211,212,-1,198,212,213,-1,213,212,214,-1,213,214,215,-1,215,214,216,-1,203,201,217,-1,217,201,218,-1,217,218,219,-1,219,218,220,-1,219,220,221,-1,196,222,194,-1,194,222,223,-1,194,223,224,-1,224,223,225,-1,226,227,228,-1,228,227,229,-1,228,229,230,-1,230,229,231,-1,230,231,232,-1,232,231,233,-1,232,233,234,-1,234,233,235,-1,234,235,236,-1,236,235,237,-1,236,237,238,-1,238,237,239,-1,240,241,242,-1,243,244,245,-1,245,244,246,-1,240,242,247,-1,247,242,248,-1,247,248,246,-1,246,248,249,-1,246,249,245,-1,250,251,252,-1,252,251,253,-1,252,253,254,-1,254,253,255,-1,254,255,256,-1,256,255,257,-1,256,257,258,-1,258,257,259,-1,258,259,260,-1,259,261,260,-1,260,261,262,-1,260,262,263,-1,264,265,266,-1,264,266,267,-1,267,266,268,-1,267,268,269,-1,269,268,270,-1,269,270,271,-1,271,270,272,-1,271,272,273,-1,274,275,276,-1,276,275,277,-1,276,277,278,-1,279,280,281,-1,276,282,274,-1,274,282,283,-1,274,283,284,-1,285,286,287,-1,288,289,278,-1,278,289,290,-1,278,290,276,-1,288,291,289,-1,289,291,292,-1,289,292,293,-1,282,294,283,-1,283,294,281,-1,283,281,295,-1,295,281,280,-1,275,296,277,-1,277,296,287,-1,277,287,297,-1,297,287,286,-1,298,299,284,-1,284,299,300,-1,284,300,274,-1,298,301,299,-1,299,301,302,-1,299,302,303,-1,293,292,304,-1,304,292,305,-1,304,305,306,-1,281,307,279,-1,279,307,308,-1,279,308,309,-1,309,308,310,-1,287,311,285,-1,285,311,312,-1,285,312,313,-1,313,312,314,-1,303,302,315,-1,315,302,316,-1,315,316,317,-1,318,282,226,-1,226,282,276,-1,226,276,227,-1,227,276,319,-1,320,278,241,-1,241,278,277,-1,241,277,242,-1,242,277,321,-1,272,322,284,-1,272,284,273,-1,273,284,283,-1,273,283,323,-1,324,275,262,-1,262,275,274,-1,262,274,263,-1,263,274,325,-1,178,326,183,-1,178,183,179,-1,179,183,182,-1,179,182,327,-1,177,328,188,-1,177,188,176,-1,176,188,190,-1,176,190,329,-1,181,330,184,-1,181,184,180,-1,180,184,186,-1,180,186,331,-1,332,187,174,-1,174,187,189,-1,174,189,175,-1,175,189,333,-1,334,335,336,-1,337,338,339,-1,340,95,97,-1,338,341,342,-1,342,341,343,-1,342,343,340,-1,337,339,344,-1,335,345,346,-1,346,345,347,-1,346,347,344,-1,30,348,349,-1,349,348,350,-1,349,350,334,-1,24,26,351,-1,351,26,33,-1,351,33,349,-1,349,33,32,-1,349,32,30,-1,24,351,22,-1,22,351,352,-1,22,352,20,-1,20,352,353,-1,20,353,18,-1,354,14,353,-1,353,14,16,-1,353,16,18,-1,340,97,342,-1,342,97,99,-1,342,99,355,-1,355,99,101,-1,355,101,356,-1,356,101,115,-1,356,115,357,-1,357,115,108,-1,357,108,358,-1,358,108,110,-1,358,110,359,-1,338,342,339,-1,339,342,355,-1,339,355,360,-1,360,355,356,-1,360,356,361,-1,361,356,357,-1,361,357,362,-1,362,357,358,-1,362,358,363,-1,363,358,359,-1,363,359,364,-1,344,339,346,-1,346,339,360,-1,346,360,365,-1,365,360,361,-1,365,361,366,-1,366,361,362,-1,366,362,367,-1,367,362,363,-1,367,363,368,-1,368,363,364,-1,368,364,369,-1,335,346,336,-1,336,346,365,-1,336,365,370,-1,370,365,366,-1,370,366,371,-1,371,366,367,-1,371,367,372,-1,372,367,368,-1,372,368,373,-1,373,368,369,-1,373,369,374,-1,334,336,349,-1,349,336,370,-1,349,370,351,-1,351,370,371,-1,351,371,352,-1,352,371,372,-1,352,372,353,-1,353,372,373,-1,353,373,354,-1,354,373,374,-1,354,374,375,-1,4,6,376,-1,376,6,375,-1,376,375,377,-1,377,375,374,-1,377,374,378,-1,378,374,369,-1,378,369,379,-1,379,369,364,-1,379,364,380,-1,380,364,359,-1,380,359,107,-1,107,359,110,-1,6,8,375,-1,375,8,10,-1,375,10,354,-1,354,10,12,-1,354,12,14,-1,2,4,381,-1,381,4,376,-1,381,376,382,-1,382,376,377,-1,382,377,383,-1,383,377,378,-1,383,378,384,-1,384,378,379,-1,384,379,385,-1,385,379,380,-1,385,380,105,-1,105,380,107,-1,0,2,386,-1,386,2,381,-1,386,381,387,-1,387,381,382,-1,387,382,388,-1,388,382,383,-1,388,383,389,-1,389,383,384,-1,389,384,390,-1,390,384,385,-1,390,385,103,-1,103,385,105,-1,118,0,386,-1,118,386,391,-1,391,386,387,-1,391,387,392,-1,392,387,388,-1,392,388,393,-1,393,388,389,-1,393,389,394,-1,394,389,390,-1,394,390,395,-1,395,390,103,-1,395,103,124,-1,136,134,396,-1,396,134,397,-1,396,397,398,-1,398,397,399,-1,398,399,400,-1,400,399,401,-1,400,401,402,-1,402,401,403,-1,402,403,404,-1,404,403,405,-1,404,405,163,-1,163,405,165,-1,134,132,397,-1,397,132,406,-1,397,406,399,-1,399,406,407,-1,399,407,401,-1,401,407,408,-1,401,408,403,-1,403,408,409,-1,403,409,405,-1,405,409,410,-1,405,410,165,-1,165,410,167,-1,132,130,406,-1,406,130,411,-1,406,411,407,-1,407,411,412,-1,407,412,408,-1,408,412,413,-1,408,413,409,-1,409,413,414,-1,409,414,410,-1,410,414,415,-1,410,415,167,-1,167,415,169,-1,130,128,411,-1,411,128,416,-1,411,416,412,-1,412,416,417,-1,412,417,413,-1,413,417,418,-1,413,418,414,-1,414,418,419,-1,414,419,415,-1,415,419,420,-1,415,420,169,-1,169,420,171,-1,128,126,416,-1,416,126,421,-1,416,421,417,-1,417,421,422,-1,417,422,418,-1,418,422,423,-1,418,423,419,-1,419,423,424,-1,419,424,420,-1,420,424,425,-1,420,425,171,-1,171,425,173,-1,126,118,421,-1,421,118,391,-1,421,391,422,-1,422,391,392,-1,422,392,423,-1,423,392,393,-1,423,393,424,-1,424,393,394,-1,424,394,425,-1,425,394,395,-1,425,395,173,-1,173,395,124,-1,174,136,332,-1,332,136,396,-1,332,396,426,-1,426,396,427,-1,427,396,398,-1,427,398,428,-1,428,398,429,-1,429,398,400,-1,429,400,430,-1,430,400,431,-1,431,400,402,-1,431,402,432,-1,432,402,433,-1,433,402,404,-1,433,404,434,-1,163,180,404,-1,404,180,331,-1,404,331,434,-1,223,222,429,-1,429,222,428,-1,428,222,196,-1,428,196,427,-1,427,196,204,-1,427,204,426,-1,426,204,187,-1,426,187,332,-1,223,429,225,-1,225,429,430,-1,225,430,224,-1,224,430,431,-1,224,431,194,-1,433,185,195,-1,194,431,195,-1,195,431,432,-1,195,432,433,-1,185,433,186,-1,186,433,434,-1,186,434,331,-1,435,436,437,-1,438,29,31,-1,436,439,440,-1,440,439,441,-1,440,441,438,-1,435,437,442,-1,443,444,445,-1,445,444,442,-1,446,447,448,-1,448,447,443,-1,43,449,450,-1,450,449,451,-1,450,451,446,-1,438,31,440,-1,440,31,28,-1,440,28,452,-1,28,27,452,-1,452,27,25,-1,452,25,453,-1,453,25,23,-1,23,21,453,-1,453,21,19,-1,453,19,454,-1,454,19,17,-1,454,17,455,-1,17,15,455,-1,455,15,13,-1,455,13,456,-1,13,11,456,-1,456,11,9,-1,456,9,457,-1,457,9,7,-1,457,7,458,-1,458,7,5,-1,5,3,458,-1,458,3,1,-1,458,1,459,-1,436,440,437,-1,437,440,452,-1,437,452,460,-1,460,452,453,-1,460,453,461,-1,461,453,454,-1,461,454,462,-1,462,454,455,-1,462,455,463,-1,463,455,456,-1,463,456,464,-1,464,456,457,-1,464,457,465,-1,465,457,458,-1,465,458,466,-1,466,458,459,-1,466,459,467,-1,442,437,445,-1,445,437,460,-1,445,460,468,-1,468,460,461,-1,468,461,469,-1,469,461,462,-1,469,462,470,-1,470,462,463,-1,470,463,471,-1,471,463,464,-1,471,464,472,-1,472,464,465,-1,472,465,473,-1,473,465,466,-1,473,466,474,-1,474,466,467,-1,474,467,475,-1,443,445,448,-1,448,445,468,-1,448,468,476,-1,476,468,469,-1,476,469,477,-1,477,469,470,-1,477,470,478,-1,478,470,471,-1,478,471,479,-1,479,471,472,-1,479,472,480,-1,480,472,473,-1,480,473,481,-1,481,473,474,-1,481,474,482,-1,482,474,475,-1,482,475,483,-1,446,448,450,-1,450,448,476,-1,450,476,484,-1,484,476,477,-1,484,477,485,-1,485,477,478,-1,485,478,486,-1,486,478,479,-1,486,479,487,-1,487,479,480,-1,487,480,488,-1,488,480,481,-1,488,481,489,-1,489,481,482,-1,489,482,490,-1,490,482,483,-1,490,483,491,-1,43,450,45,-1,45,450,484,-1,45,484,47,-1,47,484,485,-1,47,485,49,-1,49,485,486,-1,49,486,41,-1,41,486,487,-1,41,487,39,-1,39,487,488,-1,39,488,37,-1,37,488,489,-1,37,489,54,-1,54,489,490,-1,54,490,34,-1,34,490,491,-1,34,491,35,-1,121,35,491,-1,121,491,492,-1,492,491,483,-1,492,483,493,-1,493,483,475,-1,493,475,494,-1,494,475,467,-1,494,467,495,-1,495,467,459,-1,495,459,496,-1,496,459,1,-1,496,1,119,-1,119,127,496,-1,496,127,497,-1,496,497,495,-1,495,497,498,-1,495,498,494,-1,494,498,499,-1,494,499,493,-1,493,499,500,-1,493,500,492,-1,492,500,501,-1,492,501,121,-1,121,501,139,-1,127,129,497,-1,497,129,502,-1,497,502,498,-1,498,502,503,-1,498,503,499,-1,499,503,504,-1,499,504,500,-1,500,504,505,-1,500,505,501,-1,501,505,506,-1,501,506,139,-1,139,506,141,-1,129,131,502,-1,502,131,507,-1,502,507,503,-1,503,507,508,-1,503,508,504,-1,504,508,509,-1,504,509,505,-1,505,509,510,-1,505,510,506,-1,506,510,511,-1,506,511,141,-1,141,511,143,-1,131,133,507,-1,507,133,512,-1,507,512,508,-1,508,512,513,-1,508,513,509,-1,509,513,514,-1,509,514,510,-1,510,514,515,-1,510,515,511,-1,511,515,516,-1,511,516,143,-1,143,516,145,-1,133,135,512,-1,512,135,517,-1,512,517,513,-1,513,517,518,-1,513,518,514,-1,514,518,519,-1,514,519,515,-1,515,519,520,-1,515,520,516,-1,516,520,521,-1,516,521,145,-1,145,521,147,-1,135,137,517,-1,517,137,522,-1,517,522,518,-1,518,522,523,-1,518,523,519,-1,519,523,524,-1,519,524,520,-1,520,524,525,-1,520,525,521,-1,521,525,526,-1,521,526,147,-1,147,526,149,-1,177,149,328,-1,328,149,526,-1,328,526,527,-1,527,526,528,-1,528,526,525,-1,528,525,529,-1,529,525,530,-1,530,525,524,-1,530,524,531,-1,531,524,532,-1,532,524,523,-1,532,523,533,-1,533,523,534,-1,534,523,522,-1,534,522,535,-1,137,175,522,-1,522,175,333,-1,522,333,535,-1,535,333,189,-1,535,189,534,-1,189,193,534,-1,534,193,192,-1,534,192,533,-1,533,192,532,-1,192,207,532,-1,532,207,209,-1,532,209,531,-1,531,209,210,-1,531,210,530,-1,210,208,530,-1,530,208,206,-1,530,206,529,-1,529,206,205,-1,529,205,528,-1,528,205,191,-1,528,191,527,-1,527,191,188,-1,527,188,328,-1,61,63,536,-1,67,69,537,-1,538,42,44,-1,539,540,541,-1,541,540,538,-1,542,543,544,-1,544,543,539,-1,545,546,547,-1,547,546,548,-1,547,548,542,-1,549,550,551,-1,551,550,545,-1,552,553,554,-1,554,553,549,-1,93,552,91,-1,91,552,554,-1,91,554,89,-1,89,554,555,-1,89,555,87,-1,87,555,85,-1,85,555,556,-1,85,556,83,-1,83,556,557,-1,83,557,81,-1,81,557,79,-1,79,557,558,-1,79,558,77,-1,77,558,559,-1,77,559,75,-1,75,559,560,-1,75,560,73,-1,538,44,541,-1,541,44,46,-1,541,46,561,-1,561,46,48,-1,561,48,562,-1,562,48,50,-1,562,50,563,-1,563,50,51,-1,563,51,564,-1,564,51,40,-1,564,40,565,-1,565,40,38,-1,565,38,566,-1,566,38,56,-1,566,56,567,-1,539,541,544,-1,544,541,561,-1,544,561,568,-1,568,561,562,-1,568,562,569,-1,569,562,563,-1,569,563,570,-1,570,563,564,-1,570,564,571,-1,571,564,565,-1,571,565,572,-1,572,565,566,-1,572,566,573,-1,573,566,567,-1,573,567,574,-1,542,544,547,-1,547,544,568,-1,547,568,575,-1,575,568,569,-1,575,569,576,-1,576,569,570,-1,576,570,577,-1,577,570,571,-1,577,571,578,-1,578,571,572,-1,578,572,579,-1,579,572,573,-1,579,573,580,-1,580,573,574,-1,580,574,581,-1,545,547,551,-1,551,547,575,-1,551,575,582,-1,582,575,576,-1,582,576,583,-1,583,576,577,-1,583,577,584,-1,584,577,578,-1,584,578,585,-1,585,578,579,-1,585,579,586,-1,586,579,580,-1,586,580,587,-1,587,580,581,-1,587,581,588,-1,549,551,554,-1,554,551,582,-1,554,582,555,-1,555,582,583,-1,555,583,556,-1,556,583,584,-1,556,584,557,-1,557,584,585,-1,557,585,558,-1,558,585,586,-1,558,586,559,-1,559,586,587,-1,559,587,560,-1,560,587,588,-1,560,588,537,-1,537,69,560,-1,560,69,71,-1,560,71,73,-1,65,67,589,-1,589,67,537,-1,589,537,590,-1,590,537,588,-1,590,588,591,-1,591,588,581,-1,591,581,592,-1,592,581,574,-1,592,574,593,-1,593,574,567,-1,593,567,55,-1,55,567,56,-1,63,65,536,-1,536,65,589,-1,536,589,594,-1,594,589,590,-1,594,590,595,-1,595,590,591,-1,595,591,596,-1,596,591,592,-1,596,592,597,-1,597,592,593,-1,597,593,53,-1,53,593,55,-1,59,61,598,-1,598,61,536,-1,598,536,599,-1,599,536,594,-1,599,594,600,-1,600,594,595,-1,600,595,601,-1,601,595,596,-1,601,596,602,-1,602,596,597,-1,602,597,52,-1,52,597,53,-1,57,59,603,-1,603,59,598,-1,603,598,604,-1,604,598,599,-1,604,599,605,-1,605,599,600,-1,605,600,606,-1,606,600,601,-1,606,601,607,-1,607,601,602,-1,607,602,36,-1,36,602,52,-1,123,57,603,-1,123,603,608,-1,608,603,604,-1,608,604,609,-1,609,604,605,-1,609,605,610,-1,610,605,606,-1,610,606,611,-1,611,606,607,-1,611,607,612,-1,612,607,36,-1,612,36,120,-1,120,138,612,-1,612,138,613,-1,612,613,611,-1,611,613,614,-1,611,614,610,-1,610,614,615,-1,610,615,609,-1,609,615,616,-1,609,616,608,-1,608,616,617,-1,608,617,123,-1,123,617,160,-1,138,140,613,-1,613,140,618,-1,613,618,614,-1,614,618,619,-1,614,619,615,-1,615,619,620,-1,615,620,616,-1,616,620,621,-1,616,621,617,-1,617,621,622,-1,617,622,160,-1,160,622,158,-1,140,142,618,-1,618,142,623,-1,618,623,619,-1,619,623,624,-1,619,624,620,-1,620,624,625,-1,620,625,621,-1,621,625,626,-1,621,626,622,-1,622,626,627,-1,622,627,158,-1,158,627,156,-1,142,144,623,-1,623,144,628,-1,623,628,624,-1,624,628,629,-1,624,629,625,-1,625,629,630,-1,625,630,626,-1,626,630,631,-1,626,631,627,-1,627,631,632,-1,627,632,156,-1,156,632,154,-1,144,146,628,-1,628,146,633,-1,628,633,629,-1,629,633,634,-1,629,634,630,-1,630,634,635,-1,630,635,631,-1,631,635,636,-1,631,636,632,-1,632,636,637,-1,632,637,154,-1,154,637,152,-1,146,148,633,-1,633,148,638,-1,633,638,634,-1,634,638,639,-1,634,639,635,-1,635,639,640,-1,635,640,636,-1,636,640,641,-1,636,641,637,-1,637,641,642,-1,637,642,152,-1,152,642,150,-1,178,150,326,-1,326,150,642,-1,326,642,643,-1,643,642,644,-1,644,642,641,-1,644,641,645,-1,645,641,646,-1,646,641,640,-1,646,640,647,-1,647,640,648,-1,648,640,639,-1,648,639,649,-1,649,639,650,-1,650,639,638,-1,650,638,651,-1,148,176,638,-1,638,176,329,-1,638,329,651,-1,651,329,190,-1,651,190,650,-1,190,199,650,-1,650,199,198,-1,650,198,649,-1,649,198,648,-1,198,213,648,-1,648,213,215,-1,648,215,647,-1,647,215,216,-1,647,216,646,-1,216,214,646,-1,646,214,212,-1,646,212,645,-1,645,212,211,-1,645,211,644,-1,644,211,197,-1,644,197,643,-1,643,197,183,-1,643,183,326,-1,254,256,652,-1,272,270,322,-1,322,270,653,-1,322,653,654,-1,654,653,655,-1,655,653,656,-1,656,653,657,-1,656,657,658,-1,659,660,661,-1,661,660,662,-1,661,662,657,-1,657,662,663,-1,657,663,658,-1,664,665,666,-1,666,665,667,-1,666,667,661,-1,661,667,668,-1,661,668,659,-1,263,325,260,-1,260,325,669,-1,260,669,258,-1,325,670,669,-1,669,670,671,-1,669,671,666,-1,666,671,672,-1,666,672,664,-1,266,265,673,-1,673,265,674,-1,673,674,675,-1,675,674,676,-1,675,676,677,-1,677,676,678,-1,677,678,679,-1,679,678,680,-1,679,680,681,-1,681,680,682,-1,681,682,252,-1,252,682,250,-1,268,266,683,-1,683,266,673,-1,683,673,684,-1,684,673,675,-1,684,675,685,-1,685,675,677,-1,685,677,686,-1,686,677,679,-1,686,679,652,-1,652,679,681,-1,652,681,254,-1,254,681,252,-1,270,268,653,-1,653,268,683,-1,653,683,657,-1,657,683,684,-1,657,684,661,-1,661,684,685,-1,661,685,666,-1,666,685,686,-1,666,686,669,-1,669,686,652,-1,669,652,258,-1,258,652,256,-1,325,274,670,-1,670,274,671,-1,671,274,672,-1,672,274,300,-1,672,300,299,-1,668,667,299,-1,667,665,299,-1,299,665,664,-1,299,664,672,-1,299,303,668,-1,668,303,315,-1,668,315,659,-1,659,315,317,-1,659,317,660,-1,660,317,662,-1,662,317,316,-1,662,316,663,-1,663,316,302,-1,663,302,658,-1,658,302,301,-1,658,301,656,-1,656,301,298,-1,656,298,655,-1,655,298,654,-1,654,298,284,-1,654,284,322,-1,255,253,687,-1,261,259,688,-1,689,690,688,-1,688,690,324,-1,688,324,261,-1,261,324,262,-1,689,688,691,-1,691,688,692,-1,691,692,693,-1,694,695,696,-1,696,695,697,-1,696,697,692,-1,692,697,698,-1,692,698,693,-1,699,700,701,-1,701,700,702,-1,701,702,696,-1,696,702,703,-1,696,703,694,-1,248,242,704,-1,704,242,321,-1,321,705,704,-1,704,705,706,-1,704,706,701,-1,701,706,707,-1,701,707,699,-1,253,251,687,-1,687,251,708,-1,687,708,709,-1,709,708,710,-1,709,710,711,-1,711,710,712,-1,711,712,713,-1,713,712,714,-1,713,714,715,-1,715,714,716,-1,715,716,245,-1,245,716,243,-1,245,249,715,-1,715,249,717,-1,715,717,713,-1,713,717,718,-1,713,718,711,-1,711,718,719,-1,711,719,709,-1,709,719,720,-1,709,720,687,-1,687,720,721,-1,687,721,255,-1,255,721,257,-1,259,257,688,-1,688,257,721,-1,688,721,692,-1,692,721,720,-1,692,720,696,-1,696,720,719,-1,696,719,701,-1,701,719,718,-1,701,718,704,-1,704,718,717,-1,704,717,248,-1,248,717,249,-1,324,690,275,-1,275,690,296,-1,690,689,296,-1,296,689,691,-1,296,691,287,-1,287,691,693,-1,287,693,311,-1,311,693,698,-1,311,698,312,-1,312,698,697,-1,312,697,314,-1,697,695,314,-1,314,695,694,-1,314,694,313,-1,313,694,703,-1,313,703,285,-1,700,699,286,-1,286,699,707,-1,286,707,297,-1,285,703,286,-1,286,703,702,-1,286,702,700,-1,705,321,277,-1,297,707,277,-1,277,707,706,-1,277,706,705,-1,234,236,722,-1,230,232,723,-1,226,228,318,-1,318,228,724,-1,318,724,725,-1,725,724,726,-1,726,724,727,-1,727,724,728,-1,727,728,729,-1,730,731,732,-1,732,731,733,-1,732,733,728,-1,728,733,734,-1,728,734,729,-1,735,736,737,-1,737,736,738,-1,737,738,732,-1,732,738,739,-1,732,739,730,-1,271,273,740,-1,740,273,323,-1,323,741,740,-1,740,741,742,-1,740,742,737,-1,737,742,743,-1,737,743,735,-1,269,271,744,-1,744,271,740,-1,744,740,745,-1,745,740,737,-1,745,737,746,-1,746,737,732,-1,746,732,747,-1,747,732,728,-1,747,728,723,-1,723,728,724,-1,723,724,230,-1,230,724,228,-1,267,269,748,-1,748,269,744,-1,748,744,749,-1,749,744,745,-1,749,745,750,-1,750,745,746,-1,750,746,751,-1,751,746,747,-1,751,747,722,-1,722,747,723,-1,722,723,234,-1,234,723,232,-1,264,267,752,-1,752,267,748,-1,752,748,753,-1,753,748,749,-1,753,749,754,-1,754,749,750,-1,754,750,755,-1,755,750,751,-1,755,751,756,-1,756,751,722,-1,756,722,238,-1,238,722,236,-1,323,283,741,-1,741,283,742,-1,742,283,743,-1,743,283,295,-1,743,295,280,-1,739,738,280,-1,738,736,280,-1,280,736,735,-1,280,735,743,-1,280,279,739,-1,739,279,309,-1,739,309,730,-1,730,309,310,-1,730,310,731,-1,731,310,733,-1,733,310,308,-1,733,308,734,-1,734,308,307,-1,734,307,729,-1,729,307,281,-1,729,281,727,-1,727,281,294,-1,727,294,726,-1,726,294,725,-1,725,294,282,-1,725,282,318,-1,235,233,757,-1,241,240,320,-1,320,240,758,-1,320,758,759,-1,759,758,760,-1,760,758,761,-1,761,758,762,-1,761,762,763,-1,764,765,766,-1,766,765,767,-1,766,767,762,-1,762,767,768,-1,762,768,763,-1,769,770,771,-1,771,770,772,-1,771,772,766,-1,766,772,773,-1,766,773,764,-1,231,229,774,-1,774,229,227,-1,774,227,319,-1,319,775,774,-1,774,775,776,-1,774,776,771,-1,771,776,777,-1,771,777,769,-1,233,231,757,-1,757,231,774,-1,757,774,778,-1,778,774,771,-1,778,771,779,-1,779,771,766,-1,779,766,780,-1,780,766,762,-1,780,762,781,-1,781,762,758,-1,781,758,247,-1,247,758,240,-1,237,235,782,-1,782,235,757,-1,782,757,783,-1,783,757,778,-1,783,778,784,-1,784,778,779,-1,784,779,785,-1,785,779,780,-1,785,780,786,-1,786,780,781,-1,786,781,246,-1,246,781,247,-1,239,237,787,-1,787,237,782,-1,787,782,788,-1,788,782,783,-1,788,783,789,-1,789,783,784,-1,789,784,790,-1,790,784,785,-1,790,785,791,-1,791,785,786,-1,791,786,244,-1,244,786,246,-1,320,759,278,-1,278,759,288,-1,759,760,288,-1,288,760,761,-1,288,761,291,-1,291,761,763,-1,291,763,292,-1,292,763,768,-1,292,768,305,-1,305,768,767,-1,305,767,306,-1,767,765,306,-1,306,765,764,-1,306,764,304,-1,304,764,773,-1,304,773,293,-1,770,769,289,-1,289,769,777,-1,289,777,290,-1,293,773,289,-1,289,773,772,-1,289,772,770,-1,775,319,276,-1,290,777,276,-1,276,777,776,-1,276,776,775,-1,58,792,793,-1,794,94,92,-1,795,796,797,-1,797,796,794,-1,798,799,800,-1,800,799,795,-1,801,802,803,-1,803,802,804,-1,803,804,798,-1,805,806,807,-1,807,806,801,-1,808,809,810,-1,810,809,805,-1,98,96,808,-1,794,92,797,-1,797,92,90,-1,797,90,811,-1,811,90,88,-1,811,88,812,-1,88,86,812,-1,812,86,84,-1,812,84,82,-1,80,813,82,-1,82,813,814,-1,82,814,812,-1,68,815,816,-1,80,78,813,-1,813,78,76,-1,813,76,817,-1,817,76,74,-1,817,74,818,-1,818,74,72,-1,818,72,816,-1,816,72,70,-1,816,70,68,-1,68,66,815,-1,815,66,64,-1,815,64,819,-1,819,64,62,-1,819,62,793,-1,793,62,60,-1,793,60,58,-1,795,797,800,-1,800,797,811,-1,800,811,820,-1,820,811,812,-1,820,812,821,-1,821,812,814,-1,821,814,822,-1,822,814,813,-1,822,813,823,-1,823,813,817,-1,823,817,824,-1,824,817,818,-1,824,818,825,-1,825,818,816,-1,825,816,826,-1,826,816,815,-1,826,815,827,-1,827,815,819,-1,827,819,828,-1,828,819,793,-1,828,793,829,-1,829,793,792,-1,829,792,830,-1,798,800,803,-1,803,800,820,-1,803,820,831,-1,831,820,821,-1,831,821,832,-1,832,821,822,-1,832,822,833,-1,833,822,823,-1,833,823,834,-1,834,823,824,-1,834,824,835,-1,835,824,825,-1,835,825,836,-1,836,825,826,-1,836,826,837,-1,837,826,827,-1,837,827,838,-1,838,827,828,-1,838,828,839,-1,839,828,829,-1,839,829,840,-1,840,829,830,-1,840,830,841,-1,801,803,807,-1,807,803,831,-1,807,831,842,-1,842,831,832,-1,842,832,843,-1,843,832,833,-1,843,833,844,-1,844,833,834,-1,844,834,845,-1,845,834,835,-1,845,835,846,-1,846,835,836,-1,846,836,847,-1,847,836,837,-1,847,837,848,-1,848,837,838,-1,848,838,849,-1,849,838,839,-1,849,839,850,-1,850,839,840,-1,850,840,851,-1,851,840,841,-1,851,841,852,-1,805,807,810,-1,810,807,842,-1,810,842,853,-1,853,842,843,-1,853,843,854,-1,854,843,844,-1,854,844,855,-1,855,844,845,-1,855,845,856,-1,856,845,846,-1,856,846,857,-1,857,846,847,-1,857,847,858,-1,858,847,848,-1,858,848,859,-1,859,848,849,-1,859,849,860,-1,860,849,850,-1,860,850,861,-1,861,850,851,-1,861,851,862,-1,862,851,852,-1,862,852,863,-1,808,810,98,-1,98,810,853,-1,98,853,100,-1,100,853,854,-1,100,854,113,-1,113,854,855,-1,113,855,114,-1,114,855,856,-1,114,856,116,-1,116,856,857,-1,116,857,117,-1,117,857,858,-1,117,858,109,-1,109,858,859,-1,109,859,111,-1,111,859,860,-1,111,860,112,-1,112,860,861,-1,112,861,106,-1,106,861,862,-1,106,862,104,-1,104,862,863,-1,104,863,102,-1,125,102,863,-1,125,863,864,-1,864,863,852,-1,864,852,865,-1,865,852,841,-1,865,841,866,-1,866,841,830,-1,866,830,867,-1,867,830,792,-1,867,792,868,-1,868,792,58,-1,868,58,122,-1,162,164,869,-1,869,164,870,-1,869,870,871,-1,871,870,872,-1,871,872,873,-1,873,872,874,-1,873,874,875,-1,875,874,876,-1,875,876,877,-1,877,876,878,-1,877,878,151,-1,151,878,153,-1,164,166,870,-1,870,166,879,-1,870,879,872,-1,872,879,880,-1,872,880,874,-1,874,880,881,-1,874,881,876,-1,876,881,882,-1,876,882,878,-1,878,882,883,-1,878,883,153,-1,153,883,155,-1,166,168,879,-1,879,168,884,-1,879,884,880,-1,880,884,885,-1,880,885,881,-1,881,885,886,-1,881,886,882,-1,882,886,887,-1,882,887,883,-1,883,887,888,-1,883,888,155,-1,155,888,157,-1,168,170,884,-1,884,170,889,-1,884,889,885,-1,885,889,890,-1,885,890,886,-1,886,890,891,-1,886,891,887,-1,887,891,892,-1,887,892,888,-1,888,892,893,-1,888,893,157,-1,157,893,159,-1,170,172,889,-1,889,172,894,-1,889,894,890,-1,890,894,895,-1,890,895,891,-1,891,895,896,-1,891,896,892,-1,892,896,897,-1,892,897,893,-1,893,897,898,-1,893,898,159,-1,159,898,161,-1,172,125,894,-1,894,125,864,-1,894,864,895,-1,895,864,865,-1,895,865,896,-1,896,865,866,-1,896,866,897,-1,897,866,867,-1,897,867,898,-1,898,867,868,-1,898,868,161,-1,161,868,122,-1,181,162,330,-1,330,162,869,-1,330,869,899,-1,899,869,900,-1,900,869,871,-1,900,871,901,-1,901,871,902,-1,902,871,873,-1,902,873,903,-1,903,873,904,-1,904,873,875,-1,904,875,905,-1,905,875,906,-1,906,875,877,-1,906,877,907,-1,151,179,877,-1,877,179,327,-1,877,327,907,-1,220,218,902,-1,902,218,901,-1,901,218,201,-1,901,201,900,-1,900,201,200,-1,900,200,899,-1,899,200,184,-1,899,184,330,-1,220,902,221,-1,221,902,903,-1,221,903,219,-1,219,903,904,-1,219,904,217,-1,906,202,203,-1,217,904,203,-1,203,904,905,-1,203,905,906,-1,202,906,182,-1,182,906,907,-1,182,907,327,-1,
        ]
    }
}
Shape{
    appearance Appearance {
        material  Material 	{
            diffuseColor 0.9019607843137255 0.8627450980392157 0.7843137254901961
            specularColor 0.27058823529411763 0.25882352941176473 0.23529411764705882
            ambientIntensity 0.2
            transparency 0
            shininess 0.5
        }
    }
    geometry IndexedFaceSet {
        ccw TRUE
        solid FALSE
        coord DEF co Coordinate {
            point [
                -4.8425 1.7323 0.0591, -4.8425 1.7323 0.2953, -4.8425 1.5354 0.0591, -4.8425 1.5354 0.2953, -4.6063 1.5354 0.0591, -4.6063 1.5354 0.2953, -4.6063 1.7323 0.0591, -4.6063 1.7323 0.2953, -4.0551 1.7323 0.0591, -4.0551 1.7323 0.2953, -4.0551 1.5354 0.0591, -4.0551 1.5354 0.2953, -3.8189 1.5354 0.0591, -3.8189 1.5354 0.2953, -3.8189 1.7323 0.0591, -3.8189 1.7323 0.2953, -3.2677 1.7323 0.0591, -3.2677 1.7323 0.2953, -3.2677 1.5354 0.0591, -3.2677 1.5354 0.2953, -3.0315 1.5354 0.0591, -3.0315 1.5354 0.2953, -3.0315 1.7323 0.0591, -3.0315 1.7323 0.2953, -2.4803 1.7323 0.0591, -2.4803 1.7323 0.2953, -2.4803 1.5354 0.0591, -2.4803 1.5354 0.2953, -2.2441 1.5354 0.0591, -2.2441 1.5354 0.2953, -2.2441 1.7323 0.0591, -2.2441 1.7323 0.2953, -1.6929 1.7323 0.0591, -1.6929 1.7323 0.2953, -1.6929 1.5354 0.0591, -1.6929 1.5354 0.2953, -1.4567 1.5354 0.0591, -1.4567 1.5354 0.2953, -1.4567 1.7323 0.0591, -1.4567 1.7323 0.2953, -0.9055 1.7323 0.0591, -0.9055 1.7323 0.2953, -0.9055 1.5354 0.0591, -0.9055 1.5354 0.2953, -0.6693 1.5354 0.0591, -0.6693 1.5354 0.2953, -0.6693 1.7323 0.0591, -0.6693 1.7323 0.2953, -4.6063 1.7323 1.3425, -4.6063 1.7323 1.0039, -4.6063 1.5354 1.3425, -4.6063 1.5354 1.0039, -4.8425 1.5354 1.3425, -4.8425 1.5354 1.0039, -4.8425 1.7323 1.3425, -4.8425 1.7323 1.0039, -4.8031 1.5354 1.3425, -4.6457 1.5354 1.3425, -3.8189 1.7323 1.3425, -3.8189 1.7323 1.0039, -3.8189 1.5354 1.3425, -3.8189 1.5354 1.0039, -4.0551 1.5354 1.3425, -4.0551 1.5354 1.0039, -4.0551 1.7323 1.3425, -4.0551 1.7323 1.0039, -4.0157 1.5354 1.3425, -3.8583 1.5354 1.3425, -3.0315 1.7323 1.3425, -3.0315 1.7323 1.0039, -3.0315 1.5354 1.3425, -3.0315 1.5354 1.0039, -3.2677 1.5354 1.3425, -3.2677 1.5354 1.0039, -3.2677 1.7323 1.3425, -3.2677 1.7323 1.0039, -3.2283 1.5354 1.3425, -3.0709 1.5354 1.3425, -2.2441 1.7323 1.3425, -2.2441 1.7323 1.0039, -2.2441 1.5354 1.3425, -2.2441 1.5354 1.0039, -2.4803 1.5354 1.3425, -2.4803 1.5354 1.0039, -2.4803 1.7323 1.3425, -2.4803 1.7323 1.0039, -2.4409 1.5354 1.3425, -2.2835 1.5354 1.3425, -1.4567 1.7323 1.3425, -1.4567 1.7323 1.0039, -1.4567 1.5354 1.3425, -1.4567 1.5354 1.0039, -1.6929 1.5354 1.3425, -1.6929 1.5354 1.0039, -1.6929 1.7323 1.3425, -1.6929 1.7323 1.0039, -1.6535 1.5354 1.3425, -1.4961 1.5354 1.3425, -0.6693 1.7323 1.3425, -0.6693 1.7323 1.0039, -0.6693 1.5354 1.3425, -0.6693 1.5354 1.0039, -0.9055 1.5354 1.3425, -0.9055 1.5354 1.0039, -0.9055 1.7323 1.3425, -0.9055 1.7323 1.0039, -0.8661 1.5354 1.3425, -0.7087 1.5354 1.3425, -0.7087 1.5354 1.3425
            ]
        }
        coordIndex [
            0,1,2,-1,2,1,3,-1,4,5,6,-1,6,5,7,-1,8,9,10,-1,10,9,11,-1,12,13,14,-1,14,13,15,-1,16,17,18,-1,18,17,19,-1,20,21,22,-1,22,21,23,-1,24,25,26,-1,26,25,27,-1,28,29,30,-1,30,29,31,-1,32,33,34,-1,34,33,35,-1,36,37,38,-1,38,37,39,-1,40,41,42,-1,42,41,43,-1,44,45,46,-1,46,45,47,-1,48,49,50,-1,50,49,51,-1,52,53,54,-1,54,53,55,-1,52,54,56,-1,56,54,48,-1,56,48,57,-1,57,48,50,-1,58,59,60,-1,60,59,61,-1,62,63,64,-1,64,63,65,-1,62,64,66,-1,66,64,58,-1,66,58,67,-1,67,58,60,-1,68,69,70,-1,70,69,71,-1,72,73,74,-1,74,73,75,-1,72,74,76,-1,76,74,68,-1,76,68,77,-1,77,68,70,-1,78,79,80,-1,80,79,81,-1,82,83,84,-1,84,83,85,-1,82,84,86,-1,86,84,78,-1,86,78,87,-1,87,78,80,-1,88,89,90,-1,90,89,91,-1,92,93,94,-1,94,93,95,-1,92,94,96,-1,96,94,88,-1,96,88,97,-1,97,88,90,-1,98,99,100,-1,100,99,101,-1,102,103,104,-1,104,103,105,-1,102,104,106,-1,106,104,98,-1,106,98,107,-1,107,98,100,-1,
        ]
    }
}
Shape{
    appearance Appearance {
        material  Material 	{
            diffuseColor 0.7686274509803922 0.7686274509803922 0.7686274509803922
            specularColor 0.615686274509804 0.615686274509804 0.615686274509804
            ambientIntensity 0.2
            transparency 0
            shininess 0.5
        }
    }
    geometry IndexedFaceSet {
        ccw TRUE
        solid FALSE
        coord DEF co Coordinate {
            point [
                -0.8661 1.6339 1.0472, -0.7087 1.6339 1.0472, -0.8661 1.632 1.066, -0.7087 1.632 1.066, -0.8661 1.6305 1.0706, -0.7087 1.6305 1.0706, -0.8661 1.6247 1.0886, -0.7087 1.6247 1.0886, -0.8661 1.6222 1.0934, -0.7087 1.6222 1.0934, -0.8661 1.6202 1.0972, -0.7087 1.6202 1.0972, -0.8661 1.6088 1.112, -0.7087 1.6088 1.112, -0.8661 1.605 1.1169, -0.7087 1.605 1.1168, -0.8661 1.5906 1.1282, -0.7087 1.5906 1.1282, -0.8661 1.5866 1.1313, -0.7087 1.5866 1.1313, -0.8661 1.5759 1.137, -0.7087 1.5759 1.1369, -0.8661 1.5696 1.1392, -0.7087 1.5696 1.1392, -0.8661 1.5553 1.1441, -0.7087 1.5553 1.1441, -0.8661 1.5527 1.1444, -0.7087 1.5527 1.1444, -0.7087 1.5425 1.1455, -0.7087 1.5354 1.1457, -0.8661 1.5354 1.1457, -0.7087 1.5422 1.1455, -0.8661 1.5421 1.1455, -0.8661 1.5425 1.1455, -0.689 1.6513 1.0698, -0.689 1.6535 1.0472, -0.689 1.811 1.0472, -0.689 1.6372 1.1071, -0.689 1.7359 1.2364, -0.689 1.6189 1.1308, -0.689 1.7303 1.2421, -0.689 1.5969 1.1481, -0.689 1.5354 1.3228, -0.689 1.5354 1.1654, -0.689 1.5508 1.3223, -0.689 1.5429 1.1652, -0.689 1.5972 1.3154, -0.689 1.5591 1.1635, -0.689 1.6411 1.3018, -0.689 1.5841 1.1549, -0.689 1.6556 1.2953, -0.689 1.695 1.2719, -0.689 1.8072 1.0923, -0.689 1.8021 1.1159, -0.689 1.6425 1.0968, -0.689 1.7867 1.1598, -0.689 1.7641 1.2008, -0.7087 1.8307 1.0472, -0.8661 1.8307 1.0472, -0.7087 1.8266 1.0956, -0.8661 1.8266 1.0956, -0.7087 1.8218 1.1182, -0.8661 1.8218 1.1182, -0.7087 1.8212 1.1208, -0.8661 1.8212 1.1208, -0.7087 1.8047 1.1678, -0.8661 1.8047 1.1678, -0.7087 1.7949 1.1856, -0.8661 1.7949 1.1856, -0.7087 1.7805 1.2117, -0.8661 1.7805 1.2117, -0.7087 1.7564 1.2421, -0.8661 1.7564 1.2421, -0.7087 1.7502 1.2498, -0.8661 1.7502 1.2499, -0.7087 1.7442 1.256, -0.8661 1.7442 1.256, -0.7087 1.7064 1.288, -0.8661 1.7064 1.288, -0.7087 1.7017 1.2907, -0.8661 1.7017 1.2907, -0.7087 1.6642 1.313, -0.8661 1.6642 1.313, -0.7087 1.6486 1.32, -0.8661 1.6486 1.32, -0.7087 1.6376 1.3234, -0.8661 1.6376 1.3234, -0.7087 1.6016 1.3346, -0.8661 1.6015 1.3346, -0.7087 1.5689 1.3394, -0.8661 1.5689 1.3394, -0.7087 1.5522 1.3419, -0.8661 1.5521 1.3419, -0.7087 1.5354 1.3425, -0.8661 1.5354 1.3425, -0.8858 1.5354 1.1654, -0.8858 1.5354 1.3228, -0.8858 1.5429 1.1652, -0.8858 1.5508 1.3223, -0.8858 1.5591 1.1635, -0.8858 1.5972 1.3154, -0.8858 1.584 1.1549, -0.8858 1.811 1.0472, -0.8858 1.6535 1.0472, -0.8858 1.8072 1.0923, -0.8858 1.6513 1.0699, -0.8858 1.8021 1.1159, -0.8858 1.6425 1.0968, -0.8858 1.6189 1.1308, -0.8858 1.7359 1.2364, -0.8858 1.6372 1.1071, -0.8858 1.7641 1.2008, -0.8858 1.7867 1.1598, -0.8858 1.6411 1.3018, -0.8858 1.6556 1.2953, -0.8858 1.5969 1.1481, -0.8858 1.695 1.2719, -0.8858 1.7303 1.2421, -0.8661 1.6339 0.2953, -0.7087 1.6339 0.2953, -0.689 1.811 0.2953, -0.689 1.6535 0.2953, -0.8661 1.8307 0.2953, -0.7087 1.8307 0.2953, -0.8858 1.6535 0.2953, -0.8858 1.811 0.2953, -0.8661 1.6439 0.2189, -0.7087 1.6439 0.2189, -0.8661 1.6734 0.1476, -0.7087 1.6734 0.1476, -0.8661 1.7203 0.0865, -0.7087 1.7203 0.0865, -0.8661 1.7815 0.0396, -0.7087 1.7815 0.0396, -0.8661 1.8527 0.0101, -0.7087 1.8527 0.0101, -0.8661 1.9291 0.0, -0.7087 1.9291 0.0, -0.689 1.815 0.2647, -0.689 1.6629 0.2239, -0.689 1.8268 0.2362, -0.689 1.6905 0.1575, -0.689 1.8456 0.2118, -0.689 1.7343 0.1004, -0.689 1.8701 0.193, -0.689 1.7913 0.0566, -0.689 1.8986 0.1812, -0.689 1.8578 0.0291, -0.689 1.9291 0.1772, -0.689 1.9291 0.0197, -0.7087 1.9291 0.1969, -0.8661 1.9291 0.1969, -0.7087 1.9037 0.2002, -0.8661 1.9037 0.2002, -0.7087 1.8799 0.21, -0.8661 1.8799 0.21, -0.7087 1.8595 0.2257, -0.8661 1.8595 0.2257, -0.7087 1.8439 0.2461, -0.8661 1.8439 0.2461, -0.7087 1.8341 0.2698, -0.8661 1.8341 0.2698, -0.8858 1.9291 0.1772, -0.8858 1.9291 0.0197, -0.8858 1.8986 0.1812, -0.8858 1.8578 0.0291, -0.8858 1.8701 0.193, -0.8858 1.7913 0.0566, -0.8858 1.8456 0.2118, -0.8858 1.7343 0.1004, -0.8858 1.8268 0.2362, -0.8858 1.6905 0.1575, -0.8858 1.815 0.2647, -0.8858 1.6629 0.2239, -0.8661 2.7559 0.0, -0.7087 2.7559 0.0, -0.689 2.7559 0.1772, -0.689 2.7559 0.0197, -0.7087 2.7559 0.1969, -0.8661 2.7559 0.1969, -0.8858 2.7559 0.0197, -0.8858 2.7559 0.1772, -0.8436 2.9134 0.0612, -0.8436 2.9134 0.1356, -0.8246 2.9134 0.0422, -0.7502 2.9134 0.0422, -0.7312 2.9134 0.1356, -0.7312 2.9134 0.0612, -0.8246 2.9134 0.1547, -0.7502 2.9134 0.1547, -0.843 2.9134 0.1406, -0.8422 2.9134 0.143, -0.8296 2.9134 0.154, -0.832 2.9134 0.1532, -0.7318 2.9134 0.0562, -0.7428 2.9134 0.0436, -0.7452 2.9134 0.0428, -0.7452 2.9134 0.154, -0.7326 2.9134 0.143, -0.7318 2.9134 0.1406, -0.7428 2.9134 0.1532, -0.7406 2.9134 0.1521, -0.7337 2.9134 0.1452, -0.8296 2.9134 0.0428, -0.8422 2.9134 0.0538, -0.843 2.9134 0.0562, -0.8342 2.9134 0.1521, -0.8411 2.9134 0.1452, -0.8363 2.9134 0.1508, -0.8398 2.9134 0.1473, -0.8381 2.9134 0.1492, -0.7326 2.9134 0.0538, -0.7337 2.9134 0.0516, -0.7406 2.9134 0.0447, -0.735 2.9134 0.0495, -0.7385 2.9134 0.0461, -0.7367 2.9134 0.0477, -0.735 2.9134 0.1473, -0.7385 2.9134 0.1508, -0.7367 2.9134 0.1492, -0.832 2.9134 0.0436, -0.8342 2.9134 0.0447, -0.8411 2.9134 0.0516, -0.8363 2.9134 0.0461, -0.8398 2.9134 0.0495, -0.8381 2.9134 0.0477, -0.8661 1.3189 1.1457, -0.7087 1.3189 1.1457, -0.8661 1.2451 1.1457, -0.7087 1.2451 1.1457, -0.8661 1.1442 1.1457, -0.7087 1.1442 1.1457, -0.8661 0.5217 1.1457, -0.7087 0.5217 1.1457, -0.8661 0.3469 1.1457, -0.7087 0.3469 1.1457, -0.8661 -0.0042 1.1457, -0.7087 -0.0042 1.1457, -0.8661 -0.2756 1.1457, -0.7087 -0.2756 1.1457, -0.8858 -0.0042 1.1654, -0.8858 -0.2756 1.1654, -0.8858 -0.2756 1.3228, -0.8858 1.3189 1.3228, -0.8858 1.3189 1.1654, -0.8858 1.2501 1.3228, -0.8858 1.2451 1.1654, -0.8858 0.5217 1.1654, -0.8858 0.5217 1.3228, -0.8858 0.9428 1.3228, -0.7087 1.3189 1.3425, -0.8661 1.3189 1.3425, -0.7087 1.2501 1.3425, -0.8661 1.2501 1.3425, -0.7087 1.1442 1.3425, -0.8661 1.1442 1.3425, -0.7087 0.9428 1.3425, -0.8661 0.9428 1.3425, -0.7087 0.5217 1.3425, -0.8661 0.5217 1.3425, -0.7087 0.3469 1.3425, -0.8661 0.3469 1.3425, -0.8661 -0.2756 1.3425, -0.7087 -0.2756 1.3425, -0.689 1.3189 1.1654, -0.689 1.3189 1.3228, -0.689 1.2501 1.3228, -0.689 1.2451 1.1654, -0.689 0.9428 1.3228, -0.689 0.5217 1.1654, -0.689 0.5217 1.3228, -0.689 -0.0042 1.1654, -0.689 -0.2756 1.3228, -0.689 -0.2756 1.1654, -0.8246 -0.4331 1.1879, -0.7502 -0.4331 1.1879, -0.7312 -0.4331 1.2069, -0.7312 -0.4331 1.2813, -0.7428 -0.4331 1.2989, -0.7452 -0.4331 1.2997, -0.7318 -0.4331 1.2863, -0.7326 -0.4331 1.2887, -0.7406 -0.4331 1.2978, -0.7502 -0.4331 1.3003, -0.8246 -0.4331 1.3003, -0.8436 -0.4331 1.2813, -0.8296 -0.4331 1.2997, -0.832 -0.4331 1.2989, -0.8436 -0.4331 1.2069, -0.843 -0.4331 1.2019, -0.8422 -0.4331 1.1995, -0.7337 -0.4331 1.1973, -0.7326 -0.4331 1.1995, -0.7406 -0.4331 1.1904, -0.7428 -0.4331 1.1893, -0.7452 -0.4331 1.1885, -0.7318 -0.4331 1.2019, -0.7337 -0.4331 1.2909, -0.735 -0.4331 1.293, -0.7385 -0.4331 1.2965, -0.7367 -0.4331 1.2948, -0.735 -0.4331 1.1952, -0.7385 -0.4331 1.1917, -0.7367 -0.4331 1.1934, -0.8381 -0.4331 1.2948, -0.8398 -0.4331 1.293, -0.8363 -0.4331 1.2965, -0.8411 -0.4331 1.2909, -0.8342 -0.4331 1.2978, -0.8422 -0.4331 1.2887, -0.843 -0.4331 1.2863, -0.8381 -0.4331 1.1934, -0.8363 -0.4331 1.1917, -0.8398 -0.4331 1.1952, -0.8342 -0.4331 1.1904, -0.8411 -0.4331 1.1973, -0.832 -0.4331 1.1893, -0.8296 -0.4331 1.1885, -1.6535 1.6339 1.0472, -1.4961 1.6339 1.0472, -1.6535 1.632 1.066, -1.4961 1.632 1.066, -1.6535 1.6305 1.0706, -1.4961 1.6305 1.0706, -1.6535 1.6247 1.0886, -1.4961 1.6247 1.0886, -1.6535 1.6222 1.0934, -1.4961 1.6222 1.0934, -1.6535 1.6202 1.0972, -1.4961 1.6202 1.0972, -1.6535 1.6088 1.112, -1.4961 1.6088 1.112, -1.6535 1.605 1.1169, -1.4961 1.605 1.1168, -1.6535 1.5906 1.1282, -1.4961 1.5906 1.1282, -1.6535 1.5866 1.1313, -1.4961 1.5866 1.1313, -1.6535 1.5759 1.137, -1.4961 1.5759 1.1369, -1.6535 1.5696 1.1392, -1.4961 1.5696 1.1392, -1.6535 1.5553 1.1441, -1.4961 1.5553 1.1441, -1.6535 1.5527 1.1444, -1.4961 1.5527 1.1444, -1.4961 1.5425 1.1455, -1.4961 1.5354 1.1457, -1.6535 1.5354 1.1457, -1.4961 1.5422 1.1455, -1.6535 1.5421 1.1455, -1.6535 1.5425 1.1455, -1.4764 1.6513 1.0698, -1.4764 1.6535 1.0472, -1.4764 1.811 1.0472, -1.4764 1.6372 1.1071, -1.4764 1.7359 1.2364, -1.4764 1.6189 1.1308, -1.4764 1.7303 1.2421, -1.4764 1.5969 1.1481, -1.4764 1.5354 1.3228, -1.4764 1.5354 1.1654, -1.4764 1.5508 1.3223, -1.4764 1.5429 1.1652, -1.4764 1.5972 1.3154, -1.4764 1.5591 1.1635, -1.4764 1.6411 1.3018, -1.4764 1.5841 1.1549, -1.4764 1.6556 1.2953, -1.4764 1.695 1.2719, -1.4764 1.8072 1.0923, -1.4764 1.8021 1.1159, -1.4764 1.6425 1.0968, -1.4764 1.7867 1.1598, -1.4764 1.7641 1.2008, -1.4961 1.8307 1.0472, -1.6535 1.8307 1.0472, -1.4961 1.8266 1.0956, -1.6535 1.8266 1.0956, -1.4961 1.8218 1.1182, -1.6535 1.8218 1.1182, -1.4961 1.8212 1.1208, -1.6535 1.8212 1.1208, -1.4961 1.8047 1.1678, -1.6535 1.8047 1.1678, -1.4961 1.7949 1.1856, -1.6535 1.7949 1.1856, -1.4961 1.7805 1.2117, -1.6535 1.7805 1.2117, -1.4961 1.7564 1.2421, -1.6535 1.7564 1.2421, -1.4961 1.7502 1.2498, -1.6535 1.7502 1.2499, -1.4961 1.7442 1.256, -1.6535 1.7442 1.256, -1.4961 1.7064 1.288, -1.6535 1.7064 1.288, -1.4961 1.7017 1.2907, -1.6535 1.7017 1.2907, -1.4961 1.6642 1.313, -1.6535 1.6642 1.313, -1.4961 1.6486 1.32, -1.6535 1.6486 1.32, -1.4961 1.6376 1.3234, -1.6535 1.6376 1.3234, -1.4961 1.6016 1.3346, -1.6535 1.6015 1.3346, -1.4961 1.5689 1.3394, -1.6535 1.5689 1.3394, -1.4961 1.5522 1.3419, -1.6535 1.5521 1.3419, -1.4961 1.5354 1.3425, -1.6535 1.5354 1.3425, -1.6732 1.5354 1.1654, -1.6732 1.5354 1.3228, -1.6732 1.5429 1.1652, -1.6732 1.5508 1.3223, -1.6732 1.5591 1.1635, -1.6732 1.5972 1.3154, -1.6732 1.584 1.1549, -1.6732 1.811 1.0472, -1.6732 1.6535 1.0472, -1.6732 1.8072 1.0923, -1.6732 1.6513 1.0699, -1.6732 1.8021 1.1159, -1.6732 1.6425 1.0968, -1.6732 1.6189 1.1308, -1.6732 1.7359 1.2364, -1.6732 1.6372 1.1071, -1.6732 1.7641 1.2008, -1.6732 1.7867 1.1598, -1.6732 1.6411 1.3018, -1.6732 1.6556 1.2953, -1.6732 1.5969 1.1481, -1.6732 1.695 1.2719, -1.6732 1.7303 1.2421, -1.6535 1.6339 0.2953, -1.4961 1.6339 0.2953, -1.4764 1.811 0.2953, -1.4764 1.6535 0.2953, -1.6535 1.8307 0.2953, -1.4961 1.8307 0.2953, -1.6732 1.6535 0.2953, -1.6732 1.811 0.2953, -1.6535 1.6439 0.2189, -1.4961 1.6439 0.2189, -1.6535 1.6734 0.1476, -1.4961 1.6734 0.1476, -1.6535 1.7203 0.0865, -1.4961 1.7203 0.0865, -1.6535 1.7815 0.0396, -1.4961 1.7815 0.0396, -1.6535 1.8527 0.0101, -1.4961 1.8527 0.0101, -1.6535 1.9291 0.0, -1.4961 1.9291 0.0, -1.4764 1.815 0.2647, -1.4764 1.6629 0.2239, -1.4764 1.8268 0.2362, -1.4764 1.6905 0.1575, -1.4764 1.8456 0.2118, -1.4764 1.7343 0.1004, -1.4764 1.8701 0.193, -1.4764 1.7913 0.0566, -1.4764 1.8986 0.1812, -1.4764 1.8578 0.0291, -1.4764 1.9291 0.1772, -1.4764 1.9291 0.0197, -1.4961 1.9291 0.1969, -1.6535 1.9291 0.1969, -1.4961 1.9037 0.2002, -1.6535 1.9037 0.2002, -1.4961 1.8799 0.21, -1.6535 1.8799 0.21, -1.4961 1.8595 0.2257, -1.6535 1.8595 0.2257, -1.4961 1.8439 0.2461, -1.6535 1.8439 0.2461, -1.4961 1.8341 0.2698, -1.6535 1.8341 0.2698, -1.6732 1.9291 0.1772, -1.6732 1.9291 0.0197, -1.6732 1.8986 0.1812, -1.6732 1.8578 0.0291, -1.6732 1.8701 0.193, -1.6732 1.7913 0.0566, -1.6732 1.8456 0.2118, -1.6732 1.7343 0.1004, -1.6732 1.8268 0.2362, -1.6732 1.6905 0.1575, -1.6732 1.815 0.2647, -1.6732 1.6629 0.2239, -1.6535 2.7559 0.0, -1.4961 2.7559 0.0, -1.4764 2.7559 0.1772, -1.4764 2.7559 0.0197, -1.4961 2.7559 0.1969, -1.6535 2.7559 0.1969, -1.6732 2.7559 0.0197, -1.6732 2.7559 0.1772, -1.631 2.9134 0.0612, -1.631 2.9134 0.1356, -1.612 2.9134 0.0422, -1.5376 2.9134 0.0422, -1.5186 2.9134 0.1356, -1.5186 2.9134 0.0612, -1.612 2.9134 0.1547, -1.5376 2.9134 0.1547, -1.528 2.9134 0.0447, -1.5302 2.9134 0.0436, -1.52 2.9134 0.0538, -1.6304 2.9134 0.1406, -1.6194 2.9134 0.1532, -1.617 2.9134 0.154, -1.6296 2.9134 0.143, -1.6285 2.9134 0.1452, -1.6216 2.9134 0.1521, -1.5192 2.9134 0.0562, -1.5326 2.9134 0.0428, -1.5211 2.9134 0.1452, -1.52 2.9134 0.143, -1.528 2.9134 0.1521, -1.5302 2.9134 0.1532, -1.5326 2.9134 0.154, -1.5192 2.9134 0.1406, -1.617 2.9134 0.0428, -1.6296 2.9134 0.0538, -1.6304 2.9134 0.0562, -1.6194 2.9134 0.0436, -1.6216 2.9134 0.0447, -1.6285 2.9134 0.0516, -1.6237 2.9134 0.1508, -1.6272 2.9134 0.1473, -1.6255 2.9134 0.1492, -1.5211 2.9134 0.0516, -1.5224 2.9134 0.0495, -1.5259 2.9134 0.0461, -1.5241 2.9134 0.0477, -1.5224 2.9134 0.1473, -1.5259 2.9134 0.1508, -1.5241 2.9134 0.1492, -1.6272 2.9134 0.0495, -1.6237 2.9134 0.0461, -1.6255 2.9134 0.0477, -1.6535 1.3189 1.1457, -1.4961 1.3189 1.1457, -1.6535 1.2451 1.1457, -1.4961 1.2451 1.1457, -1.6535 1.1442 1.1457, -1.4961 1.1442 1.1457, -1.6535 0.5217 1.1457, -1.4961 0.5217 1.1457, -1.6535 0.3469 1.1457, -1.4961 0.3469 1.1457, -1.6535 -0.0042 1.1457, -1.4961 -0.0042 1.1457, -1.6535 -0.2756 1.1457, -1.4961 -0.2756 1.1457, -1.6732 -0.0042 1.1654, -1.6732 -0.2756 1.1654, -1.6732 -0.2756 1.3228, -1.6732 1.3189 1.3228, -1.6732 1.3189 1.1654, -1.6732 1.2501 1.3228, -1.6732 1.2451 1.1654, -1.6732 0.5217 1.1654, -1.6732 0.5217 1.3228, -1.6732 0.9428 1.3228, -1.4961 1.3189 1.3425, -1.6535 1.3189 1.3425, -1.4961 1.2501 1.3425, -1.6535 1.2501 1.3425, -1.4961 1.1442 1.3425, -1.6535 1.1442 1.3425, -1.4961 0.9428 1.3425, -1.6535 0.9428 1.3425, -1.4961 0.5217 1.3425, -1.6535 0.5217 1.3425, -1.4961 0.3469 1.3425, -1.6535 0.3469 1.3425, -1.6535 -0.2756 1.3425, -1.4961 -0.2756 1.3425, -1.4764 1.3189 1.1654, -1.4764 1.3189 1.3228, -1.4764 1.2501 1.3228, -1.4764 1.2451 1.1654, -1.4764 0.9428 1.3228, -1.4764 0.5217 1.1654, -1.4764 0.5217 1.3228, -1.4764 -0.0042 1.1654, -1.4764 -0.2756 1.3228, -1.4764 -0.2756 1.1654, -1.631 -0.4331 1.2813, -1.631 -0.4331 1.2069, -1.5186 -0.4331 1.2069, -1.612 -0.4331 1.1879, -1.5376 -0.4331 1.1879, -1.5186 -0.4331 1.2813, -1.5376 -0.4331 1.3003, -1.612 -0.4331 1.3003, -1.6216 -0.4331 1.1904, -1.6194 -0.4331 1.1893, -1.6296 -0.4331 1.1995, -1.5211 -0.4331 1.1973, -1.52 -0.4331 1.1995, -1.528 -0.4331 1.1904, -1.5302 -0.4331 1.1893, -1.5326 -0.4331 1.1885, -1.5192 -0.4331 1.2019, -1.528 -0.4331 1.2978, -1.5302 -0.4331 1.2989, -1.5211 -0.4331 1.2909, -1.52 -0.4331 1.2887, -1.5192 -0.4331 1.2863, -1.5326 -0.4331 1.2997, -1.6304 -0.4331 1.2019, -1.617 -0.4331 1.1885, -1.6285 -0.4331 1.2909, -1.6296 -0.4331 1.2887, -1.6216 -0.4331 1.2978, -1.6194 -0.4331 1.2989, -1.617 -0.4331 1.2997, -1.6304 -0.4331 1.2863, -1.5224 -0.4331 1.1952, -1.5259 -0.4331 1.1917, -1.5241 -0.4331 1.1934, -1.5259 -0.4331 1.2965, -1.5224 -0.4331 1.293, -1.5241 -0.4331 1.2948, -1.6285 -0.4331 1.1973, -1.6272 -0.4331 1.1952, -1.6237 -0.4331 1.1917, -1.6255 -0.4331 1.1934, -1.6272 -0.4331 1.293, -1.6237 -0.4331 1.2965, -1.6255 -0.4331 1.2948, -2.4409 1.6339 1.0472, -2.2835 1.6339 1.0472, -2.4409 1.632 1.066, -2.2835 1.632 1.066, -2.4409 1.6305 1.0706, -2.2835 1.6305 1.0706, -2.4409 1.6247 1.0886, -2.2835 1.6247 1.0886, -2.4409 1.6222 1.0934, -2.2835 1.6222 1.0934, -2.4409 1.6202 1.0972, -2.2835 1.6202 1.0972, -2.4409 1.6088 1.112, -2.2835 1.6088 1.112, -2.4409 1.605 1.1169, -2.2835 1.605 1.1168, -2.4409 1.5906 1.1282, -2.2835 1.5906 1.1282, -2.4409 1.5866 1.1313, -2.2835 1.5866 1.1313, -2.4409 1.5759 1.137, -2.2835 1.5759 1.1369, -2.4409 1.5696 1.1392, -2.2835 1.5696 1.1392, -2.4409 1.5553 1.1441, -2.2835 1.5553 1.1441, -2.4409 1.5527 1.1444, -2.2835 1.5527 1.1444, -2.2835 1.5425 1.1455, -2.2835 1.5354 1.1457, -2.4409 1.5354 1.1457, -2.2835 1.5422 1.1455, -2.4409 1.5421 1.1455, -2.4409 1.5425 1.1455, -2.2638 1.6513 1.0698, -2.2638 1.6535 1.0472, -2.2638 1.811 1.0472, -2.2638 1.6372 1.1071, -2.2638 1.7359 1.2364, -2.2638 1.6189 1.1308, -2.2638 1.7303 1.2421, -2.2638 1.5969 1.1481, -2.2638 1.5354 1.3228, -2.2638 1.5354 1.1654, -2.2638 1.5508 1.3223, -2.2638 1.5429 1.1652, -2.2638 1.5972 1.3154, -2.2638 1.5591 1.1635, -2.2638 1.6411 1.3018, -2.2638 1.5841 1.1549, -2.2638 1.6556 1.2953, -2.2638 1.695 1.2719, -2.2638 1.8072 1.0923, -2.2638 1.8021 1.1159, -2.2638 1.6425 1.0968, -2.2638 1.7867 1.1598, -2.2638 1.7641 1.2008, -2.2835 1.8307 1.0472, -2.4409 1.8307 1.0472, -2.2835 1.8266 1.0956, -2.4409 1.8266 1.0956, -2.2835 1.8218 1.1182, -2.4409 1.8218 1.1182, -2.2835 1.8212 1.1208, -2.4409 1.8212 1.1208, -2.2835 1.8047 1.1678, -2.4409 1.8047 1.1678, -2.2835 1.7949 1.1856, -2.4409 1.7949 1.1856, -2.2835 1.7805 1.2117, -2.4409 1.7805 1.2117, -2.2835 1.7564 1.2421, -2.4409 1.7564 1.2421, -2.2835 1.7502 1.2498, -2.4409 1.7502 1.2499, -2.2835 1.7442 1.256, -2.4409 1.7442 1.256, -2.2835 1.7064 1.288, -2.4409 1.7064 1.288, -2.2835 1.7017 1.2907, -2.4409 1.7017 1.2907, -2.2835 1.6642 1.313, -2.4409 1.6642 1.313, -2.2835 1.6486 1.32, -2.4409 1.6486 1.32, -2.2835 1.6376 1.3234, -2.4409 1.6376 1.3234, -2.2835 1.6016 1.3346, -2.4409 1.6015 1.3346, -2.2835 1.5689 1.3394, -2.4409 1.5689 1.3394, -2.2835 1.5522 1.3419, -2.4409 1.5521 1.3419, -2.2835 1.5354 1.3425, -2.4409 1.5354 1.3425, -2.4606 1.5354 1.1654, -2.4606 1.5354 1.3228, -2.4606 1.5429 1.1652, -2.4606 1.5508 1.3223, -2.4606 1.5591 1.1635, -2.4606 1.5972 1.3154, -2.4606 1.584 1.1549, -2.4606 1.811 1.0472, -2.4606 1.6535 1.0472, -2.4606 1.8072 1.0923, -2.4606 1.6513 1.0699, -2.4606 1.8021 1.1159, -2.4606 1.6425 1.0968, -2.4606 1.6189 1.1308, -2.4606 1.7359 1.2364, -2.4606 1.6372 1.1071, -2.4606 1.7641 1.2008, -2.4606 1.7867 1.1598, -2.4606 1.6411 1.3018, -2.4606 1.6556 1.2953, -2.4606 1.5969 1.1481, -2.4606 1.695 1.2719, -2.4606 1.7303 1.2421, -2.4409 1.6339 0.2953, -2.2835 1.6339 0.2953, -2.2638 1.811 0.2953, -2.2638 1.6535 0.2953, -2.4409 1.8307 0.2953, -2.2835 1.8307 0.2953, -2.4606 1.6535 0.2953, -2.4606 1.811 0.2953, -2.4409 1.6439 0.2189, -2.2835 1.6439 0.2189, -2.4409 1.6734 0.1476, -2.2835 1.6734 0.1476, -2.4409 1.7203 0.0865, -2.2835 1.7203 0.0865, -2.4409 1.7815 0.0396, -2.2835 1.7815 0.0396, -2.4409 1.8527 0.0101, -2.2835 1.8527 0.0101, -2.4409 1.9291 0.0, -2.2835 1.9291 0.0, -2.2638 1.815 0.2647, -2.2638 1.6629 0.2239, -2.2638 1.8268 0.2362, -2.2638 1.6905 0.1575, -2.2638 1.8456 0.2118, -2.2638 1.7343 0.1004, -2.2638 1.8701 0.193, -2.2638 1.7913 0.0566, -2.2638 1.8986 0.1812, -2.2638 1.8578 0.0291, -2.2638 1.9291 0.1772, -2.2638 1.9291 0.0197, -2.2835 1.9291 0.1969, -2.4409 1.9291 0.1969, -2.2835 1.9037 0.2002, -2.4409 1.9037 0.2002, -2.2835 1.8799 0.21, -2.4409 1.8799 0.21, -2.2835 1.8595 0.2257, -2.4409 1.8595 0.2257, -2.2835 1.8439 0.2461, -2.4409 1.8439 0.2461, -2.2835 1.8341 0.2698, -2.4409 1.8341 0.2698, -2.4606 1.9291 0.1772, -2.4606 1.9291 0.0197, -2.4606 1.8986 0.1812, -2.4606 1.8578 0.0291, -2.4606 1.8701 0.193, -2.4606 1.7913 0.0566, -2.4606 1.8456 0.2118, -2.4606 1.7343 0.1004, -2.4606 1.8268 0.2362, -2.4606 1.6905 0.1575, -2.4606 1.815 0.2647, -2.4606 1.6629 0.2239, -2.4409 2.7559 0.0, -2.2835 2.7559 0.0, -2.2638 2.7559 0.1772, -2.2638 2.7559 0.0197, -2.2835 2.7559 0.1969, -2.4409 2.7559 0.1969, -2.4606 2.7559 0.0197, -2.4606 2.7559 0.1772, -2.4044 2.9134 0.154, -2.3994 2.9134 0.1547, -2.4184 2.9134 0.1356, -2.409 2.9134 0.1521, -2.4068 2.9134 0.1532, -2.417 2.9134 0.143, -2.3994 2.9134 0.0422, -2.325 2.9134 0.0422, -2.325 2.9134 0.1547, -2.4159 2.9134 0.0516, -2.417 2.9134 0.0538, -2.4068 2.9134 0.0436, -2.4184 2.9134 0.0612, -2.4178 2.9134 0.0562, -2.4178 2.9134 0.1406, -2.306 2.9134 0.1356, -2.306 2.9134 0.0612, -2.32 2.9134 0.0428, -2.3154 2.9134 0.0447, -2.3176 2.9134 0.0436, -2.3074 2.9134 0.0538, -2.4044 2.9134 0.0428, -2.3085 2.9134 0.1452, -2.3074 2.9134 0.143, -2.3154 2.9134 0.1521, -2.3176 2.9134 0.1532, -2.32 2.9134 0.154, -2.3066 2.9134 0.1406, -2.3066 2.9134 0.0562, -2.4159 2.9134 0.1452, -2.4146 2.9134 0.1473, -2.4111 2.9134 0.1508, -2.4129 2.9134 0.1492, -2.409 2.9134 0.0447, -2.4111 2.9134 0.0461, -2.4146 2.9134 0.0495, -2.4129 2.9134 0.0477, -2.3098 2.9134 0.1473, -2.3133 2.9134 0.1508, -2.3115 2.9134 0.1492, -2.3085 2.9134 0.0516, -2.3098 2.9134 0.0495, -2.3133 2.9134 0.0461, -2.3115 2.9134 0.0477, -2.2835 1.3189 1.1457, -2.2835 1.2451 1.1457, -2.3377 1.3189 1.1457, -2.2835 1.1442 1.1457, -2.4241 1.3189 1.1457, -2.2835 -0.2756 1.1457, -2.4409 -0.2756 1.1457, -2.2835 -0.0042 1.1457, -2.4409 -0.0042 1.1457, -2.2835 0.3469 1.1457, -2.4409 0.3469 1.1457, -2.2835 0.5217 1.1457, -2.4409 0.5217 1.1457, -2.4409 1.1442 1.1457, -2.4409 1.2451 1.1457, -2.4409 1.3189 1.1457, -2.4606 1.3189 1.3228, -2.4606 1.3189 1.1654, -2.4606 1.2501 1.3228, -2.4606 1.2451 1.1654, -2.4606 0.9428 1.3228, -2.4606 0.5217 1.3228, -2.4606 0.5217 1.1654, -2.4606 -0.2756 1.3228, -2.4606 -0.0042 1.1654, -2.4606 -0.2756 1.1654, -2.2835 1.2501 1.3425, -2.2835 1.3189 1.3425, -2.3377 1.3189 1.3425, -2.4409 1.3189 1.3425, -2.4409 1.2501 1.3425, -2.4241 1.3189 1.3425, -2.4409 1.1442 1.3425, -2.2835 1.1442 1.3425, -2.2835 0.9428 1.3425, -2.4409 0.9428 1.3425, -2.2835 0.5217 1.3425, -2.4409 0.5217 1.3425, -2.2835 0.3469 1.3425, -2.4409 0.3469 1.3425, -2.4409 -0.2756 1.3425, -2.2835 -0.2756 1.3425, -2.2638 1.3189 1.1654, -2.2638 1.3189 1.3228, -2.2638 1.2501 1.3228, -2.2638 1.2451 1.1654, -2.2638 0.9428 1.3228, -2.2638 0.5217 1.1654, -2.2638 0.5217 1.3228, -2.2638 -0.0042 1.1654, -2.2638 -0.2756 1.3228, -2.2638 -0.2756 1.1654, -2.3066 -0.4331 1.2019, -2.306 -0.4331 1.2069, -2.325 -0.4331 1.1879, -2.325 -0.4331 1.3003, -2.3994 -0.4331 1.3003, -2.4184 -0.4331 1.2813, -2.409 -0.4331 1.1904, -2.4068 -0.4331 1.1893, -2.417 -0.4331 1.1995, -2.3994 -0.4331 1.1879, -2.3085 -0.4331 1.1973, -2.3074 -0.4331 1.1995, -2.3176 -0.4331 1.1893, -2.3154 -0.4331 1.2978, -2.3176 -0.4331 1.2989, -2.3074 -0.4331 1.2887, -2.32 -0.4331 1.2997, -2.306 -0.4331 1.2813, -2.4184 -0.4331 1.2069, -2.4159 -0.4331 1.2909, -2.417 -0.4331 1.2887, -2.4068 -0.4331 1.2989, -2.4178 -0.4331 1.2019, -2.4044 -0.4331 1.1885, -2.4044 -0.4331 1.2997, -2.4178 -0.4331 1.2863, -2.32 -0.4331 1.1885, -2.3066 -0.4331 1.2863, -2.4159 -0.4331 1.1973, -2.4146 -0.4331 1.1952, -2.4111 -0.4331 1.1917, -2.4129 -0.4331 1.1934, -2.409 -0.4331 1.2978, -2.4111 -0.4331 1.2965, -2.4146 -0.4331 1.293, -2.4129 -0.4331 1.2948, -2.3154 -0.4331 1.1904, -2.3133 -0.4331 1.1917, -2.3098 -0.4331 1.1952, -2.3115 -0.4331 1.1934, -2.3085 -0.4331 1.2909, -2.3098 -0.4331 1.293, -2.3133 -0.4331 1.2965, -2.3115 -0.4331 1.2948, -3.2283 1.6339 1.0472, -3.0709 1.6339 1.0472, -3.2283 1.632 1.066, -3.0709 1.632 1.066, -3.2283 1.6305 1.0706, -3.0709 1.6305 1.0706, -3.2283 1.6247 1.0886, -3.0709 1.6247 1.0886, -3.2283 1.6222 1.0934, -3.0709 1.6222 1.0934, -3.2283 1.6202 1.0972, -3.0709 1.6202 1.0972, -3.2283 1.6088 1.112, -3.0709 1.6088 1.112, -3.2283 1.605 1.1169, -3.0709 1.605 1.1168, -3.2283 1.5906 1.1282, -3.0709 1.5906 1.1282, -3.2283 1.5866 1.1313, -3.0709 1.5866 1.1313, -3.2283 1.5759 1.137, -3.0709 1.5759 1.1369, -3.2283 1.5696 1.1392, -3.0709 1.5696 1.1392, -3.2283 1.5553 1.1441, -3.0709 1.5553 1.1441, -3.2283 1.5527 1.1444, -3.0709 1.5527 1.1444, -3.0709 1.5425 1.1455, -3.0709 1.5354 1.1457, -3.2283 1.5354 1.1457, -3.0709 1.5422 1.1455, -3.2283 1.5421 1.1455, -3.2283 1.5425 1.1455, -3.0512 1.6513 1.0698, -3.0512 1.6535 1.0472, -3.0512 1.811 1.0472, -3.0512 1.6372 1.1071, -3.0512 1.7359 1.2364, -3.0512 1.6189 1.1308, -3.0512 1.7303 1.2421, -3.0512 1.5969 1.1481, -3.0512 1.5354 1.3228, -3.0512 1.5354 1.1654, -3.0512 1.5508 1.3223, -3.0512 1.5429 1.1652, -3.0512 1.5972 1.3154, -3.0512 1.5591 1.1635, -3.0512 1.6411 1.3018, -3.0512 1.5841 1.1549, -3.0512 1.6556 1.2953, -3.0512 1.695 1.2719, -3.0512 1.8072 1.0923, -3.0512 1.8021 1.1159, -3.0512 1.6425 1.0968, -3.0512 1.7867 1.1598, -3.0512 1.7641 1.2008, -3.0709 1.8307 1.0472, -3.2283 1.8307 1.0472, -3.0709 1.8266 1.0956, -3.2283 1.8266 1.0956, -3.0709 1.8218 1.1182, -3.2283 1.8218 1.1182, -3.0709 1.8212 1.1208, -3.2283 1.8212 1.1208, -3.0709 1.8047 1.1678, -3.2283 1.8047 1.1678, -3.0709 1.7949 1.1856, -3.2283 1.7949 1.1856, -3.0709 1.7805 1.2117, -3.2283 1.7805 1.2117, -3.0709 1.7564 1.2421, -3.2283 1.7564 1.2421, -3.0709 1.7502 1.2498, -3.2283 1.7502 1.2499, -3.0709 1.7442 1.256, -3.2283 1.7442 1.256, -3.0709 1.7064 1.288, -3.2283 1.7064 1.288, -3.0709 1.7017 1.2907, -3.2283 1.7017 1.2907, -3.0709 1.6642 1.313, -3.2283 1.6642 1.313, -3.0709 1.6486 1.32, -3.2283 1.6486 1.32, -3.0709 1.6376 1.3234, -3.2283 1.6376 1.3234, -3.0709 1.6016 1.3346, -3.2283 1.6015 1.3346, -3.0709 1.5689 1.3394, -3.2283 1.5689 1.3394, -3.0709 1.5522 1.3419, -3.2283 1.5521 1.3419, -3.0709 1.5354 1.3425, -3.2283 1.5354 1.3425, -3.248 1.5354 1.1654, -3.248 1.5354 1.3228, -3.248 1.5429 1.1652, -3.248 1.5508 1.3223, -3.248 1.5591 1.1635, -3.248 1.5972 1.3154, -3.248 1.584 1.1549, -3.248 1.811 1.0472, -3.248 1.6535 1.0472, -3.248 1.8072 1.0923, -3.248 1.6513 1.0699, -3.248 1.8021 1.1159, -3.248 1.6425 1.0968, -3.248 1.6189 1.1308, -3.248 1.7359 1.2364, -3.248 1.6372 1.1071, -3.248 1.7641 1.2008, -3.248 1.7867 1.1598, -3.248 1.6411 1.3018, -3.248 1.6556 1.2953, -3.248 1.5969 1.1481, -3.248 1.695 1.2719, -3.248 1.7303 1.2421, -3.2283 1.6339 0.2953, -3.0709 1.6339 0.2953, -3.0512 1.811 0.2953, -3.0512 1.6535 0.2953, -3.2283 1.8307 0.2953, -3.0709 1.8307 0.2953, -3.248 1.6535 0.2953, -3.248 1.811 0.2953, -3.2283 1.6439 0.2189, -3.0709 1.6439 0.2189, -3.2283 1.6734 0.1476, -3.0709 1.6734 0.1476, -3.2283 1.7203 0.0865, -3.0709 1.7203 0.0865, -3.2283 1.7815 0.0396, -3.0709 1.7815 0.0396, -3.2283 1.8527 0.0101, -3.0709 1.8527 0.0101, -3.2283 1.9291 0.0, -3.0709 1.9291 0.0, -3.0512 1.815 0.2647, -3.0512 1.6629 0.2239, -3.0512 1.8268 0.2362, -3.0512 1.6905 0.1575, -3.0512 1.8456 0.2118, -3.0512 1.7343 0.1004, -3.0512 1.8701 0.193, -3.0512 1.7913 0.0566, -3.0512 1.8986 0.1812, -3.0512 1.8578 0.0291, -3.0512 1.9291 0.1772, -3.0512 1.9291 0.0197, -3.0709 1.9291 0.1969, -3.2283 1.9291 0.1969, -3.0709 1.9037 0.2002, -3.2283 1.9037 0.2002, -3.0709 1.8799 0.21, -3.2283 1.8799 0.21, -3.0709 1.8595 0.2257, -3.2283 1.8595 0.2257, -3.0709 1.8439 0.2461, -3.2283 1.8439 0.2461, -3.0709 1.8341 0.2698, -3.2283 1.8341 0.2698, -3.248 1.9291 0.1772, -3.248 1.9291 0.0197, -3.248 1.8986 0.1812, -3.248 1.8578 0.0291, -3.248 1.8701 0.193, -3.248 1.7913 0.0566, -3.248 1.8456 0.2118, -3.248 1.7343 0.1004, -3.248 1.8268 0.2362, -3.248 1.6905 0.1575, -3.248 1.815 0.2647, -3.248 1.6629 0.2239, -3.2283 2.7559 0.0, -3.0709 2.7559 0.0, -3.0512 2.7559 0.1772, -3.0512 2.7559 0.0197, -3.0709 2.7559 0.1969, -3.2283 2.7559 0.1969, -3.248 2.7559 0.0197, -3.248 2.7559 0.1772, -3.2058 2.9134 0.0612, -3.2058 2.9134 0.1356, -3.0934 2.9134 0.1356, -3.1868 2.9134 0.1547, -3.1124 2.9134 0.1547, -3.0959 2.9134 0.1452, -3.0948 2.9134 0.143, -3.105 2.9134 0.1532, -3.1964 2.9134 0.1521, -3.1942 2.9134 0.1532, -3.2044 2.9134 0.143, -3.1074 2.9134 0.154, -3.094 2.9134 0.1406, -3.0934 2.9134 0.0612, -3.1124 2.9134 0.0422, -3.1868 2.9134 0.0422, -3.2052 2.9134 0.1406, -3.1918 2.9134 0.154, -3.094 2.9134 0.0562, -3.105 2.9134 0.0436, -3.1074 2.9134 0.0428, -3.0948 2.9134 0.0538, -3.0959 2.9134 0.0516, -3.1028 2.9134 0.0447, -3.2033 2.9134 0.0516, -3.2044 2.9134 0.0538, -3.1942 2.9134 0.0436, -3.1918 2.9134 0.0428, -3.2052 2.9134 0.0562, -3.1028 2.9134 0.1521, -3.1007 2.9134 0.1508, -3.0972 2.9134 0.1473, -3.0989 2.9134 0.1492, -3.2033 2.9134 0.1452, -3.202 2.9134 0.1473, -3.1985 2.9134 0.1508, -3.2003 2.9134 0.1492, -3.1007 2.9134 0.0461, -3.0972 2.9134 0.0495, -3.0989 2.9134 0.0477, -3.1964 2.9134 0.0447, -3.1985 2.9134 0.0461, -3.202 2.9134 0.0495, -3.2003 2.9134 0.0477, -3.0709 -0.2756 1.1457, -3.2283 -0.2756 1.1457, -3.0709 -0.0042 1.1457, -3.2283 -0.0042 1.1457, -3.0709 0.3469 1.1457, -3.2283 0.3469 1.1457, -3.0709 0.5217 1.1457, -3.2283 0.5217 1.1457, -3.0709 1.1442 1.1457, -3.2283 1.1442 1.1457, -3.0709 1.2451 1.1457, -3.2283 1.2451 1.1457, -3.0709 1.3189 1.1457, -3.2283 1.3189 1.1457, -3.248 -0.0042 1.1654, -3.248 -0.2756 1.1654, -3.248 -0.2756 1.3228, -3.248 1.3189 1.3228, -3.248 1.3189 1.1654, -3.248 1.2501 1.3228, -3.248 1.2451 1.1654, -3.248 0.5217 1.1654, -3.248 0.5217 1.3228, -3.248 0.9428 1.3228, -3.0709 1.3189 1.3425, -3.2283 1.3189 1.3425, -3.0709 1.2501 1.3425, -3.2283 1.2501 1.3425, -3.0709 1.1442 1.3425, -3.2283 1.1442 1.3425, -3.0709 0.9428 1.3425, -3.2283 0.9428 1.3425, -3.0709 0.5217 1.3425, -3.2283 0.5217 1.3425, -3.0709 0.3469 1.3425, -3.2283 0.3469 1.3425, -3.2283 -0.2756 1.3425, -3.0709 -0.2756 1.3425, -3.0512 1.3189 1.1654, -3.0512 1.3189 1.3228, -3.0512 1.2501 1.3228, -3.0512 1.2451 1.1654, -3.0512 0.9428 1.3228, -3.0512 0.5217 1.1654, -3.0512 0.5217 1.3228, -3.0512 -0.0042 1.1654, -3.0512 -0.2756 1.3228, -3.0512 -0.2756 1.1654, -3.0934 -0.4331 1.2069, -3.0934 -0.4331 1.2813, -3.2058 -0.4331 1.2813, -3.1124 -0.4331 1.3003, -3.1868 -0.4331 1.3003, -3.094 -0.4331 1.2863, -3.105 -0.4331 1.2989, -3.1074 -0.4331 1.2997, -3.2058 -0.4331 1.2069, -3.1868 -0.4331 1.1879, -3.1124 -0.4331 1.1879, -3.1918 -0.4331 1.2997, -3.1942 -0.4331 1.2989, -3.2052 -0.4331 1.2863, -3.2044 -0.4331 1.2887, -3.2052 -0.4331 1.2019, -3.1942 -0.4331 1.1893, -3.1918 -0.4331 1.1885, -3.2044 -0.4331 1.1995, -3.2033 -0.4331 1.1973, -3.1964 -0.4331 1.1904, -3.1074 -0.4331 1.1885, -3.105 -0.4331 1.1893, -3.094 -0.4331 1.2019, -3.0948 -0.4331 1.1995, -3.0948 -0.4331 1.2887, -3.0959 -0.4331 1.2909, -3.1028 -0.4331 1.2978, -3.0972 -0.4331 1.293, -3.1007 -0.4331 1.2965, -3.0989 -0.4331 1.2948, -3.2033 -0.4331 1.2909, -3.1964 -0.4331 1.2978, -3.202 -0.4331 1.293, -3.1985 -0.4331 1.2965, -3.2003 -0.4331 1.2948, -3.1985 -0.4331 1.1917, -3.202 -0.4331 1.1952, -3.2003 -0.4331 1.1934, -3.0959 -0.4331 1.1973, -3.1028 -0.4331 1.1904, -3.0972 -0.4331 1.1952, -3.1007 -0.4331 1.1917, -3.0989 -0.4331 1.1934, -4.0157 1.6339 1.0472, -3.8583 1.6339 1.0472, -4.0157 1.632 1.066, -3.8583 1.632 1.066, -4.0157 1.6305 1.0706, -3.8583 1.6305 1.0706, -4.0157 1.6247 1.0886, -3.8583 1.6247 1.0886, -4.0157 1.6222 1.0934, -3.8583 1.6222 1.0934, -4.0157 1.6202 1.0972, -3.8583 1.6202 1.0972, -4.0157 1.6088 1.112, -3.8583 1.6088 1.112, -4.0157 1.605 1.1169, -3.8583 1.605 1.1168, -4.0157 1.5906 1.1282, -3.8583 1.5906 1.1282, -4.0157 1.5866 1.1313, -3.8583 1.5866 1.1313, -4.0157 1.5759 1.137, -3.8583 1.5759 1.1369, -4.0157 1.5696 1.1392, -3.8583 1.5696 1.1392, -4.0157 1.5553 1.1441, -3.8583 1.5553 1.1441, -4.0157 1.5527 1.1444, -3.8583 1.5527 1.1444, -3.8583 1.5425 1.1455, -3.8583 1.5354 1.1457, -4.0157 1.5354 1.1457, -3.8583 1.5422 1.1455, -4.0157 1.5421 1.1455, -4.0157 1.5425 1.1455, -3.8386 1.6513 1.0698, -3.8386 1.6535 1.0472, -3.8386 1.811 1.0472, -3.8386 1.6372 1.1071, -3.8386 1.7359 1.2364, -3.8386 1.6189 1.1308, -3.8386 1.7303 1.2421, -3.8386 1.5969 1.1481, -3.8386 1.5354 1.3228, -3.8386 1.5354 1.1654, -3.8386 1.5508 1.3223, -3.8386 1.5429 1.1652, -3.8386 1.5972 1.3154, -3.8386 1.5591 1.1635, -3.8386 1.6411 1.3018, -3.8386 1.5841 1.1549, -3.8386 1.6556 1.2953, -3.8386 1.695 1.2719, -3.8386 1.8072 1.0923, -3.8386 1.8021 1.1159, -3.8386 1.6425 1.0968, -3.8386 1.7867 1.1598, -3.8386 1.7641 1.2008, -3.8583 1.8307 1.0472, -4.0157 1.8307 1.0472, -3.8583 1.8266 1.0956, -4.0157 1.8266 1.0956, -3.8583 1.8218 1.1182, -4.0157 1.8218 1.1182, -3.8583 1.8212 1.1208, -4.0157 1.8212 1.1208, -3.8583 1.8047 1.1678, -4.0157 1.8047 1.1678, -3.8583 1.7949 1.1856, -4.0157 1.7949 1.1856, -3.8583 1.7805 1.2117, -4.0157 1.7805 1.2117, -3.8583 1.7564 1.2421, -4.0157 1.7564 1.2421, -3.8583 1.7502 1.2498, -4.0157 1.7502 1.2499, -3.8583 1.7442 1.256, -4.0157 1.7442 1.256, -3.8583 1.7064 1.288, -4.0157 1.7064 1.288, -3.8583 1.7017 1.2907, -4.0157 1.7017 1.2907, -3.8583 1.6642 1.313, -4.0157 1.6642 1.313, -3.8583 1.6486 1.32, -4.0157 1.6486 1.32, -3.8583 1.6376 1.3234, -4.0157 1.6376 1.3234, -3.8583 1.6016 1.3346, -4.0157 1.6015 1.3346, -3.8583 1.5689 1.3394, -4.0157 1.5689 1.3394, -3.8583 1.5522 1.3419, -4.0157 1.5521 1.3419, -3.8583 1.5354 1.3425, -4.0157 1.5354 1.3425, -4.0354 1.5354 1.1654, -4.0354 1.5354 1.3228, -4.0354 1.5429 1.1652, -4.0354 1.5508 1.3223, -4.0354 1.5591 1.1635, -4.0354 1.5972 1.3154, -4.0354 1.584 1.1549, -4.0354 1.811 1.0472, -4.0354 1.6535 1.0472, -4.0354 1.8072 1.0923, -4.0354 1.6513 1.0699, -4.0354 1.8021 1.1159, -4.0354 1.6425 1.0968, -4.0354 1.6189 1.1308, -4.0354 1.7359 1.2364, -4.0354 1.6372 1.1071, -4.0354 1.7641 1.2008, -4.0354 1.7867 1.1598, -4.0354 1.6411 1.3018, -4.0354 1.6556 1.2953, -4.0354 1.5969 1.1481, -4.0354 1.695 1.2719, -4.0354 1.7303 1.2421, -4.0157 1.6339 0.2953, -3.8583 1.6339 0.2953, -3.8386 1.811 0.2953, -3.8386 1.6535 0.2953, -4.0157 1.8307 0.2953, -3.8583 1.8307 0.2953, -4.0354 1.6535 0.2953, -4.0354 1.811 0.2953, -4.0157 1.6439 0.2189, -3.8583 1.6439 0.2189, -4.0157 1.6734 0.1476, -3.8583 1.6734 0.1476, -4.0157 1.7203 0.0865, -3.8583 1.7203 0.0865, -4.0157 1.7815 0.0396, -3.8583 1.7815 0.0396, -4.0157 1.8527 0.0101, -3.8583 1.8527 0.0101, -4.0157 1.9291 0.0, -3.8583 1.9291 0.0, -3.8386 1.815 0.2647, -3.8386 1.6629 0.2239, -3.8386 1.8268 0.2362, -3.8386 1.6905 0.1575, -3.8386 1.8456 0.2118, -3.8386 1.7343 0.1004, -3.8386 1.8701 0.193, -3.8386 1.7913 0.0566, -3.8386 1.8986 0.1812, -3.8386 1.8578 0.0291, -3.8386 1.9291 0.1772, -3.8386 1.9291 0.0197, -3.8583 1.9291 0.1969, -4.0157 1.9291 0.1969, -3.8583 1.9037 0.2002, -4.0157 1.9037 0.2002, -3.8583 1.8799 0.21, -4.0157 1.8799 0.21, -3.8583 1.8595 0.2257, -4.0157 1.8595 0.2257, -3.8583 1.8439 0.2461, -4.0157 1.8439 0.2461, -3.8583 1.8341 0.2698, -4.0157 1.8341 0.2698, -4.0354 1.9291 0.1772, -4.0354 1.9291 0.0197, -4.0354 1.8986 0.1812, -4.0354 1.8578 0.0291, -4.0354 1.8701 0.193, -4.0354 1.7913 0.0566, -4.0354 1.8456 0.2118, -4.0354 1.7343 0.1004, -4.0354 1.8268 0.2362, -4.0354 1.6905 0.1575, -4.0354 1.815 0.2647, -4.0354 1.6629 0.2239, -4.0157 2.7559 0.0, -3.8583 2.7559 0.0, -3.8386 2.7559 0.1772, -3.8386 2.7559 0.0197, -3.8583 2.7559 0.1969, -4.0157 2.7559 0.1969, -4.0354 2.7559 0.0197, -4.0354 2.7559 0.1772, -3.8808 2.9134 0.1356, -3.8808 2.9134 0.0612, -3.9932 2.9134 0.0612, -3.8998 2.9134 0.0422, -3.9742 2.9134 0.0422, -3.9932 2.9134 0.1356, -3.9742 2.9134 0.1547, -3.8998 2.9134 0.1547, -3.9792 2.9134 0.0428, -3.9816 2.9134 0.0436, -3.9926 2.9134 0.0562, -3.9918 2.9134 0.0538, -3.9926 2.9134 0.1406, -3.9816 2.9134 0.1532, -3.9792 2.9134 0.154, -3.8833 2.9134 0.1452, -3.8822 2.9134 0.143, -3.8924 2.9134 0.1532, -3.8814 2.9134 0.0562, -3.8924 2.9134 0.0436, -3.8948 2.9134 0.0428, -3.8822 2.9134 0.0538, -3.8833 2.9134 0.0516, -3.8902 2.9134 0.0447, -3.8948 2.9134 0.154, -3.8814 2.9134 0.1406, -3.9907 2.9134 0.0516, -3.9838 2.9134 0.0447, -3.9894 2.9134 0.0495, -3.9859 2.9134 0.0461, -3.9877 2.9134 0.0477, -3.9918 2.9134 0.143, -3.9907 2.9134 0.1452, -3.9838 2.9134 0.1521, -3.9894 2.9134 0.1473, -3.9859 2.9134 0.1508, -3.9877 2.9134 0.1492, -3.8881 2.9134 0.0461, -3.8847 2.9134 0.0495, -3.8863 2.9134 0.0477, -3.8902 2.9134 0.1521, -3.8881 2.9134 0.1508, -3.8847 2.9134 0.1473, -3.8863 2.9134 0.1492, -3.8583 -0.2756 1.1457, -4.0157 -0.2756 1.1457, -3.8583 -0.0042 1.1457, -4.0157 -0.0042 1.1457, -3.8583 0.3469 1.1457, -4.0157 0.3469 1.1457, -3.8583 0.5217 1.1457, -4.0157 0.5217 1.1457, -3.8583 1.1442 1.1457, -4.0157 1.1442 1.1457, -3.8583 1.2451 1.1457, -4.0157 1.2451 1.1457, -3.8583 1.3189 1.1457, -4.0157 1.3189 1.1457, -4.0354 -0.0042 1.1654, -4.0354 -0.2756 1.1654, -4.0354 -0.2756 1.3228, -4.0354 1.3189 1.3228, -4.0354 1.3189 1.1654, -4.0354 1.2501 1.3228, -4.0354 1.2451 1.1654, -4.0354 0.5217 1.1654, -4.0354 0.5217 1.3228, -4.0354 0.9428 1.3228, -3.8583 1.3189 1.3425, -4.0157 1.3189 1.3425, -3.8583 1.2501 1.3425, -4.0157 1.2501 1.3425, -3.8583 1.1442 1.3425, -4.0157 1.1442 1.3425, -3.8583 0.9428 1.3425, -4.0157 0.9428 1.3425, -3.8583 0.5217 1.3425, -4.0157 0.5217 1.3425, -3.8583 0.3469 1.3425, -4.0157 0.3469 1.3425, -4.0157 -0.2756 1.3425, -3.8583 -0.2756 1.3425, -3.8386 1.3189 1.1654, -3.8386 1.3189 1.3228, -3.8386 1.2501 1.3228, -3.8386 1.2451 1.1654, -3.8386 0.9428 1.3228, -3.8386 0.5217 1.1654, -3.8386 0.5217 1.3228, -3.8386 -0.0042 1.1654, -3.8386 -0.2756 1.3228, -3.8386 -0.2756 1.1654, -3.8808 -0.4331 1.2069, -3.8808 -0.4331 1.2813, -3.9932 -0.4331 1.2813, -3.8998 -0.4331 1.3003, -3.9742 -0.4331 1.3003, -3.9932 -0.4331 1.2069, -3.9742 -0.4331 1.1879, -3.8998 -0.4331 1.1879, -3.8814 -0.4331 1.2863, -3.8924 -0.4331 1.2989, -3.8948 -0.4331 1.2997, -3.9926 -0.4331 1.2019, -3.9816 -0.4331 1.1893, -3.9792 -0.4331 1.1885, -3.9918 -0.4331 1.1995, -3.9907 -0.4331 1.1973, -3.9838 -0.4331 1.1904, -3.9792 -0.4331 1.2997, -3.9816 -0.4331 1.2989, -3.9926 -0.4331 1.2863, -3.9918 -0.4331 1.2887, -3.8948 -0.4331 1.1885, -3.8924 -0.4331 1.1893, -3.8814 -0.4331 1.2019, -3.8822 -0.4331 1.1995, -3.8822 -0.4331 1.2887, -3.8833 -0.4331 1.2909, -3.8902 -0.4331 1.2978, -3.8847 -0.4331 1.293, -3.8881 -0.4331 1.2965, -3.8863 -0.4331 1.2948, -3.9859 -0.4331 1.1917, -3.9894 -0.4331 1.1952, -3.9877 -0.4331 1.1934, -3.9907 -0.4331 1.2909, -3.9838 -0.4331 1.2978, -3.9894 -0.4331 1.293, -3.9859 -0.4331 1.2965, -3.9877 -0.4331 1.2948, -3.8833 -0.4331 1.1973, -3.8902 -0.4331 1.1904, -3.8847 -0.4331 1.1952, -3.8881 -0.4331 1.1917, -3.8863 -0.4331 1.1934, -4.8031 1.6339 1.0472, -4.6457 1.6339 1.0472, -4.8031 1.632 1.066, -4.6457 1.632 1.066, -4.8031 1.6305 1.0706, -4.6457 1.6305 1.0706, -4.8031 1.6247 1.0886, -4.6457 1.6247 1.0886, -4.8031 1.6222 1.0934, -4.6457 1.6222 1.0934, -4.8031 1.6202 1.0972, -4.6457 1.6202 1.0972, -4.8031 1.6088 1.112, -4.6457 1.6088 1.112, -4.8031 1.605 1.1169, -4.6457 1.605 1.1168, -4.8031 1.5906 1.1282, -4.6457 1.5906 1.1282, -4.8031 1.5866 1.1313, -4.6457 1.5866 1.1313, -4.8031 1.5759 1.137, -4.6457 1.5759 1.1369, -4.8031 1.5696 1.1392, -4.6457 1.5696 1.1392, -4.8031 1.5553 1.1441, -4.6457 1.5553 1.1441, -4.8031 1.5527 1.1444, -4.6457 1.5527 1.1444, -4.6457 1.5425 1.1455, -4.6457 1.5354 1.1457, -4.8031 1.5354 1.1457, -4.6457 1.5422 1.1455, -4.8031 1.5421 1.1455, -4.8031 1.5425 1.1455, -4.626 1.6513 1.0698, -4.626 1.6535 1.0472, -4.626 1.811 1.0472, -4.626 1.6372 1.1071, -4.626 1.7359 1.2364, -4.626 1.6189 1.1308, -4.626 1.7303 1.2421, -4.626 1.5969 1.1481, -4.626 1.5354 1.3228, -4.626 1.5354 1.1654, -4.626 1.5508 1.3223, -4.626 1.5429 1.1652, -4.626 1.5972 1.3154, -4.626 1.5591 1.1635, -4.626 1.6411 1.3018, -4.626 1.5841 1.1549, -4.626 1.6556 1.2953, -4.626 1.695 1.2719, -4.626 1.8072 1.0923, -4.626 1.8021 1.1159, -4.626 1.6425 1.0968, -4.626 1.7867 1.1598, -4.626 1.7641 1.2008, -4.6457 1.8307 1.0472, -4.8031 1.8307 1.0472, -4.6457 1.8266 1.0956, -4.8031 1.8266 1.0956, -4.6457 1.8218 1.1182, -4.8031 1.8218 1.1182, -4.6457 1.8212 1.1208, -4.8031 1.8212 1.1208, -4.6457 1.8047 1.1678, -4.8031 1.8047 1.1678, -4.6457 1.7949 1.1856, -4.8031 1.7949 1.1856, -4.6457 1.7805 1.2117, -4.8031 1.7805 1.2117, -4.6457 1.7564 1.2421, -4.8031 1.7564 1.2421, -4.6457 1.7502 1.2498, -4.8031 1.7502 1.2499, -4.6457 1.7442 1.256, -4.8031 1.7442 1.256, -4.6457 1.7064 1.288, -4.8031 1.7064 1.288, -4.6457 1.7017 1.2907, -4.8031 1.7017 1.2907, -4.6457 1.6642 1.313, -4.8031 1.6642 1.313, -4.6457 1.6486 1.32, -4.8031 1.6486 1.32, -4.6457 1.6376 1.3234, -4.8031 1.6376 1.3234, -4.6457 1.6016 1.3346, -4.8031 1.6015 1.3346, -4.6457 1.5689 1.3394, -4.8031 1.5689 1.3394, -4.6457 1.5522 1.3419, -4.8031 1.5521 1.3419, -4.6457 1.5354 1.3425, -4.8031 1.5354 1.3425, -4.8228 1.5354 1.1654, -4.8228 1.5354 1.3228, -4.8228 1.5429 1.1652, -4.8228 1.5508 1.3223, -4.8228 1.5591 1.1635, -4.8228 1.5972 1.3154, -4.8228 1.584 1.1549, -4.8228 1.811 1.0472, -4.8228 1.6535 1.0472, -4.8228 1.8072 1.0923, -4.8228 1.6513 1.0699, -4.8228 1.8021 1.1159, -4.8228 1.6425 1.0968, -4.8228 1.6189 1.1308, -4.8228 1.7359 1.2364, -4.8228 1.6372 1.1071, -4.8228 1.7641 1.2008, -4.8228 1.7867 1.1598, -4.8228 1.6411 1.3018, -4.8228 1.6556 1.2953, -4.8228 1.5969 1.1481, -4.8228 1.695 1.2719, -4.8228 1.7303 1.2421, -4.8031 1.6339 0.2953, -4.6457 1.6339 0.2953, -4.626 1.811 0.2953, -4.626 1.6535 0.2953, -4.8031 1.8307 0.2953, -4.6457 1.8307 0.2953, -4.8228 1.6535 0.2953, -4.8228 1.811 0.2953, -4.8031 1.6439 0.2189, -4.6457 1.6439 0.2189, -4.8031 1.6734 0.1476, -4.6457 1.6734 0.1476, -4.8031 1.7203 0.0865, -4.6457 1.7203 0.0865, -4.8031 1.7815 0.0396, -4.6457 1.7815 0.0396, -4.8031 1.8527 0.0101, -4.6457 1.8527 0.0101, -4.8031 1.9291 0.0, -4.6457 1.9291 0.0, -4.626 1.815 0.2647, -4.626 1.6629 0.2239, -4.626 1.8268 0.2362, -4.626 1.6905 0.1575, -4.626 1.8456 0.2118, -4.626 1.7343 0.1004, -4.626 1.8701 0.193, -4.626 1.7913 0.0566, -4.626 1.8986 0.1812, -4.626 1.8578 0.0291, -4.626 1.9291 0.1772, -4.626 1.9291 0.0197, -4.6457 1.9291 0.1969, -4.8031 1.9291 0.1969, -4.6457 1.9037 0.2002, -4.8031 1.9037 0.2002, -4.6457 1.8799 0.21, -4.8031 1.8799 0.21, -4.6457 1.8595 0.2257, -4.8031 1.8595 0.2257, -4.6457 1.8439 0.2461, -4.8031 1.8439 0.2461, -4.6457 1.8341 0.2698, -4.8031 1.8341 0.2698, -4.8228 1.9291 0.1772, -4.8228 1.9291 0.0197, -4.8228 1.8986 0.1812, -4.8228 1.8578 0.0291, -4.8228 1.8701 0.193, -4.8228 1.7913 0.0566, -4.8228 1.8456 0.2118, -4.8228 1.7343 0.1004, -4.8228 1.8268 0.2362, -4.8228 1.6905 0.1575, -4.8228 1.815 0.2647, -4.8228 1.6629 0.2239, -4.8031 2.7559 0.0, -4.6457 2.7559 0.0, -4.626 2.7559 0.1772, -4.626 2.7559 0.0197, -4.6457 2.7559 0.1969, -4.8031 2.7559 0.1969, -4.8228 2.7559 0.0197, -4.8228 2.7559 0.1772, -4.6872 2.9134 0.0422, -4.7616 2.9134 0.0422, -4.7806 2.9134 0.0612, -4.6872 2.9134 0.1547, -4.6682 2.9134 0.1356, -4.7616 2.9134 0.1547, -4.7806 2.9134 0.1356, -4.7712 2.9134 0.1521, -4.769 2.9134 0.1532, -4.7792 2.9134 0.143, -4.6822 2.9134 0.154, -4.6798 2.9134 0.1532, -4.6688 2.9134 0.1406, -4.6696 2.9134 0.143, -4.6682 2.9134 0.0612, -4.7781 2.9134 0.0516, -4.7792 2.9134 0.0538, -4.769 2.9134 0.0436, -4.78 2.9134 0.1406, -4.7666 2.9134 0.154, -4.7666 2.9134 0.0428, -4.78 2.9134 0.0562, -4.6688 2.9134 0.0562, -4.6798 2.9134 0.0436, -4.6822 2.9134 0.0428, -4.6696 2.9134 0.0538, -4.6707 2.9134 0.0516, -4.6776 2.9134 0.0447, -4.6707 2.9134 0.1452, -4.6776 2.9134 0.1521, -4.6721 2.9134 0.1473, -4.6755 2.9134 0.1508, -4.6737 2.9134 0.1492, -4.7781 2.9134 0.1452, -4.7768 2.9134 0.1473, -4.7733 2.9134 0.1508, -4.7751 2.9134 0.1492, -4.7712 2.9134 0.0447, -4.7733 2.9134 0.0461, -4.7768 2.9134 0.0495, -4.7751 2.9134 0.0477, -4.6755 2.9134 0.0461, -4.6721 2.9134 0.0495, -4.6737 2.9134 0.0477, -4.6457 -0.2756 1.1457, -4.8031 -0.2756 1.1457, -4.6457 -0.0042 1.1457, -4.8031 -0.0042 1.1457, -4.6457 0.3469 1.1457, -4.8031 0.3469 1.1457, -4.6457 0.5217 1.1457, -4.8031 0.5217 1.1457, -4.6457 1.1442 1.1457, -4.8031 1.1442 1.1457, -4.6457 1.2451 1.1457, -4.8031 1.2451 1.1457, -4.6457 1.3189 1.1457, -4.8031 1.3189 1.1457, -4.8228 -0.0042 1.1654, -4.8228 -0.2756 1.1654, -4.8228 -0.2756 1.3228, -4.8228 1.3189 1.3228, -4.8228 1.3189 1.1654, -4.8228 1.2501 1.3228, -4.8228 1.2451 1.1654, -4.8228 0.5217 1.1654, -4.8228 0.5217 1.3228, -4.8228 0.9428 1.3228, -4.6457 1.3189 1.3425, -4.8031 1.3189 1.3425, -4.6457 1.2501 1.3425, -4.8031 1.2501 1.3425, -4.6457 1.1442 1.3425, -4.8031 1.1442 1.3425, -4.6457 0.9428 1.3425, -4.8031 0.9428 1.3425, -4.6457 0.5217 1.3425, -4.8031 0.5217 1.3425, -4.6457 0.3469 1.3425, -4.8031 0.3469 1.3425, -4.8031 -0.2756 1.3425, -4.6457 -0.2756 1.3425, -4.626 1.3189 1.1654, -4.626 1.3189 1.3228, -4.626 1.2501 1.3228, -4.626 1.2451 1.1654, -4.626 0.9428 1.3228, -4.626 0.5217 1.1654, -4.626 0.5217 1.3228, -4.626 -0.0042 1.1654, -4.626 -0.2756 1.3228, -4.626 -0.2756 1.1654, -4.6682 -0.4331 1.2069, -4.6682 -0.4331 1.2813, -4.7806 -0.4331 1.2813, -4.6872 -0.4331 1.3003, -4.7616 -0.4331 1.3003, -4.7806 -0.4331 1.2069, -4.7616 -0.4331 1.1879, -4.6872 -0.4331 1.1879, -4.6688 -0.4331 1.2863, -4.6798 -0.4331 1.2989, -4.6822 -0.4331 1.2997, -4.78 -0.4331 1.2019, -4.769 -0.4331 1.1893, -4.7666 -0.4331 1.1885, -4.7792 -0.4331 1.1995, -4.7781 -0.4331 1.1973, -4.7712 -0.4331 1.1904, -4.7666 -0.4331 1.2997, -4.769 -0.4331 1.2989, -4.78 -0.4331 1.2863, -4.7792 -0.4331 1.2887, -4.6822 -0.4331 1.1885, -4.6798 -0.4331 1.1893, -4.6688 -0.4331 1.2019, -4.6696 -0.4331 1.1995, -4.6696 -0.4331 1.2887, -4.6707 -0.4331 1.2909, -4.6776 -0.4331 1.2978, -4.6721 -0.4331 1.293, -4.6755 -0.4331 1.2965, -4.6737 -0.4331 1.2948, -4.7733 -0.4331 1.1917, -4.7768 -0.4331 1.1952, -4.7751 -0.4331 1.1934, -4.7781 -0.4331 1.2909, -4.7712 -0.4331 1.2978, -4.7768 -0.4331 1.293, -4.7733 -0.4331 1.2965, -4.7751 -0.4331 1.2948, -4.6707 -0.4331 1.1973, -4.6776 -0.4331 1.1904, -4.6721 -0.4331 1.1952, -4.6755 -0.4331 1.1917, -4.6737 -0.4331 1.1934, -0.708 -0.2756 1.1457, -0.8668 -0.2756 1.1457, -0.8858 -0.2756 1.1647, -0.8858 -0.2756 1.3235, -0.689 -0.2756 1.3235, -0.689 -0.2756 1.1647, -0.8668 -0.2756 1.3425, -0.708 -0.2756 1.3425, -0.708 2.7559 0.1968, -0.8668 2.7559 0.1968, -0.689 2.7559 0.019, -0.689 2.7559 0.1778, -0.8858 2.7559 0.1778, -0.8858 2.7559 0.019, -0.8668 2.7559 0.0, -0.708 2.7559 0.0, -1.4954 -0.2756 1.1457, -1.6542 -0.2756 1.1457, -1.6732 -0.2756 1.1647, -1.6732 -0.2756 1.3235, -1.4764 -0.2756 1.3235, -1.4764 -0.2756 1.1647, -1.6542 -0.2756 1.3425, -1.4954 -0.2756 1.3425, -1.4954 2.7559 0.1968, -1.6542 2.7559 0.1968, -1.4764 2.7559 0.019, -1.4764 2.7559 0.1778, -1.6732 2.7559 0.1778, -1.6732 2.7559 0.019, -1.6542 2.7559 0.0, -1.4954 2.7559 0.0, -2.2828 -0.2756 1.1457, -2.4416 -0.2756 1.1457, -2.4606 -0.2756 1.1647, -2.4606 -0.2756 1.3235, -2.2638 -0.2756 1.3235, -2.2638 -0.2756 1.1647, -2.4416 -0.2756 1.3425, -2.2828 -0.2756 1.3425, -2.2828 2.7559 0.1968, -2.4416 2.7559 0.1968, -2.2638 2.7559 0.019, -2.2638 2.7559 0.1778, -2.4606 2.7559 0.1778, -2.4606 2.7559 0.019, -2.4416 2.7559 0.0, -2.2828 2.7559 0.0, -3.0702 -0.2756 1.1457, -3.229 -0.2756 1.1457, -3.248 -0.2756 1.1647, -3.248 -0.2756 1.3235, -3.0512 -0.2756 1.3235, -3.0512 -0.2756 1.1647, -3.229 -0.2756 1.3425, -3.0702 -0.2756 1.3425, -3.0702 2.7559 0.1968, -3.229 2.7559 0.1968, -3.0512 2.7559 0.019, -3.0512 2.7559 0.1778, -3.248 2.7559 0.1778, -3.248 2.7559 0.019, -3.229 2.7559 0.0, -3.0702 2.7559 0.0, -3.8576 -0.2756 1.1457, -4.0164 -0.2756 1.1457, -4.0354 -0.2756 1.1647, -4.0354 -0.2756 1.3235, -3.8386 -0.2756 1.3235, -3.8386 -0.2756 1.1647, -4.0164 -0.2756 1.3425, -3.8576 -0.2756 1.3425, -3.8576 2.7559 0.1968, -4.0164 2.7559 0.1968, -3.8386 2.7559 0.019, -3.8386 2.7559 0.1778, -4.0354 2.7559 0.1778, -4.0354 2.7559 0.019, -4.0164 2.7559 0.0, -3.8576 2.7559 0.0, -4.645 -0.2756 1.1457, -4.8038 -0.2756 1.1457, -4.8228 -0.2756 1.1647, -4.8228 -0.2756 1.3235, -4.626 -0.2756 1.3235, -4.626 -0.2756 1.1647, -4.8038 -0.2756 1.3425, -4.645 -0.2756 1.3425, -4.645 2.7559 0.1968, -4.8038 2.7559 0.1968, -4.626 2.7559 0.019, -4.626 2.7559 0.1778, -4.8228 2.7559 0.1778, -4.8228 2.7559 0.019, -4.8038 2.7559 0.0, -4.645 2.7559 0.0, -0.8712 1.5422 1.1462, -0.8724 1.5354 1.1467, -0.8766 1.5354 1.1487, -0.876 1.5422 1.1482, -0.8827 1.5354 1.1547, -0.8831 1.5354 1.1556, -0.8832 1.5425 1.1554, -0.8853 1.5354 1.1607, -0.8847 1.5354 1.1588, -0.8852 1.5427 1.1601, -0.8851 1.5354 1.1603, -0.8815 1.5354 1.1531, -0.8782 1.5354 1.1498, -0.8801 1.5424 1.1513, -0.88 1.5354 1.1515, -0.8712 1.5354 1.1464, -0.8705 1.5354 1.1461, -0.8712 1.5554 1.1448, -0.8712 1.5762 1.1376, -0.8712 1.587 1.1319, -0.8712 1.6055 1.1173, -0.8852 1.5581 1.1585, -0.8852 1.5819 1.1503, -0.8852 1.5942 1.1438, -0.8852 1.6153 1.1272, -0.8852 1.6328 1.1045, -0.8832 1.5572 1.1538, -0.8832 1.58 1.1459, -0.8832 1.5917 1.1397, -0.8832 1.612 1.1238, -0.8832 1.6287 1.1021, -0.8801 1.5564 1.1498, -0.8801 1.5783 1.1422, -0.8801 1.5896 1.1362, -0.8801 1.6091 1.1209, -0.8801 1.6252 1.1001, -0.876 1.5558 1.1467, -0.876 1.577 1.1394, -0.876 1.588 1.1336, -0.876 1.6069 1.1187, -0.876 1.6225 1.0985, -0.8712 1.6208 1.0975, -0.8712 1.6253 1.0888, -0.876 1.6271 1.0897, -0.8801 1.6299 1.091, -0.8832 1.6336 1.0927, -0.8852 1.6379 1.0947, -0.8712 1.6327 1.0662, -0.876 1.6346 1.0665, -0.8801 1.6377 1.0672, -0.8832 1.6417 1.0679, -0.8852 1.6463 1.0689, -0.8712 1.6345 1.0472, -0.876 1.6365 1.0472, -0.8801 1.6396 1.0472, -0.8832 1.6437 1.0472, -0.8852 1.6484 1.0472, -0.8712 1.6345 0.2953, -0.876 1.6365 0.2953, -0.8801 1.6396 0.2953, -0.8832 1.6437 0.2953, -0.8852 1.6484 0.2953, -0.8712 1.9291 0.0007, -0.8712 1.8529 0.0107, -0.876 1.9291 0.0026, -0.876 1.8534 0.0126, -0.8801 1.9291 0.0058, -0.8801 1.8542 0.0156, -0.8832 1.9291 0.0098, -0.8832 1.8553 0.0196, -0.8852 1.9291 0.0146, -0.8852 1.8565 0.0242, -0.8712 1.7818 0.0401, -0.876 1.7828 0.0418, -0.8801 1.7844 0.0446, -0.8832 1.7864 0.0481, -0.8852 1.7888 0.0522, -0.8712 1.7208 0.087, -0.876 1.7222 0.0883, -0.8801 1.7244 0.0906, -0.8832 1.7273 0.0934, -0.8852 1.7307 0.0968, -0.8712 1.674 0.148, -0.876 1.6757 0.149, -0.8801 1.6784 0.1505, -0.8832 1.6819 0.1526, -0.8852 1.6861 0.1549, -0.8712 1.6446 0.219, -0.876 1.6465 0.2195, -0.8801 1.6495 0.2203, -0.8832 1.6534 0.2214, -0.8852 1.658 0.2226, -0.8712 2.7564 0.0007, -0.8717 2.7565 0.0008, -0.876 2.7568 0.0027, -0.8762 2.7568 0.0027, -0.8801 2.7569 0.0058, -0.8831 2.7568 0.0097, -0.8832 2.7568 0.0099, -0.885 2.7565 0.0142, -0.8851 2.7564 0.0146, -0.698 1.5354 1.1488, -0.6989 1.5354 1.1484, -0.6988 1.5423 1.1482, -0.704 1.5354 1.1462, -0.7036 1.5422 1.1462, -0.7021 1.5354 1.1468, -0.7036 1.5354 1.1464, -0.6964 1.5354 1.15, -0.6931 1.5354 1.1533, -0.6948 1.5354 1.1515, -0.6947 1.5424 1.1513, -0.69 1.5354 1.1591, -0.692 1.5354 1.1549, -0.6916 1.5425 1.1554, -0.6895 1.5354 1.161, -0.6896 1.5427 1.1601, -0.6897 1.5354 1.1603, -0.7036 1.5555 1.1448, -0.7036 1.5762 1.1376, -0.7036 1.587 1.1319, -0.7036 1.6055 1.1173, -0.7036 1.6208 1.0975, -0.7036 1.6253 1.0888, -0.7036 1.6327 1.0662, -0.7036 1.6345 1.0472, -0.6988 1.5558 1.1467, -0.6988 1.577 1.1393, -0.6988 1.588 1.1335, -0.6988 1.6069 1.1187, -0.6988 1.6225 1.0985, -0.6988 1.6271 1.0897, -0.6988 1.6346 1.0665, -0.6988 1.6365 1.0472, -0.6947 1.5564 1.1498, -0.6947 1.5783 1.1422, -0.6947 1.5896 1.1362, -0.6947 1.6091 1.1209, -0.6947 1.6252 1.1001, -0.6947 1.6299 1.091, -0.6947 1.6377 1.0671, -0.6947 1.6396 1.0472, -0.6916 1.5572 1.1538, -0.6916 1.58 1.1459, -0.6916 1.5918 1.1397, -0.6916 1.612 1.1238, -0.6916 1.6287 1.1021, -0.6916 1.6336 1.0927, -0.6916 1.6417 1.0679, -0.6916 1.6437 1.0472, -0.6896 1.5582 1.1585, -0.6896 1.582 1.1502, -0.6896 1.5942 1.1437, -0.6896 1.6153 1.1272, -0.6896 1.6328 1.1045, -0.6896 1.6379 1.0947, -0.6896 1.6463 1.0689, -0.6896 1.6484 1.0472, -0.6896 1.6484 0.2953, -0.6916 1.6437 0.2953, -0.6947 1.6396 0.2953, -0.6988 1.6365 0.2953, -0.7036 1.6345 0.2953, -0.7036 1.6446 0.219, -0.6988 1.6465 0.2195, -0.6947 1.6495 0.2203, -0.6916 1.6534 0.2214, -0.6896 1.658 0.2226, -0.7036 1.674 0.148, -0.6988 1.6757 0.149, -0.6947 1.6784 0.1505, -0.6916 1.6819 0.1526, -0.6896 1.6861 0.1549, -0.7036 1.7208 0.087, -0.6988 1.7222 0.0883, -0.6947 1.7244 0.0906, -0.6916 1.7273 0.0934, -0.6896 1.7307 0.0968, -0.7036 1.7818 0.0401, -0.6988 1.7828 0.0418, -0.6947 1.7844 0.0446, -0.6916 1.7864 0.0481, -0.6896 1.7888 0.0522, -0.7036 1.8529 0.0107, -0.6988 1.8534 0.0126, -0.6947 1.8542 0.0156, -0.6916 1.8553 0.0196, -0.6896 1.8565 0.0242, -0.7036 1.9291 0.0007, -0.6988 1.9291 0.0026, -0.6947 1.9291 0.0058, -0.6916 1.9291 0.0098, -0.6896 1.9291 0.0146, -0.6897 2.7564 0.0146, -0.6898 2.7565 0.0142, -0.6916 2.7568 0.0099, -0.6917 2.7568 0.0097, -0.6947 2.7569 0.0058, -0.6986 2.7568 0.0027, -0.6988 2.7568 0.0027, -0.7031 2.7565 0.0008, -0.7036 2.7564 0.0007, -0.7036 1.8205 1.1206, -0.7036 1.78 1.2113, -0.6895 1.5354 1.3275, -0.6901 1.5354 1.3294, -0.6897 1.5354 1.3279, -0.6896 1.5512 1.3274, -0.6921 1.5354 1.3335, -0.6917 1.5354 1.3326, -0.6916 1.5515 1.3321, -0.6966 1.5354 1.3384, -0.6948 1.5354 1.3367, -0.6947 1.5518 1.3362, -0.6933 1.5354 1.3351, -0.7024 1.5354 1.3415, -0.6982 1.5354 1.3395, -0.6988 1.552 1.3393, -0.7043 1.5354 1.342, -0.7036 1.5354 1.3418, -0.7036 1.5521 1.3412, -0.7036 1.6014 1.3339, -0.7036 1.6484 1.3193, -0.7036 1.6639 1.3124, -0.7036 1.706 1.2874, -0.7036 1.7438 1.2556, -0.7036 1.7497 1.2494, -0.6896 1.5984 1.3204, -0.6896 1.643 1.3065, -0.6896 1.6578 1.2998, -0.6896 1.6979 1.2761, -0.6896 1.7339 1.2457, -0.6896 1.7396 1.2398, -0.6896 1.7684 1.2036, -0.6916 1.5994 1.325, -0.6916 1.6449 1.3109, -0.6916 1.6599 1.3041, -0.6916 1.7007 1.2799, -0.6916 1.7373 1.2491, -0.6916 1.7431 1.2431, -0.6916 1.7723 1.2062, -0.6947 1.6003 1.329, -0.6947 1.6464 1.3146, -0.6947 1.6617 1.3078, -0.6947 1.703 1.2833, -0.6947 1.7402 1.2519, -0.6947 1.746 1.2459, -0.6947 1.7757 1.2085, -0.6988 1.601 1.332, -0.6988 1.6476 1.3175, -0.6988 1.663 1.3106, -0.6988 1.7049 1.2858, -0.6988 1.7424 1.2542, -0.6988 1.7483 1.248, -0.6988 1.7783 1.2102, -0.7036 1.8041 1.1675, -0.6988 1.8023 1.1667, -0.6947 1.7994 1.1654, -0.6916 1.7957 1.1638, -0.6896 1.7914 1.1618, -0.6988 1.8186 1.1201, -0.6947 1.8156 1.1194, -0.6916 1.8117 1.1183, -0.6896 1.8071 1.1171, -0.7036 1.8259 1.0955, -0.6988 1.824 1.0952, -0.6947 1.8209 1.0946, -0.6916 1.8169 1.0939, -0.6896 1.8122 1.0932, -0.7036 1.83 1.0472, -0.6988 1.8281 1.0472, -0.6947 1.8249 1.0472, -0.6916 1.8209 1.0472, -0.6896 1.8161 1.0472, -0.7036 1.83 0.2953, -0.6988 1.8281 0.2953, -0.6947 1.8249 0.2953, -0.6916 1.8209 0.2953, -0.6896 1.8161 0.2953, -0.6896 1.82 0.266, -0.6916 1.8246 0.2673, -0.6947 1.8285 0.2683, -0.6988 1.8315 0.2691, -0.7036 1.8334 0.2696, -0.6896 1.8313 0.2388, -0.6916 1.8354 0.2411, -0.6947 1.8389 0.2432, -0.6988 1.8416 0.2447, -0.7036 1.8433 0.2457, -0.6896 1.8492 0.2154, -0.6916 1.8526 0.2187, -0.6947 1.8555 0.2216, -0.6988 1.8577 0.2238, -0.7036 1.8591 0.2252, -0.6896 1.8726 0.1974, -0.6916 1.875 0.2015, -0.6947 1.877 0.205, -0.6988 1.8786 0.2078, -0.7036 1.8796 0.2095, -0.6896 1.8999 0.1861, -0.6916 1.9011 0.1907, -0.6947 1.9022 0.1946, -0.6988 1.903 0.1977, -0.7036 1.9035 0.1996, -0.6896 1.9291 0.1823, -0.6916 1.9291 0.187, -0.6947 1.9291 0.1911, -0.6988 1.9291 0.1942, -0.7036 1.9291 0.1962, -0.7036 2.7564 0.1961, -0.7031 2.7565 0.1961, -0.6988 2.7568 0.1942, -0.6986 2.7568 0.1941, -0.6947 2.7569 0.1911, -0.6917 2.7568 0.1872, -0.6916 2.7568 0.187, -0.6898 2.7565 0.1827, -0.6897 2.7564 0.1823, -0.7036 0.9428 1.3418, -0.6896 0.5217 1.3279, -0.6894 -0.276 1.3268, -0.6897 -0.2761 1.3279, -0.6899 -0.2761 1.3283, -0.6916 0.5217 1.3327, -0.6908 -0.2764 1.3312, -0.6959 -0.2766 1.3379, -0.6948 -0.2766 1.3367, -0.6947 0.5217 1.3368, -0.6945 -0.2766 1.3365, -0.6917 -0.2765 1.3329, -0.7016 -0.2763 1.3412, -0.6998 -0.2764 1.3404, -0.6988 0.5217 1.3399, -0.6989 -0.2765 1.3398, -0.6987 -0.2765 1.3397, -0.7036 0.5217 1.3418, -0.7061 -0.2759 1.3423, -0.7036 -0.2761 1.3417, -0.7032 -0.2761 1.3416, -0.6896 1.2501 1.3279, -0.6896 1.3189 1.3279, -0.6916 1.2501 1.3327, -0.6916 1.3189 1.3327, -0.6947 1.2501 1.3368, -0.6947 1.3189 1.3368, -0.6988 1.2501 1.3399, -0.6988 1.3189 1.3399, -0.7036 1.2501 1.3418, -0.7036 1.3189 1.3418, -0.6896 0.9428 1.3279, -0.6916 0.9428 1.3327, -0.6947 0.9428 1.3368, -0.6988 0.9428 1.3399, -0.8712 1.2501 1.3418, -0.8712 0.5217 1.3418, -0.8712 -0.2761 1.3418, -0.8701 -0.276 1.3421, -0.8716 -0.2761 1.3416, -0.876 0.5217 1.3399, -0.8745 -0.2764 1.3407, -0.8812 -0.2766 1.3356, -0.8801 -0.2766 1.3367, -0.8801 0.5217 1.3368, -0.8798 -0.2766 1.337, -0.8762 -0.2765 1.3398, -0.8845 -0.2763 1.3299, -0.8837 -0.2764 1.3317, -0.8832 0.5217 1.3327, -0.8831 -0.2765 1.3326, -0.883 -0.2765 1.3328, -0.8852 0.5217 1.3279, -0.8857 -0.2759 1.3254, -0.885 -0.2761 1.3279, -0.8849 -0.2761 1.3283, -0.8712 1.3189 1.3418, -0.876 1.2501 1.3399, -0.876 1.3189 1.3399, -0.8801 1.2501 1.3368, -0.8801 1.3189 1.3368, -0.8832 1.2501 1.3327, -0.8832 1.3189 1.3327, -0.8852 1.2501 1.3279, -0.8852 1.3189 1.3279, -0.8852 0.9428 1.3279, -0.8832 0.9428 1.3327, -0.8801 0.9428 1.3368, -0.876 0.9428 1.3399, -0.8712 0.9428 1.3418, -0.7036 1.2451 1.1463, -0.7036 0.5217 1.1463, -0.7036 -0.0042 1.1463, -0.7047 -0.276 1.1461, -0.7036 -0.2761 1.1464, -0.7032 -0.2761 1.1466, -0.6988 -0.0042 1.1483, -0.7003 -0.2764 1.1475, -0.6936 -0.2766 1.1526, -0.6948 -0.2766 1.1514, -0.6947 -0.0042 1.1514, -0.695 -0.2766 1.1512, -0.6986 -0.2765 1.1484, -0.6903 -0.2763 1.1583, -0.6911 -0.2764 1.1565, -0.6916 -0.0042 1.1555, -0.6917 -0.2765 1.1556, -0.6918 -0.2765 1.1554, -0.6896 -0.0042 1.1603, -0.6891 -0.2759 1.1628, -0.6898 -0.2761 1.1603, -0.6899 -0.2761 1.1599, -0.6896 0.5217 1.1603, -0.6916 0.5217 1.1555, -0.6947 0.5217 1.1514, -0.6988 0.5217 1.1483, -0.6896 1.2451 1.1603, -0.6916 1.2451 1.1555, -0.6947 1.2451 1.1514, -0.6988 1.2451 1.1483, -0.6896 1.3189 1.1603, -0.6916 1.3189 1.1555, -0.6947 1.3189 1.1514, -0.6988 1.3189 1.1483, -0.7036 1.3189 1.1463, -0.8712 0.5217 1.1463, -0.8852 -0.0042 1.1603, -0.8854 -0.276 1.1614, -0.8851 -0.2761 1.1603, -0.8849 -0.2761 1.1599, -0.8832 -0.0042 1.1555, -0.884 -0.2764 1.157, -0.8789 -0.2766 1.1503, -0.8801 -0.2766 1.1514, -0.8801 -0.0042 1.1514, -0.8803 -0.2766 1.1517, -0.8831 -0.2765 1.1553, -0.8732 -0.2763 1.147, -0.875 -0.2764 1.1478, -0.876 -0.0042 1.1483, -0.8759 -0.2765 1.1484, -0.8761 -0.2765 1.1485, -0.8712 -0.0042 1.1463, -0.8687 -0.2759 1.1458, -0.8712 -0.2761 1.1465, -0.8716 -0.2761 1.1466, -0.876 0.5217 1.1483, -0.8801 0.5217 1.1514, -0.8832 0.5217 1.1555, -0.8852 0.5217 1.1603, -0.8712 1.2451 1.1463, -0.876 1.2451 1.1483, -0.8801 1.2451 1.1514, -0.8832 1.2451 1.1555, -0.8852 1.2451 1.1603, -0.8712 1.3189 1.1463, -0.876 1.3189 1.1483, -0.8801 1.3189 1.1514, -0.8832 1.3189 1.1555, -0.8852 1.3189 1.1603, -0.8712 1.83 1.0472, -0.8712 1.8259 1.0955, -0.8708 1.5354 1.342, -0.8727 1.5354 1.3414, -0.8712 1.5354 1.3418, -0.8712 1.5521 1.3412, -0.8768 1.5354 1.3394, -0.8759 1.5354 1.3398, -0.876 1.552 1.3393, -0.8817 1.5354 1.3349, -0.88 1.5354 1.3367, -0.8801 1.5517 1.3362, -0.8784 1.5354 1.3382, -0.8848 1.5354 1.3291, -0.8828 1.5354 1.3333, -0.8832 1.5515 1.3321, -0.8853 1.5354 1.3272, -0.8851 1.5354 1.3279, -0.8852 1.5511 1.3274, -0.8712 1.6014 1.3339, -0.8712 1.6484 1.3193, -0.8712 1.706 1.2874, -0.8712 1.6639 1.3124, -0.8712 1.8041 1.1675, -0.8712 1.78 1.2113, -0.8712 1.7437 1.2556, -0.8712 1.7497 1.2494, -0.8712 1.8205 1.1207, -0.876 1.601 1.332, -0.876 1.6476 1.3175, -0.876 1.663 1.3106, -0.876 1.7048 1.2858, -0.876 1.7424 1.2542, -0.876 1.7483 1.248, -0.876 1.7783 1.2102, -0.876 1.8023 1.1667, -0.876 1.8186 1.1202, -0.876 1.824 1.0952, -0.876 1.8281 1.0472, -0.8801 1.6003 1.329, -0.8801 1.6464 1.3146, -0.8801 1.6616 1.3078, -0.8801 1.703 1.2833, -0.8801 1.7401 1.252, -0.8801 1.746 1.2459, -0.8801 1.7757 1.2085, -0.8801 1.7994 1.1655, -0.8801 1.8156 1.1194, -0.8801 1.8209 1.0946, -0.8801 1.8249 1.0472, -0.8832 1.5994 1.325, -0.8832 1.6448 1.3109, -0.8832 1.6599 1.3041, -0.8832 1.7007 1.2799, -0.8832 1.7373 1.2491, -0.8832 1.7431 1.2431, -0.8832 1.7723 1.2062, -0.8832 1.7957 1.1638, -0.8832 1.8117 1.1183, -0.8832 1.8169 1.0939, -0.8832 1.8209 1.0472, -0.8852 1.5983 1.3204, -0.8852 1.643 1.3065, -0.8852 1.6578 1.2998, -0.8852 1.6979 1.2761, -0.8852 1.7339 1.2457, -0.8852 1.7396 1.2399, -0.8852 1.7684 1.2036, -0.8852 1.7914 1.1619, -0.8852 1.8071 1.1171, -0.8852 1.8122 1.0932, -0.8852 1.8161 1.0472, -0.8852 1.8161 0.2953, -0.8832 1.8209 0.2953, -0.8801 1.8249 0.2953, -0.876 1.8281 0.2953, -0.8712 1.83 0.2953, -0.8852 1.9291 0.1823, -0.8852 1.8999 0.1861, -0.8832 1.9291 0.187, -0.8832 1.9011 0.1907, -0.8801 1.9291 0.1911, -0.8801 1.9022 0.1946, -0.876 1.9291 0.1942, -0.876 1.903 0.1977, -0.8712 1.9291 0.1962, -0.8712 1.9035 0.1996, -0.8852 1.8726 0.1974, -0.8832 1.875 0.2015, -0.8801 1.877 0.205, -0.876 1.8786 0.2078, -0.8712 1.8796 0.2095, -0.8852 1.8492 0.2154, -0.8832 1.8526 0.2187, -0.8801 1.8555 0.2216, -0.876 1.8577 0.2238, -0.8712 1.8591 0.2252, -0.8852 1.8313 0.2388, -0.8832 1.8354 0.2411, -0.8801 1.8389 0.2432, -0.876 1.8416 0.2447, -0.8712 1.8433 0.2457, -0.8852 1.82 0.266, -0.8832 1.8246 0.2673, -0.8801 1.8285 0.2683, -0.876 1.8315 0.2691, -0.8712 1.8334 0.2696, -0.8851 2.7564 0.1823, -0.885 2.7565 0.1827, -0.8832 2.7568 0.187, -0.8831 2.7568 0.1872, -0.8801 2.7569 0.1911, -0.8762 2.7568 0.1941, -0.876 2.7568 0.1942, -0.8717 2.7565 0.1961, -0.8712 2.7564 0.1961, -1.6598 1.5354 1.1467, -1.664 1.5354 1.1487, -1.6634 1.5422 1.1482, -1.6701 1.5354 1.1547, -1.6705 1.5354 1.1556, -1.6706 1.5425 1.1554, -1.6727 1.5354 1.1607, -1.6721 1.5354 1.1588, -1.6726 1.5427 1.1601, -1.6725 1.5354 1.1603, -1.6689 1.5354 1.1531, -1.6656 1.5354 1.1498, -1.6675 1.5424 1.1513, -1.6674 1.5354 1.1515, -1.6579 1.5354 1.1461, -1.6586 1.5422 1.1462, -1.6586 1.5354 1.1464, -1.6586 1.5554 1.1448, -1.6586 1.5762 1.1376, -1.6586 1.587 1.1319, -1.6586 1.6055 1.1173, -1.6726 1.5581 1.1585, -1.6726 1.5819 1.1503, -1.6726 1.5942 1.1438, -1.6726 1.6153 1.1272, -1.6726 1.6328 1.1045, -1.6706 1.5572 1.1538, -1.6706 1.58 1.1459, -1.6706 1.5917 1.1397, -1.6706 1.612 1.1238, -1.6706 1.6287 1.1021, -1.6675 1.5564 1.1498, -1.6675 1.5783 1.1422, -1.6675 1.5896 1.1362, -1.6675 1.6091 1.1209, -1.6675 1.6252 1.1001, -1.6634 1.5558 1.1467, -1.6634 1.577 1.1394, -1.6634 1.588 1.1336, -1.6634 1.6069 1.1187, -1.6634 1.6225 1.0985, -1.6586 1.6208 1.0975, -1.6586 1.6253 1.0888, -1.6634 1.6271 1.0897, -1.6675 1.6299 1.091, -1.6706 1.6336 1.0927, -1.6726 1.6379 1.0947, -1.6586 1.6327 1.0662, -1.6634 1.6346 1.0665, -1.6675 1.6377 1.0672, -1.6706 1.6417 1.0679, -1.6726 1.6463 1.0689, -1.6586 1.6345 1.0472, -1.6634 1.6365 1.0472, -1.6675 1.6396 1.0472, -1.6706 1.6437 1.0472, -1.6726 1.6484 1.0472, -1.6586 1.6345 0.2953, -1.6634 1.6365 0.2953, -1.6675 1.6396 0.2953, -1.6706 1.6437 0.2953, -1.6726 1.6484 0.2953, -1.6586 1.9291 0.0007, -1.6586 1.8529 0.0107, -1.6634 1.9291 0.0026, -1.6634 1.8534 0.0126, -1.6675 1.9291 0.0058, -1.6675 1.8542 0.0156, -1.6706 1.9291 0.0098, -1.6706 1.8553 0.0196, -1.6726 1.9291 0.0146, -1.6726 1.8565 0.0242, -1.6586 1.7818 0.0401, -1.6634 1.7828 0.0418, -1.6675 1.7844 0.0446, -1.6706 1.7864 0.0481, -1.6726 1.7888 0.0522, -1.6586 1.7208 0.087, -1.6634 1.7222 0.0883, -1.6675 1.7244 0.0906, -1.6706 1.7273 0.0934, -1.6726 1.7307 0.0968, -1.6586 1.674 0.148, -1.6634 1.6757 0.149, -1.6675 1.6784 0.1505, -1.6706 1.6819 0.1526, -1.6726 1.6861 0.1549, -1.6586 1.6446 0.219, -1.6634 1.6465 0.2195, -1.6675 1.6495 0.2203, -1.6706 1.6534 0.2214, -1.6726 1.658 0.2226, -1.6586 2.7564 0.0007, -1.6591 2.7565 0.0008, -1.6634 2.7568 0.0027, -1.6636 2.7568 0.0027, -1.6675 2.7569 0.0058, -1.6705 2.7568 0.0097, -1.6706 2.7568 0.0099, -1.6724 2.7565 0.0142, -1.6725 2.7564 0.0146, -1.4854 1.5354 1.1488, -1.4863 1.5354 1.1484, -1.4862 1.5423 1.1482, -1.4914 1.5354 1.1462, -1.491 1.5422 1.1462, -1.4895 1.5354 1.1468, -1.491 1.5354 1.1464, -1.4838 1.5354 1.15, -1.4805 1.5354 1.1533, -1.4822 1.5354 1.1515, -1.4821 1.5424 1.1513, -1.4774 1.5354 1.1591, -1.4794 1.5354 1.1549, -1.479 1.5425 1.1554, -1.4769 1.5354 1.161, -1.477 1.5427 1.1601, -1.4771 1.5354 1.1603, -1.491 1.5555 1.1448, -1.491 1.5762 1.1376, -1.491 1.587 1.1319, -1.491 1.6055 1.1173, -1.491 1.6208 1.0975, -1.491 1.6253 1.0888, -1.491 1.6327 1.0662, -1.491 1.6345 1.0472, -1.4862 1.5558 1.1467, -1.4862 1.577 1.1393, -1.4862 1.588 1.1335, -1.4862 1.6069 1.1187, -1.4862 1.6225 1.0985, -1.4862 1.6271 1.0897, -1.4862 1.6346 1.0665, -1.4862 1.6365 1.0472, -1.4821 1.5564 1.1498, -1.4821 1.5783 1.1422, -1.4821 1.5896 1.1362, -1.4821 1.6091 1.1209, -1.4821 1.6252 1.1001, -1.4821 1.6299 1.091, -1.4821 1.6377 1.0671, -1.4821 1.6396 1.0472, -1.479 1.5572 1.1538, -1.479 1.58 1.1459, -1.479 1.5918 1.1397, -1.479 1.612 1.1238, -1.479 1.6287 1.1021, -1.479 1.6336 1.0927, -1.479 1.6417 1.0679, -1.479 1.6437 1.0472, -1.477 1.5582 1.1585, -1.477 1.582 1.1502, -1.477 1.5942 1.1437, -1.477 1.6153 1.1272, -1.477 1.6328 1.1045, -1.477 1.6379 1.0947, -1.477 1.6463 1.0689, -1.477 1.6484 1.0472, -1.477 1.6484 0.2953, -1.479 1.6437 0.2953, -1.4821 1.6396 0.2953, -1.4862 1.6365 0.2953, -1.491 1.6345 0.2953, -1.491 1.6446 0.219, -1.4862 1.6465 0.2195, -1.4821 1.6495 0.2203, -1.479 1.6534 0.2214, -1.477 1.658 0.2226, -1.491 1.674 0.148, -1.4862 1.6757 0.149, -1.4821 1.6784 0.1505, -1.479 1.6819 0.1526, -1.477 1.6861 0.1549, -1.491 1.7208 0.087, -1.4862 1.7222 0.0883, -1.4821 1.7244 0.0906, -1.479 1.7273 0.0934, -1.477 1.7307 0.0968, -1.491 1.7818 0.0401, -1.4862 1.7828 0.0418, -1.4821 1.7844 0.0446, -1.479 1.7864 0.0481, -1.477 1.7888 0.0522, -1.491 1.8529 0.0107, -1.4862 1.8534 0.0126, -1.4821 1.8542 0.0156, -1.479 1.8553 0.0196, -1.477 1.8565 0.0242, -1.491 1.9291 0.0007, -1.4862 1.9291 0.0026, -1.4821 1.9291 0.0058, -1.479 1.9291 0.0098, -1.477 1.9291 0.0146, -1.4771 2.7564 0.0146, -1.4772 2.7565 0.0142, -1.479 2.7568 0.0099, -1.4791 2.7568 0.0097, -1.4821 2.7569 0.0058, -1.486 2.7568 0.0027, -1.4862 2.7568 0.0027, -1.4905 2.7565 0.0008, -1.491 2.7564 0.0007, -1.491 1.8205 1.1206, -1.491 1.78 1.2113, -1.4769 1.5354 1.3275, -1.4775 1.5354 1.3294, -1.4771 1.5354 1.3279, -1.477 1.5512 1.3274, -1.4795 1.5354 1.3335, -1.4791 1.5354 1.3326, -1.479 1.5515 1.3321, -1.484 1.5354 1.3384, -1.4822 1.5354 1.3367, -1.4821 1.5518 1.3362, -1.4807 1.5354 1.3351, -1.4898 1.5354 1.3415, -1.4856 1.5354 1.3395, -1.4862 1.552 1.3393, -1.4917 1.5354 1.342, -1.491 1.5354 1.3418, -1.491 1.5521 1.3412, -1.491 1.6014 1.3339, -1.491 1.6484 1.3193, -1.491 1.6639 1.3124, -1.491 1.706 1.2874, -1.491 1.7438 1.2556, -1.491 1.7497 1.2494, -1.477 1.5984 1.3204, -1.477 1.643 1.3065, -1.477 1.6578 1.2998, -1.477 1.6979 1.2761, -1.477 1.7339 1.2457, -1.477 1.7396 1.2398, -1.477 1.7684 1.2036, -1.479 1.5994 1.325, -1.479 1.6449 1.3109, -1.479 1.6599 1.3041, -1.479 1.7007 1.2799, -1.479 1.7373 1.2491, -1.479 1.7431 1.2431, -1.479 1.7723 1.2062, -1.4821 1.6003 1.329, -1.4821 1.6464 1.3146, -1.4821 1.6617 1.3078, -1.4821 1.703 1.2833, -1.4821 1.7402 1.2519, -1.4821 1.746 1.2459, -1.4821 1.7757 1.2085, -1.4862 1.601 1.332, -1.4862 1.6476 1.3175, -1.4862 1.663 1.3106, -1.4862 1.7049 1.2858, -1.4862 1.7424 1.2542, -1.4862 1.7483 1.248, -1.4862 1.7783 1.2102, -1.491 1.8041 1.1675, -1.4862 1.8023 1.1667, -1.4821 1.7994 1.1654, -1.479 1.7957 1.1638, -1.477 1.7914 1.1618, -1.4862 1.8186 1.1201, -1.4821 1.8156 1.1194, -1.479 1.8117 1.1183, -1.477 1.8071 1.1171, -1.491 1.8259 1.0955, -1.4862 1.824 1.0952, -1.4821 1.8209 1.0946, -1.479 1.8169 1.0939, -1.477 1.8122 1.0932, -1.491 1.83 1.0472, -1.4862 1.8281 1.0472, -1.4821 1.8249 1.0472, -1.479 1.8209 1.0472, -1.477 1.8161 1.0472, -1.491 1.83 0.2953, -1.4862 1.8281 0.2953, -1.4821 1.8249 0.2953, -1.479 1.8209 0.2953, -1.477 1.8161 0.2953, -1.477 1.82 0.266, -1.479 1.8246 0.2673, -1.4821 1.8285 0.2683, -1.4862 1.8315 0.2691, -1.491 1.8334 0.2696, -1.477 1.8313 0.2388, -1.479 1.8354 0.2411, -1.4821 1.8389 0.2432, -1.4862 1.8416 0.2447, -1.491 1.8433 0.2457, -1.477 1.8492 0.2154, -1.479 1.8526 0.2187, -1.4821 1.8555 0.2216, -1.4862 1.8577 0.2238, -1.491 1.8591 0.2252, -1.477 1.8726 0.1974, -1.479 1.875 0.2015, -1.4821 1.877 0.205, -1.4862 1.8786 0.2078, -1.491 1.8796 0.2095, -1.477 1.8999 0.1861, -1.479 1.9011 0.1907, -1.4821 1.9022 0.1946, -1.4862 1.903 0.1977, -1.491 1.9035 0.1996, -1.477 1.9291 0.1823, -1.479 1.9291 0.187, -1.4821 1.9291 0.1911, -1.4862 1.9291 0.1942, -1.491 1.9291 0.1962, -1.491 2.7564 0.1961, -1.4905 2.7565 0.1961, -1.4862 2.7568 0.1942, -1.486 2.7568 0.1941, -1.4821 2.7569 0.1911, -1.4791 2.7568 0.1872, -1.479 2.7568 0.187, -1.4772 2.7565 0.1827, -1.4771 2.7564 0.1823, -1.491 0.9428 1.3418, -1.477 0.5217 1.3279, -1.4768 -0.276 1.3268, -1.4771 -0.2761 1.3279, -1.4773 -0.2761 1.3283, -1.479 0.5217 1.3327, -1.4782 -0.2764 1.3312, -1.4833 -0.2766 1.3379, -1.4822 -0.2766 1.3367, -1.4821 0.5217 1.3368, -1.4819 -0.2766 1.3365, -1.4791 -0.2765 1.3329, -1.489 -0.2763 1.3412, -1.4872 -0.2764 1.3404, -1.4862 0.5217 1.3399, -1.4863 -0.2765 1.3398, -1.4861 -0.2765 1.3397, -1.491 0.5217 1.3418, -1.4935 -0.2759 1.3423, -1.491 -0.2761 1.3417, -1.4906 -0.2761 1.3416, -1.477 1.2501 1.3279, -1.477 1.3189 1.3279, -1.479 1.2501 1.3327, -1.479 1.3189 1.3327, -1.4821 1.2501 1.3368, -1.4821 1.3189 1.3368, -1.4862 1.2501 1.3399, -1.4862 1.3189 1.3399, -1.491 1.2501 1.3418, -1.491 1.3189 1.3418, -1.477 0.9428 1.3279, -1.479 0.9428 1.3327, -1.4821 0.9428 1.3368, -1.4862 0.9428 1.3399, -1.6586 1.2501 1.3418, -1.6586 0.5217 1.3418, -1.6586 -0.2761 1.3418, -1.6575 -0.276 1.3421, -1.659 -0.2761 1.3416, -1.6634 0.5217 1.3399, -1.6619 -0.2764 1.3407, -1.6686 -0.2766 1.3356, -1.6675 -0.2766 1.3367, -1.6675 0.5217 1.3368, -1.6672 -0.2766 1.337, -1.6636 -0.2765 1.3398, -1.6719 -0.2763 1.3299, -1.6711 -0.2764 1.3317, -1.6706 0.5217 1.3327, -1.6705 -0.2765 1.3326, -1.6704 -0.2765 1.3328, -1.6726 0.5217 1.3279, -1.6731 -0.2759 1.3254, -1.6724 -0.2761 1.3279, -1.6723 -0.2761 1.3283, -1.6586 1.3189 1.3418, -1.6634 1.2501 1.3399, -1.6634 1.3189 1.3399, -1.6675 1.2501 1.3368, -1.6675 1.3189 1.3368, -1.6706 1.2501 1.3327, -1.6706 1.3189 1.3327, -1.6726 1.2501 1.3279, -1.6726 1.3189 1.3279, -1.6726 0.9428 1.3279, -1.6706 0.9428 1.3327, -1.6675 0.9428 1.3368, -1.6634 0.9428 1.3399, -1.6586 0.9428 1.3418, -1.491 1.2451 1.1463, -1.491 0.5217 1.1463, -1.491 -0.0042 1.1463, -1.4921 -0.276 1.1461, -1.491 -0.2761 1.1464, -1.4906 -0.2761 1.1466, -1.4862 -0.0042 1.1483, -1.4877 -0.2764 1.1475, -1.481 -0.2766 1.1526, -1.4822 -0.2766 1.1514, -1.4821 -0.0042 1.1514, -1.4824 -0.2766 1.1512, -1.486 -0.2765 1.1484, -1.4777 -0.2763 1.1583, -1.4785 -0.2764 1.1565, -1.479 -0.0042 1.1555, -1.4791 -0.2765 1.1556, -1.4792 -0.2765 1.1554, -1.477 -0.0042 1.1603, -1.4765 -0.2759 1.1628, -1.4772 -0.2761 1.1603, -1.4773 -0.2761 1.1599, -1.477 0.5217 1.1603, -1.479 0.5217 1.1555, -1.4821 0.5217 1.1514, -1.4862 0.5217 1.1483, -1.477 1.2451 1.1603, -1.479 1.2451 1.1555, -1.4821 1.2451 1.1514, -1.4862 1.2451 1.1483, -1.477 1.3189 1.1603, -1.479 1.3189 1.1555, -1.4821 1.3189 1.1514, -1.4862 1.3189 1.1483, -1.491 1.3189 1.1463, -1.6586 0.5217 1.1463, -1.6726 -0.0042 1.1603, -1.6728 -0.276 1.1614, -1.6725 -0.2761 1.1603, -1.6723 -0.2761 1.1599, -1.6706 -0.0042 1.1555, -1.6714 -0.2764 1.157, -1.6663 -0.2766 1.1503, -1.6675 -0.2766 1.1514, -1.6675 -0.0042 1.1514, -1.6677 -0.2766 1.1517, -1.6705 -0.2765 1.1553, -1.6606 -0.2763 1.147, -1.6624 -0.2764 1.1478, -1.6634 -0.0042 1.1483, -1.6633 -0.2765 1.1484, -1.6635 -0.2765 1.1485, -1.6586 -0.0042 1.1463, -1.6561 -0.2759 1.1458, -1.6586 -0.2761 1.1465, -1.659 -0.2761 1.1466, -1.6634 0.5217 1.1483, -1.6675 0.5217 1.1514, -1.6706 0.5217 1.1555, -1.6726 0.5217 1.1603, -1.6586 1.2451 1.1463, -1.6634 1.2451 1.1483, -1.6675 1.2451 1.1514, -1.6706 1.2451 1.1555, -1.6726 1.2451 1.1603, -1.6586 1.3189 1.1463, -1.6634 1.3189 1.1483, -1.6675 1.3189 1.1514, -1.6706 1.3189 1.1555, -1.6726 1.3189 1.1603, -1.6586 1.83 1.0472, -1.6586 1.8259 1.0955, -1.6582 1.5354 1.342, -1.6601 1.5354 1.3414, -1.6586 1.5354 1.3418, -1.6586 1.5521 1.3412, -1.6642 1.5354 1.3394, -1.6633 1.5354 1.3398, -1.6634 1.552 1.3393, -1.6691 1.5354 1.3349, -1.6674 1.5354 1.3367, -1.6675 1.5517 1.3362, -1.6658 1.5354 1.3382, -1.6722 1.5354 1.3291, -1.6702 1.5354 1.3333, -1.6706 1.5515 1.3321, -1.6727 1.5354 1.3272, -1.6725 1.5354 1.3279, -1.6726 1.5511 1.3274, -1.6586 1.6014 1.3339, -1.6586 1.6484 1.3193, -1.6586 1.706 1.2874, -1.6586 1.6639 1.3124, -1.6586 1.8041 1.1675, -1.6586 1.78 1.2113, -1.6586 1.7437 1.2556, -1.6586 1.7497 1.2494, -1.6586 1.8205 1.1207, -1.6634 1.601 1.332, -1.6634 1.6476 1.3175, -1.6634 1.663 1.3106, -1.6634 1.7048 1.2858, -1.6634 1.7424 1.2542, -1.6634 1.7483 1.248, -1.6634 1.7783 1.2102, -1.6634 1.8023 1.1667, -1.6634 1.8186 1.1202, -1.6634 1.824 1.0952, -1.6634 1.8281 1.0472, -1.6675 1.6003 1.329, -1.6675 1.6464 1.3146, -1.6675 1.6616 1.3078, -1.6675 1.703 1.2833, -1.6675 1.7401 1.252, -1.6675 1.746 1.2459, -1.6675 1.7757 1.2085, -1.6675 1.7994 1.1655, -1.6675 1.8156 1.1194, -1.6675 1.8209 1.0946, -1.6675 1.8249 1.0472, -1.6706 1.5994 1.325, -1.6706 1.6448 1.3109, -1.6706 1.6599 1.3041, -1.6706 1.7007 1.2799, -1.6706 1.7373 1.2491, -1.6706 1.7431 1.2431, -1.6706 1.7723 1.2062, -1.6706 1.7957 1.1638, -1.6706 1.8117 1.1183, -1.6706 1.8169 1.0939, -1.6706 1.8209 1.0472, -1.6726 1.5983 1.3204, -1.6726 1.643 1.3065, -1.6726 1.6578 1.2998, -1.6726 1.6979 1.2761, -1.6726 1.7339 1.2457, -1.6726 1.7396 1.2399, -1.6726 1.7684 1.2036, -1.6726 1.7914 1.1619, -1.6726 1.8071 1.1171, -1.6726 1.8122 1.0932, -1.6726 1.8161 1.0472, -1.6726 1.8161 0.2953, -1.6706 1.8209 0.2953, -1.6675 1.8249 0.2953, -1.6634 1.8281 0.2953, -1.6586 1.83 0.2953, -1.6726 1.9291 0.1823, -1.6726 1.8999 0.1861, -1.6706 1.9291 0.187, -1.6706 1.9011 0.1907, -1.6675 1.9291 0.1911, -1.6675 1.9022 0.1946, -1.6634 1.9291 0.1942, -1.6634 1.903 0.1977, -1.6586 1.9291 0.1962, -1.6586 1.9035 0.1996, -1.6726 1.8726 0.1974, -1.6706 1.875 0.2015, -1.6675 1.877 0.205, -1.6634 1.8786 0.2078, -1.6586 1.8796 0.2095, -1.6726 1.8492 0.2154, -1.6706 1.8526 0.2187, -1.6675 1.8555 0.2216, -1.6634 1.8577 0.2238, -1.6586 1.8591 0.2252, -1.6726 1.8313 0.2388, -1.6706 1.8354 0.2411, -1.6675 1.8389 0.2432, -1.6634 1.8416 0.2447, -1.6586 1.8433 0.2457, -1.6726 1.82 0.266, -1.6706 1.8246 0.2673, -1.6675 1.8285 0.2683, -1.6634 1.8315 0.2691, -1.6586 1.8334 0.2696, -1.6725 2.7564 0.1823, -1.6724 2.7565 0.1827, -1.6706 2.7568 0.187, -1.6705 2.7568 0.1872, -1.6675 2.7569 0.1911, -1.6636 2.7568 0.1941, -1.6634 2.7568 0.1942, -1.6591 2.7565 0.1961, -1.6586 2.7564 0.1961, -2.4472 1.5354 1.1467, -2.4514 1.5354 1.1487, -2.4508 1.5422 1.1482, -2.4575 1.5354 1.1547, -2.4579 1.5354 1.1556, -2.458 1.5425 1.1554, -2.4601 1.5354 1.1607, -2.4595 1.5354 1.1588, -2.46 1.5427 1.1601, -2.4599 1.5354 1.1603, -2.4563 1.5354 1.1531, -2.453 1.5354 1.1498, -2.4549 1.5424 1.1513, -2.4548 1.5354 1.1515, -2.4453 1.5354 1.1461, -2.446 1.5422 1.1462, -2.446 1.5354 1.1464, -2.446 1.5554 1.1448, -2.446 1.5762 1.1376, -2.446 1.587 1.1319, -2.446 1.6055 1.1173, -2.46 1.5581 1.1585, -2.46 1.5819 1.1503, -2.46 1.5942 1.1438, -2.46 1.6153 1.1272, -2.46 1.6328 1.1045, -2.458 1.5572 1.1538, -2.458 1.58 1.1459, -2.458 1.5917 1.1397, -2.458 1.612 1.1238, -2.458 1.6287 1.1021, -2.4549 1.5564 1.1498, -2.4549 1.5783 1.1422, -2.4549 1.5896 1.1362, -2.4549 1.6091 1.1209, -2.4549 1.6252 1.1001, -2.4508 1.5558 1.1467, -2.4508 1.577 1.1394, -2.4508 1.588 1.1336, -2.4508 1.6069 1.1187, -2.4508 1.6225 1.0985, -2.446 1.6208 1.0975, -2.446 1.6253 1.0888, -2.4508 1.6271 1.0897, -2.4549 1.6299 1.091, -2.458 1.6336 1.0927, -2.46 1.6379 1.0947, -2.446 1.6327 1.0662, -2.4508 1.6346 1.0665, -2.4549 1.6377 1.0672, -2.458 1.6417 1.0679, -2.46 1.6463 1.0689, -2.446 1.6345 1.0472, -2.4508 1.6365 1.0472, -2.4549 1.6396 1.0472, -2.458 1.6437 1.0472, -2.46 1.6484 1.0472, -2.446 1.6345 0.2953, -2.4508 1.6365 0.2953, -2.4549 1.6396 0.2953, -2.458 1.6437 0.2953, -2.46 1.6484 0.2953, -2.446 1.9291 0.0007, -2.446 1.8529 0.0107, -2.4508 1.9291 0.0026, -2.4508 1.8534 0.0126, -2.4549 1.9291 0.0058, -2.4549 1.8542 0.0156, -2.458 1.9291 0.0098, -2.458 1.8553 0.0196, -2.46 1.9291 0.0146, -2.46 1.8565 0.0242, -2.446 1.7818 0.0401, -2.4508 1.7828 0.0418, -2.4549 1.7844 0.0446, -2.458 1.7864 0.0481, -2.46 1.7888 0.0522, -2.446 1.7208 0.087, -2.4508 1.7222 0.0883, -2.4549 1.7244 0.0906, -2.458 1.7273 0.0934, -2.46 1.7307 0.0968, -2.446 1.674 0.148, -2.4508 1.6757 0.149, -2.4549 1.6784 0.1505, -2.458 1.6819 0.1526, -2.46 1.6861 0.1549, -2.446 1.6446 0.219, -2.4508 1.6465 0.2195, -2.4549 1.6495 0.2203, -2.458 1.6534 0.2214, -2.46 1.658 0.2226, -2.446 2.7564 0.0007, -2.4465 2.7565 0.0008, -2.4508 2.7568 0.0027, -2.451 2.7568 0.0027, -2.4549 2.7569 0.0058, -2.4579 2.7568 0.0097, -2.458 2.7568 0.0099, -2.4598 2.7565 0.0142, -2.4599 2.7564 0.0146, -2.2728 1.5354 1.1488, -2.2737 1.5354 1.1484, -2.2736 1.5423 1.1482, -2.2788 1.5354 1.1462, -2.2784 1.5422 1.1462, -2.2769 1.5354 1.1468, -2.2784 1.5354 1.1464, -2.2712 1.5354 1.15, -2.2679 1.5354 1.1533, -2.2696 1.5354 1.1515, -2.2695 1.5424 1.1513, -2.2648 1.5354 1.1591, -2.2668 1.5354 1.1549, -2.2664 1.5425 1.1554, -2.2643 1.5354 1.161, -2.2645 1.5427 1.1601, -2.2645 1.5354 1.1603, -2.2784 1.5555 1.1448, -2.2784 1.5762 1.1376, -2.2784 1.587 1.1319, -2.2784 1.6055 1.1173, -2.2784 1.6208 1.0975, -2.2784 1.6253 1.0888, -2.2784 1.6327 1.0662, -2.2784 1.6345 1.0472, -2.2736 1.5558 1.1467, -2.2736 1.577 1.1393, -2.2736 1.588 1.1335, -2.2736 1.6069 1.1187, -2.2736 1.6225 1.0985, -2.2736 1.6271 1.0897, -2.2736 1.6346 1.0665, -2.2736 1.6365 1.0472, -2.2695 1.5564 1.1498, -2.2695 1.5783 1.1422, -2.2695 1.5896 1.1362, -2.2695 1.6091 1.1209, -2.2695 1.6252 1.1001, -2.2695 1.6299 1.091, -2.2695 1.6377 1.0671, -2.2695 1.6396 1.0472, -2.2664 1.5572 1.1538, -2.2664 1.58 1.1459, -2.2664 1.5918 1.1397, -2.2664 1.612 1.1238, -2.2664 1.6287 1.1021, -2.2664 1.6336 1.0927, -2.2664 1.6417 1.0679, -2.2664 1.6437 1.0472, -2.2645 1.5582 1.1585, -2.2645 1.582 1.1502, -2.2645 1.5942 1.1437, -2.2645 1.6153 1.1272, -2.2645 1.6328 1.1045, -2.2645 1.6379 1.0947, -2.2645 1.6463 1.0689, -2.2645 1.6484 1.0472, -2.2645 1.6484 0.2953, -2.2664 1.6437 0.2953, -2.2695 1.6396 0.2953, -2.2736 1.6365 0.2953, -2.2784 1.6345 0.2953, -2.2784 1.6446 0.219, -2.2736 1.6465 0.2195, -2.2695 1.6495 0.2203, -2.2664 1.6534 0.2214, -2.2645 1.658 0.2226, -2.2784 1.674 0.148, -2.2736 1.6757 0.149, -2.2695 1.6784 0.1505, -2.2664 1.6819 0.1526, -2.2645 1.6861 0.1549, -2.2784 1.7208 0.087, -2.2736 1.7222 0.0883, -2.2695 1.7244 0.0906, -2.2664 1.7273 0.0934, -2.2645 1.7307 0.0968, -2.2784 1.7818 0.0401, -2.2736 1.7828 0.0418, -2.2695 1.7844 0.0446, -2.2664 1.7864 0.0481, -2.2645 1.7888 0.0522, -2.2784 1.8529 0.0107, -2.2736 1.8534 0.0126, -2.2695 1.8542 0.0156, -2.2664 1.8553 0.0196, -2.2645 1.8565 0.0242, -2.2784 1.9291 0.0007, -2.2736 1.9291 0.0026, -2.2695 1.9291 0.0058, -2.2664 1.9291 0.0098, -2.2645 1.9291 0.0146, -2.2645 2.7564 0.0146, -2.2646 2.7565 0.0142, -2.2664 2.7568 0.0099, -2.2665 2.7568 0.0097, -2.2695 2.7569 0.0058, -2.2734 2.7568 0.0027, -2.2736 2.7568 0.0027, -2.2779 2.7565 0.0008, -2.2784 2.7564 0.0007, -2.2784 1.8205 1.1206, -2.2784 1.78 1.2113, -2.2643 1.5354 1.3275, -2.2649 1.5354 1.3294, -2.2645 1.5354 1.3279, -2.2645 1.5512 1.3274, -2.2669 1.5354 1.3335, -2.2665 1.5354 1.3326, -2.2664 1.5515 1.3321, -2.2714 1.5354 1.3384, -2.2696 1.5354 1.3367, -2.2695 1.5518 1.3362, -2.2681 1.5354 1.3351, -2.2772 1.5354 1.3415, -2.273 1.5354 1.3395, -2.2736 1.552 1.3393, -2.2791 1.5354 1.342, -2.2784 1.5354 1.3418, -2.2784 1.5521 1.3412, -2.2784 1.6014 1.3339, -2.2784 1.6484 1.3193, -2.2784 1.6639 1.3124, -2.2784 1.706 1.2874, -2.2784 1.7438 1.2556, -2.2784 1.7497 1.2494, -2.2645 1.5984 1.3204, -2.2645 1.643 1.3065, -2.2645 1.6578 1.2998, -2.2645 1.6979 1.2761, -2.2645 1.7339 1.2457, -2.2645 1.7396 1.2398, -2.2645 1.7684 1.2036, -2.2664 1.5994 1.325, -2.2664 1.6449 1.3109, -2.2664 1.6599 1.3041, -2.2664 1.7007 1.2799, -2.2664 1.7373 1.2491, -2.2664 1.7431 1.2431, -2.2664 1.7723 1.2062, -2.2695 1.6003 1.329, -2.2695 1.6464 1.3146, -2.2695 1.6617 1.3078, -2.2695 1.703 1.2833, -2.2695 1.7402 1.2519, -2.2695 1.746 1.2459, -2.2695 1.7757 1.2085, -2.2736 1.601 1.332, -2.2736 1.6476 1.3175, -2.2736 1.663 1.3106, -2.2736 1.7049 1.2858, -2.2736 1.7424 1.2542, -2.2736 1.7483 1.248, -2.2736 1.7783 1.2102, -2.2784 1.8041 1.1675, -2.2736 1.8023 1.1667, -2.2695 1.7994 1.1654, -2.2664 1.7957 1.1638, -2.2645 1.7914 1.1618, -2.2736 1.8186 1.1201, -2.2695 1.8156 1.1194, -2.2664 1.8117 1.1183, -2.2645 1.8071 1.1171, -2.2784 1.8259 1.0955, -2.2736 1.824 1.0952, -2.2695 1.8209 1.0946, -2.2664 1.8169 1.0939, -2.2645 1.8122 1.0932, -2.2784 1.83 1.0472, -2.2736 1.8281 1.0472, -2.2695 1.8249 1.0472, -2.2664 1.8209 1.0472, -2.2645 1.8161 1.0472, -2.2784 1.83 0.2953, -2.2736 1.8281 0.2953, -2.2695 1.8249 0.2953, -2.2664 1.8209 0.2953, -2.2645 1.8161 0.2953, -2.2645 1.82 0.266, -2.2664 1.8246 0.2673, -2.2695 1.8285 0.2683, -2.2736 1.8315 0.2691, -2.2784 1.8334 0.2696, -2.2645 1.8313 0.2388, -2.2664 1.8354 0.2411, -2.2695 1.8389 0.2432, -2.2736 1.8416 0.2447, -2.2784 1.8433 0.2457, -2.2645 1.8492 0.2154, -2.2664 1.8526 0.2187, -2.2695 1.8555 0.2216, -2.2736 1.8577 0.2238, -2.2784 1.8591 0.2252, -2.2645 1.8726 0.1974, -2.2664 1.875 0.2015, -2.2695 1.877 0.205, -2.2736 1.8786 0.2078, -2.2784 1.8796 0.2095, -2.2645 1.8999 0.1861, -2.2664 1.9011 0.1907, -2.2695 1.9022 0.1946, -2.2736 1.903 0.1977, -2.2784 1.9035 0.1996, -2.2645 1.9291 0.1823, -2.2664 1.9291 0.187, -2.2695 1.9291 0.1911, -2.2736 1.9291 0.1942, -2.2784 1.9291 0.1962, -2.2784 2.7564 0.1961, -2.2779 2.7565 0.1961, -2.2736 2.7568 0.1942, -2.2734 2.7568 0.1941, -2.2695 2.7569 0.1911, -2.2665 2.7568 0.1872, -2.2664 2.7568 0.187, -2.2646 2.7565 0.1827, -2.2645 2.7564 0.1823, -2.2784 0.9428 1.3418, -2.2645 0.5217 1.3279, -2.2642 -0.276 1.3268, -2.2645 -0.2761 1.3279, -2.2647 -0.2761 1.3283, -2.2664 0.5217 1.3327, -2.2656 -0.2764 1.3312, -2.2707 -0.2766 1.3379, -2.2696 -0.2766 1.3367, -2.2695 0.5217 1.3368, -2.2693 -0.2766 1.3365, -2.2665 -0.2765 1.3329, -2.2764 -0.2763 1.3412, -2.2746 -0.2764 1.3404, -2.2736 0.5217 1.3399, -2.2737 -0.2765 1.3398, -2.2735 -0.2765 1.3397, -2.2784 0.5217 1.3418, -2.2809 -0.2759 1.3423, -2.2784 -0.2761 1.3417, -2.278 -0.2761 1.3416, -2.2645 1.2501 1.3279, -2.2645 1.3189 1.3279, -2.2664 1.2501 1.3327, -2.2664 1.3189 1.3327, -2.2695 1.2501 1.3368, -2.2695 1.3189 1.3368, -2.2736 1.2501 1.3399, -2.2736 1.3189 1.3399, -2.2784 1.2501 1.3418, -2.2784 1.3189 1.3418, -2.2645 0.9428 1.3279, -2.2664 0.9428 1.3327, -2.2695 0.9428 1.3368, -2.2736 0.9428 1.3399, -2.446 1.2501 1.3418, -2.446 0.5217 1.3418, -2.446 -0.2761 1.3418, -2.4449 -0.276 1.3421, -2.4464 -0.2761 1.3416, -2.4508 0.5217 1.3399, -2.4493 -0.2764 1.3407, -2.456 -0.2766 1.3356, -2.4549 -0.2766 1.3367, -2.4549 0.5217 1.3368, -2.4546 -0.2766 1.337, -2.451 -0.2765 1.3398, -2.4593 -0.2763 1.3299, -2.4585 -0.2764 1.3317, -2.458 0.5217 1.3327, -2.4579 -0.2765 1.3326, -2.4578 -0.2765 1.3328, -2.46 0.5217 1.3279, -2.4605 -0.2759 1.3254, -2.4598 -0.2761 1.3279, -2.4597 -0.2761 1.3283, -2.446 1.3189 1.3418, -2.4508 1.2501 1.3399, -2.4508 1.3189 1.3399, -2.4549 1.2501 1.3368, -2.4549 1.3189 1.3368, -2.458 1.2501 1.3327, -2.458 1.3189 1.3327, -2.46 1.2501 1.3279, -2.46 1.3189 1.3279, -2.46 0.9428 1.3279, -2.458 0.9428 1.3327, -2.4549 0.9428 1.3368, -2.4508 0.9428 1.3399, -2.446 0.9428 1.3418, -2.2784 1.2451 1.1463, -2.2784 0.5217 1.1463, -2.2784 -0.0042 1.1463, -2.2795 -0.276 1.1461, -2.2784 -0.2761 1.1464, -2.278 -0.2761 1.1466, -2.2736 -0.0042 1.1483, -2.2751 -0.2764 1.1475, -2.2684 -0.2766 1.1526, -2.2696 -0.2766 1.1514, -2.2695 -0.0042 1.1514, -2.2698 -0.2766 1.1512, -2.2734 -0.2765 1.1484, -2.2651 -0.2763 1.1583, -2.2659 -0.2764 1.1565, -2.2664 -0.0042 1.1555, -2.2665 -0.2765 1.1556, -2.2666 -0.2765 1.1554, -2.2645 -0.0042 1.1603, -2.2639 -0.2759 1.1628, -2.2646 -0.2761 1.1603, -2.2647 -0.2761 1.1599, -2.2645 0.5217 1.1603, -2.2664 0.5217 1.1555, -2.2695 0.5217 1.1514, -2.2736 0.5217 1.1483, -2.2645 1.2451 1.1603, -2.2664 1.2451 1.1555, -2.2695 1.2451 1.1514, -2.2736 1.2451 1.1483, -2.2645 1.3189 1.1603, -2.2664 1.3189 1.1555, -2.2695 1.3189 1.1514, -2.2736 1.3189 1.1483, -2.2784 1.3189 1.1463, -2.446 0.5217 1.1463, -2.46 -0.0042 1.1603, -2.4602 -0.276 1.1614, -2.4599 -0.2761 1.1603, -2.4597 -0.2761 1.1599, -2.458 -0.0042 1.1555, -2.4588 -0.2764 1.157, -2.4537 -0.2766 1.1503, -2.4549 -0.2766 1.1514, -2.4549 -0.0042 1.1514, -2.4551 -0.2766 1.1517, -2.4579 -0.2765 1.1553, -2.448 -0.2763 1.147, -2.4498 -0.2764 1.1478, -2.4508 -0.0042 1.1483, -2.4507 -0.2765 1.1484, -2.4509 -0.2765 1.1485, -2.446 -0.0042 1.1463, -2.4435 -0.2759 1.1458, -2.446 -0.2761 1.1465, -2.4464 -0.2761 1.1466, -2.4508 0.5217 1.1483, -2.4549 0.5217 1.1514, -2.458 0.5217 1.1555, -2.46 0.5217 1.1603, -2.446 1.2451 1.1463, -2.4508 1.2451 1.1483, -2.4549 1.2451 1.1514, -2.458 1.2451 1.1555, -2.46 1.2451 1.1603, -2.446 1.3189 1.1463, -2.4508 1.3189 1.1483, -2.4549 1.3189 1.1514, -2.458 1.3189 1.1555, -2.46 1.3189 1.1603, -2.446 1.83 1.0472, -2.446 1.8259 1.0955, -2.4456 1.5354 1.342, -2.4475 1.5354 1.3414, -2.446 1.5354 1.3418, -2.446 1.5521 1.3412, -2.4516 1.5354 1.3394, -2.4507 1.5354 1.3398, -2.4508 1.552 1.3393, -2.4565 1.5354 1.3349, -2.4548 1.5354 1.3367, -2.4549 1.5517 1.3362, -2.4532 1.5354 1.3382, -2.4596 1.5354 1.3291, -2.4576 1.5354 1.3333, -2.458 1.5515 1.3321, -2.4602 1.5354 1.3272, -2.4599 1.5354 1.3279, -2.46 1.5511 1.3274, -2.446 1.6014 1.3339, -2.446 1.6484 1.3193, -2.446 1.706 1.2874, -2.446 1.6639 1.3124, -2.446 1.8041 1.1675, -2.446 1.78 1.2113, -2.446 1.7437 1.2556, -2.446 1.7497 1.2494, -2.446 1.8205 1.1207, -2.4508 1.601 1.332, -2.4508 1.6476 1.3175, -2.4508 1.663 1.3106, -2.4508 1.7048 1.2858, -2.4508 1.7424 1.2542, -2.4508 1.7483 1.248, -2.4508 1.7783 1.2102, -2.4508 1.8023 1.1667, -2.4508 1.8186 1.1202, -2.4508 1.824 1.0952, -2.4508 1.8281 1.0472, -2.4549 1.6003 1.329, -2.4549 1.6464 1.3146, -2.4549 1.6616 1.3078, -2.4549 1.703 1.2833, -2.4549 1.7401 1.252, -2.4549 1.746 1.2459, -2.4549 1.7757 1.2085, -2.4549 1.7994 1.1655, -2.4549 1.8156 1.1194, -2.4549 1.8209 1.0946, -2.4549 1.8249 1.0472, -2.458 1.5994 1.325, -2.458 1.6448 1.3109, -2.458 1.6599 1.3041, -2.458 1.7007 1.2799, -2.458 1.7373 1.2491, -2.458 1.7431 1.2431, -2.458 1.7723 1.2062, -2.458 1.7957 1.1638, -2.458 1.8117 1.1183, -2.458 1.8169 1.0939, -2.458 1.8209 1.0472, -2.46 1.5983 1.3204, -2.46 1.643 1.3065, -2.46 1.6578 1.2998, -2.46 1.6979 1.2761, -2.46 1.7339 1.2457, -2.46 1.7396 1.2399, -2.46 1.7684 1.2036, -2.46 1.7914 1.1619, -2.46 1.8071 1.1171, -2.46 1.8122 1.0932, -2.46 1.8161 1.0472, -2.46 1.8161 0.2953, -2.458 1.8209 0.2953, -2.4549 1.8249 0.2953, -2.4508 1.8281 0.2953, -2.446 1.83 0.2953, -2.46 1.9291 0.1823, -2.46 1.8999 0.1861, -2.458 1.9291 0.187, -2.458 1.9011 0.1907, -2.4549 1.9291 0.1911, -2.4549 1.9022 0.1946, -2.4508 1.9291 0.1942, -2.4508 1.903 0.1977, -2.446 1.9291 0.1962, -2.446 1.9035 0.1996, -2.46 1.8726 0.1974, -2.458 1.875 0.2015, -2.4549 1.877 0.205, -2.4508 1.8786 0.2078, -2.446 1.8796 0.2095, -2.46 1.8492 0.2154, -2.458 1.8526 0.2187, -2.4549 1.8555 0.2216, -2.4508 1.8577 0.2238, -2.446 1.8591 0.2252, -2.46 1.8313 0.2388, -2.458 1.8354 0.2411, -2.4549 1.8389 0.2432, -2.4508 1.8416 0.2447, -2.446 1.8433 0.2457, -2.46 1.82 0.266, -2.458 1.8246 0.2673, -2.4549 1.8285 0.2683, -2.4508 1.8315 0.2691, -2.446 1.8334 0.2696, -2.4599 2.7564 0.1823, -2.4598 2.7565 0.1827, -2.458 2.7568 0.187, -2.4579 2.7568 0.1872, -2.4549 2.7569 0.1911, -2.451 2.7568 0.1941, -2.4508 2.7568 0.1942, -2.4465 2.7565 0.1961, -2.446 2.7564 0.1961, -3.2346 1.5354 1.1467, -3.2388 1.5354 1.1487, -3.2382 1.5422 1.1482, -3.2449 1.5354 1.1547, -3.2453 1.5354 1.1556, -3.2454 1.5425 1.1554, -3.2475 1.5354 1.1607, -3.2469 1.5354 1.1588, -3.2474 1.5427 1.1601, -3.2473 1.5354 1.1603, -3.2437 1.5354 1.1531, -3.2404 1.5354 1.1498, -3.2423 1.5424 1.1513, -3.2422 1.5354 1.1515, -3.2327 1.5354 1.1461, -3.2334 1.5422 1.1462, -3.2334 1.5354 1.1464, -3.2334 1.5554 1.1448, -3.2334 1.5762 1.1376, -3.2334 1.587 1.1319, -3.2334 1.6055 1.1173, -3.2474 1.5581 1.1585, -3.2474 1.5819 1.1503, -3.2474 1.5942 1.1438, -3.2474 1.6153 1.1272, -3.2474 1.6328 1.1045, -3.2454 1.5572 1.1538, -3.2454 1.58 1.1459, -3.2454 1.5917 1.1397, -3.2454 1.612 1.1238, -3.2454 1.6287 1.1021, -3.2423 1.5564 1.1498, -3.2423 1.5783 1.1422, -3.2423 1.5896 1.1362, -3.2423 1.6091 1.1209, -3.2423 1.6252 1.1001, -3.2382 1.5558 1.1467, -3.2382 1.577 1.1394, -3.2382 1.588 1.1336, -3.2382 1.6069 1.1187, -3.2382 1.6225 1.0985, -3.2334 1.6208 1.0975, -3.2334 1.6253 1.0888, -3.2382 1.6271 1.0897, -3.2423 1.6299 1.091, -3.2454 1.6336 1.0927, -3.2474 1.6379 1.0947, -3.2334 1.6327 1.0662, -3.2382 1.6346 1.0665, -3.2423 1.6377 1.0672, -3.2454 1.6417 1.0679, -3.2474 1.6463 1.0689, -3.2334 1.6345 1.0472, -3.2382 1.6365 1.0472, -3.2423 1.6396 1.0472, -3.2454 1.6437 1.0472, -3.2474 1.6484 1.0472, -3.2334 1.6345 0.2953, -3.2382 1.6365 0.2953, -3.2423 1.6396 0.2953, -3.2454 1.6437 0.2953, -3.2474 1.6484 0.2953, -3.2334 1.9291 0.0007, -3.2334 1.8529 0.0107, -3.2382 1.9291 0.0026, -3.2382 1.8534 0.0126, -3.2423 1.9291 0.0058, -3.2423 1.8542 0.0156, -3.2454 1.9291 0.0098, -3.2454 1.8553 0.0196, -3.2474 1.9291 0.0146, -3.2474 1.8565 0.0242, -3.2334 1.7818 0.0401, -3.2382 1.7828 0.0418, -3.2423 1.7844 0.0446, -3.2454 1.7864 0.0481, -3.2474 1.7888 0.0522, -3.2334 1.7208 0.087, -3.2382 1.7222 0.0883, -3.2423 1.7244 0.0906, -3.2454 1.7273 0.0934, -3.2474 1.7307 0.0968, -3.2334 1.674 0.148, -3.2382 1.6757 0.149, -3.2423 1.6784 0.1505, -3.2454 1.6819 0.1526, -3.2474 1.6861 0.1549, -3.2334 1.6446 0.219, -3.2382 1.6465 0.2195, -3.2423 1.6495 0.2203, -3.2454 1.6534 0.2214, -3.2474 1.658 0.2226, -3.2334 2.7564 0.0007, -3.2339 2.7565 0.0008, -3.2382 2.7568 0.0027, -3.2384 2.7568 0.0027, -3.2423 2.7569 0.0058, -3.2453 2.7568 0.0097, -3.2454 2.7568 0.0099, -3.2472 2.7565 0.0142, -3.2473 2.7564 0.0146, -3.0602 1.5354 1.1488, -3.0611 1.5354 1.1484, -3.061 1.5423 1.1482, -3.0662 1.5354 1.1462, -3.0658 1.5422 1.1462, -3.0644 1.5354 1.1468, -3.0658 1.5354 1.1464, -3.0586 1.5354 1.15, -3.0553 1.5354 1.1533, -3.057 1.5354 1.1515, -3.0569 1.5424 1.1513, -3.0522 1.5354 1.1591, -3.0542 1.5354 1.1549, -3.0538 1.5425 1.1554, -3.0517 1.5354 1.161, -3.0519 1.5427 1.1601, -3.0519 1.5354 1.1603, -3.0658 1.5555 1.1448, -3.0658 1.5762 1.1376, -3.0658 1.587 1.1319, -3.0658 1.6055 1.1173, -3.0658 1.6208 1.0975, -3.0658 1.6253 1.0888, -3.0658 1.6327 1.0662, -3.0658 1.6345 1.0472, -3.061 1.5558 1.1467, -3.061 1.577 1.1393, -3.061 1.588 1.1335, -3.061 1.6069 1.1187, -3.061 1.6225 1.0985, -3.061 1.6271 1.0897, -3.061 1.6346 1.0665, -3.061 1.6365 1.0472, -3.0569 1.5564 1.1498, -3.0569 1.5783 1.1422, -3.0569 1.5896 1.1362, -3.0569 1.6091 1.1209, -3.0569 1.6252 1.1001, -3.0569 1.6299 1.091, -3.0569 1.6377 1.0671, -3.0569 1.6396 1.0472, -3.0538 1.5572 1.1538, -3.0538 1.58 1.1459, -3.0538 1.5918 1.1397, -3.0538 1.612 1.1238, -3.0538 1.6287 1.1021, -3.0538 1.6336 1.0927, -3.0538 1.6417 1.0679, -3.0538 1.6437 1.0472, -3.0519 1.5582 1.1585, -3.0519 1.582 1.1502, -3.0519 1.5942 1.1437, -3.0519 1.6153 1.1272, -3.0519 1.6328 1.1045, -3.0519 1.6379 1.0947, -3.0519 1.6463 1.0689, -3.0519 1.6484 1.0472, -3.0519 1.6484 0.2953, -3.0538 1.6437 0.2953, -3.0569 1.6396 0.2953, -3.061 1.6365 0.2953, -3.0658 1.6345 0.2953, -3.0658 1.6446 0.219, -3.061 1.6465 0.2195, -3.0569 1.6495 0.2203, -3.0538 1.6534 0.2214, -3.0519 1.658 0.2226, -3.0658 1.674 0.148, -3.061 1.6757 0.149, -3.0569 1.6784 0.1505, -3.0538 1.6819 0.1526, -3.0519 1.6861 0.1549, -3.0658 1.7208 0.087, -3.061 1.7222 0.0883, -3.0569 1.7244 0.0906, -3.0538 1.7273 0.0934, -3.0519 1.7307 0.0968, -3.0658 1.7818 0.0401, -3.061 1.7828 0.0418, -3.0569 1.7844 0.0446, -3.0538 1.7864 0.0481, -3.0519 1.7888 0.0522, -3.0658 1.8529 0.0107, -3.061 1.8534 0.0126, -3.0569 1.8542 0.0156, -3.0538 1.8553 0.0196, -3.0519 1.8565 0.0242, -3.0658 1.9291 0.0007, -3.061 1.9291 0.0026, -3.0569 1.9291 0.0058, -3.0538 1.9291 0.0098, -3.0519 1.9291 0.0146, -3.0519 2.7564 0.0146, -3.052 2.7565 0.0142, -3.0538 2.7568 0.0099, -3.0539 2.7568 0.0097, -3.0569 2.7569 0.0058, -3.0608 2.7568 0.0027, -3.061 2.7568 0.0027, -3.0653 2.7565 0.0008, -3.0658 2.7564 0.0007, -3.0658 1.8205 1.1206, -3.0658 1.78 1.2113, -3.0517 1.5354 1.3275, -3.0523 1.5354 1.3294, -3.0519 1.5354 1.3279, -3.0519 1.5512 1.3274, -3.0543 1.5354 1.3335, -3.0539 1.5354 1.3326, -3.0538 1.5515 1.3321, -3.0588 1.5354 1.3384, -3.057 1.5354 1.3367, -3.0569 1.5518 1.3362, -3.0555 1.5354 1.3351, -3.0646 1.5354 1.3415, -3.0604 1.5354 1.3395, -3.061 1.552 1.3393, -3.0665 1.5354 1.342, -3.0658 1.5354 1.3418, -3.0658 1.5521 1.3412, -3.0658 1.6014 1.3339, -3.0658 1.6484 1.3193, -3.0658 1.6639 1.3124, -3.0658 1.706 1.2874, -3.0658 1.7438 1.2556, -3.0658 1.7497 1.2494, -3.0519 1.5984 1.3204, -3.0519 1.643 1.3065, -3.0519 1.6578 1.2998, -3.0519 1.6979 1.2761, -3.0519 1.7339 1.2457, -3.0519 1.7396 1.2398, -3.0519 1.7684 1.2036, -3.0538 1.5994 1.325, -3.0538 1.6449 1.3109, -3.0538 1.6599 1.3041, -3.0538 1.7007 1.2799, -3.0538 1.7373 1.2491, -3.0538 1.7431 1.2431, -3.0538 1.7723 1.2062, -3.0569 1.6003 1.329, -3.0569 1.6464 1.3146, -3.0569 1.6617 1.3078, -3.0569 1.703 1.2833, -3.0569 1.7402 1.2519, -3.0569 1.746 1.2459, -3.0569 1.7757 1.2085, -3.061 1.601 1.332, -3.061 1.6476 1.3175, -3.061 1.663 1.3106, -3.061 1.7049 1.2858, -3.061 1.7424 1.2542, -3.061 1.7483 1.248, -3.061 1.7783 1.2102, -3.0658 1.8041 1.1675, -3.061 1.8023 1.1667, -3.0569 1.7994 1.1654, -3.0538 1.7957 1.1638, -3.0519 1.7914 1.1618, -3.061 1.8186 1.1201, -3.0569 1.8156 1.1194, -3.0538 1.8117 1.1183, -3.0519 1.8071 1.1171, -3.0658 1.8259 1.0955, -3.061 1.824 1.0952, -3.0569 1.8209 1.0946, -3.0538 1.8169 1.0939, -3.0519 1.8122 1.0932, -3.0658 1.83 1.0472, -3.061 1.8281 1.0472, -3.0569 1.8249 1.0472, -3.0538 1.8209 1.0472, -3.0519 1.8161 1.0472, -3.0658 1.83 0.2953, -3.061 1.8281 0.2953, -3.0569 1.8249 0.2953, -3.0538 1.8209 0.2953, -3.0519 1.8161 0.2953, -3.0519 1.82 0.266, -3.0538 1.8246 0.2673, -3.0569 1.8285 0.2683, -3.061 1.8315 0.2691, -3.0658 1.8334 0.2696, -3.0519 1.8313 0.2388, -3.0538 1.8354 0.2411, -3.0569 1.8389 0.2432, -3.061 1.8416 0.2447, -3.0658 1.8433 0.2457, -3.0519 1.8492 0.2154, -3.0538 1.8526 0.2187, -3.0569 1.8555 0.2216, -3.061 1.8577 0.2238, -3.0658 1.8591 0.2252, -3.0519 1.8726 0.1974, -3.0538 1.875 0.2015, -3.0569 1.877 0.205, -3.061 1.8786 0.2078, -3.0658 1.8796 0.2095, -3.0519 1.8999 0.1861, -3.0538 1.9011 0.1907, -3.0569 1.9022 0.1946, -3.061 1.903 0.1977, -3.0658 1.9035 0.1996, -3.0519 1.9291 0.1823, -3.0538 1.9291 0.187, -3.0569 1.9291 0.1911, -3.061 1.9291 0.1942, -3.0658 1.9291 0.1962, -3.0658 2.7564 0.1961, -3.0653 2.7565 0.1961, -3.061 2.7568 0.1942, -3.0608 2.7568 0.1941, -3.0569 2.7569 0.1911, -3.0539 2.7568 0.1872, -3.0538 2.7568 0.187, -3.052 2.7565 0.1827, -3.0519 2.7564 0.1823, -3.0658 0.9428 1.3418, -3.0519 0.5217 1.3279, -3.0516 -0.276 1.3268, -3.0519 -0.2761 1.3279, -3.0521 -0.2761 1.3283, -3.0538 0.5217 1.3327, -3.053 -0.2764 1.3312, -3.0581 -0.2766 1.3379, -3.057 -0.2766 1.3367, -3.0569 0.5217 1.3368, -3.0567 -0.2766 1.3365, -3.0539 -0.2765 1.3329, -3.0638 -0.2763 1.3412, -3.062 -0.2764 1.3404, -3.061 0.5217 1.3399, -3.0611 -0.2765 1.3398, -3.0609 -0.2765 1.3397, -3.0658 0.5217 1.3418, -3.0683 -0.2759 1.3423, -3.0658 -0.2761 1.3417, -3.0654 -0.2761 1.3416, -3.0519 1.2501 1.3279, -3.0519 1.3189 1.3279, -3.0538 1.2501 1.3327, -3.0538 1.3189 1.3327, -3.0569 1.2501 1.3368, -3.0569 1.3189 1.3368, -3.061 1.2501 1.3399, -3.061 1.3189 1.3399, -3.0658 1.2501 1.3418, -3.0658 1.3189 1.3418, -3.0519 0.9428 1.3279, -3.0538 0.9428 1.3327, -3.0569 0.9428 1.3368, -3.061 0.9428 1.3399, -3.2334 1.2501 1.3418, -3.2334 0.5217 1.3418, -3.2334 -0.2761 1.3418, -3.2323 -0.276 1.3421, -3.2338 -0.2761 1.3416, -3.2382 0.5217 1.3399, -3.2367 -0.2764 1.3407, -3.2434 -0.2766 1.3356, -3.2423 -0.2766 1.3367, -3.2423 0.5217 1.3368, -3.242 -0.2766 1.337, -3.2384 -0.2765 1.3398, -3.2467 -0.2763 1.3299, -3.2459 -0.2764 1.3317, -3.2454 0.5217 1.3327, -3.2453 -0.2765 1.3326, -3.2452 -0.2765 1.3328, -3.2474 0.5217 1.3279, -3.2479 -0.2759 1.3254, -3.2472 -0.2761 1.3279, -3.2471 -0.2761 1.3283, -3.2334 1.3189 1.3418, -3.2382 1.2501 1.3399, -3.2382 1.3189 1.3399, -3.2423 1.2501 1.3368, -3.2423 1.3189 1.3368, -3.2454 1.2501 1.3327, -3.2454 1.3189 1.3327, -3.2474 1.2501 1.3279, -3.2474 1.3189 1.3279, -3.2474 0.9428 1.3279, -3.2454 0.9428 1.3327, -3.2423 0.9428 1.3368, -3.2382 0.9428 1.3399, -3.2334 0.9428 1.3418, -3.0658 1.2451 1.1463, -3.0658 0.5217 1.1463, -3.0658 -0.0042 1.1463, -3.0669 -0.276 1.1461, -3.0658 -0.2761 1.1464, -3.0654 -0.2761 1.1466, -3.061 -0.0042 1.1483, -3.0625 -0.2764 1.1475, -3.0558 -0.2766 1.1526, -3.057 -0.2766 1.1514, -3.0569 -0.0042 1.1514, -3.0572 -0.2766 1.1512, -3.0608 -0.2765 1.1484, -3.0525 -0.2763 1.1583, -3.0533 -0.2764 1.1565, -3.0538 -0.0042 1.1555, -3.0539 -0.2765 1.1556, -3.054 -0.2765 1.1554, -3.0519 -0.0042 1.1603, -3.0514 -0.2759 1.1628, -3.052 -0.2761 1.1603, -3.0521 -0.2761 1.1599, -3.0519 0.5217 1.1603, -3.0538 0.5217 1.1555, -3.0569 0.5217 1.1514, -3.061 0.5217 1.1483, -3.0519 1.2451 1.1603, -3.0538 1.2451 1.1555, -3.0569 1.2451 1.1514, -3.061 1.2451 1.1483, -3.0519 1.3189 1.1603, -3.0538 1.3189 1.1555, -3.0569 1.3189 1.1514, -3.061 1.3189 1.1483, -3.0658 1.3189 1.1463, -3.2334 0.5217 1.1463, -3.2474 -0.0042 1.1603, -3.2476 -0.276 1.1614, -3.2473 -0.2761 1.1603, -3.2471 -0.2761 1.1599, -3.2454 -0.0042 1.1555, -3.2462 -0.2764 1.157, -3.2411 -0.2766 1.1503, -3.2423 -0.2766 1.1514, -3.2423 -0.0042 1.1514, -3.2425 -0.2766 1.1517, -3.2453 -0.2765 1.1553, -3.2354 -0.2763 1.147, -3.2372 -0.2764 1.1478, -3.2382 -0.0042 1.1483, -3.2381 -0.2765 1.1484, -3.2383 -0.2765 1.1485, -3.2334 -0.0042 1.1463, -3.2309 -0.2759 1.1458, -3.2334 -0.2761 1.1465, -3.2338 -0.2761 1.1466, -3.2382 0.5217 1.1483, -3.2423 0.5217 1.1514, -3.2454 0.5217 1.1555, -3.2474 0.5217 1.1603, -3.2334 1.2451 1.1463, -3.2382 1.2451 1.1483, -3.2423 1.2451 1.1514, -3.2454 1.2451 1.1555, -3.2474 1.2451 1.1603, -3.2334 1.3189 1.1463, -3.2382 1.3189 1.1483, -3.2423 1.3189 1.1514, -3.2454 1.3189 1.1555, -3.2474 1.3189 1.1603, -3.2334 1.83 1.0472, -3.2334 1.8259 1.0955, -3.233 1.5354 1.342, -3.2349 1.5354 1.3414, -3.2334 1.5354 1.3418, -3.2334 1.5521 1.3412, -3.239 1.5354 1.3394, -3.2381 1.5354 1.3398, -3.2382 1.552 1.3393, -3.2439 1.5354 1.3349, -3.2422 1.5354 1.3367, -3.2423 1.5517 1.3362, -3.2406 1.5354 1.3382, -3.247 1.5354 1.3291, -3.245 1.5354 1.3333, -3.2454 1.5515 1.3321, -3.2476 1.5354 1.3272, -3.2473 1.5354 1.3279, -3.2474 1.5511 1.3274, -3.2334 1.6014 1.3339, -3.2334 1.6484 1.3193, -3.2334 1.706 1.2874, -3.2334 1.6639 1.3124, -3.2334 1.8041 1.1675, -3.2334 1.78 1.2113, -3.2334 1.7437 1.2556, -3.2334 1.7497 1.2494, -3.2334 1.8205 1.1207, -3.2382 1.601 1.332, -3.2382 1.6476 1.3175, -3.2382 1.663 1.3106, -3.2382 1.7048 1.2858, -3.2382 1.7424 1.2542, -3.2382 1.7483 1.248, -3.2382 1.7783 1.2102, -3.2382 1.8023 1.1667, -3.2382 1.8186 1.1202, -3.2382 1.824 1.0952, -3.2382 1.8281 1.0472, -3.2423 1.6003 1.329, -3.2423 1.6464 1.3146, -3.2423 1.6616 1.3078, -3.2423 1.703 1.2833, -3.2423 1.7401 1.252, -3.2423 1.746 1.2459, -3.2423 1.7757 1.2085, -3.2423 1.7994 1.1655, -3.2423 1.8156 1.1194, -3.2423 1.8209 1.0946, -3.2423 1.8249 1.0472, -3.2454 1.5994 1.325, -3.2454 1.6448 1.3109, -3.2454 1.6599 1.3041, -3.2454 1.7007 1.2799, -3.2454 1.7373 1.2491, -3.2454 1.7431 1.2431, -3.2454 1.7723 1.2062, -3.2454 1.7957 1.1638, -3.2454 1.8117 1.1183, -3.2454 1.8169 1.0939, -3.2454 1.8209 1.0472, -3.2474 1.5983 1.3204, -3.2474 1.643 1.3065, -3.2474 1.6578 1.2998, -3.2474 1.6979 1.2761, -3.2474 1.7339 1.2457, -3.2474 1.7396 1.2399, -3.2474 1.7684 1.2036, -3.2474 1.7914 1.1619, -3.2474 1.8071 1.1171, -3.2474 1.8122 1.0932, -3.2474 1.8161 1.0472, -3.2474 1.8161 0.2953, -3.2454 1.8209 0.2953, -3.2423 1.8249 0.2953, -3.2382 1.8281 0.2953, -3.2334 1.83 0.2953, -3.2474 1.9291 0.1823, -3.2474 1.8999 0.1861, -3.2454 1.9291 0.187, -3.2454 1.9011 0.1907, -3.2423 1.9291 0.1911, -3.2423 1.9022 0.1946, -3.2382 1.9291 0.1942, -3.2382 1.903 0.1977, -3.2334 1.9291 0.1962, -3.2334 1.9035 0.1996, -3.2474 1.8726 0.1974, -3.2454 1.875 0.2015, -3.2423 1.877 0.205, -3.2382 1.8786 0.2078, -3.2334 1.8796 0.2095, -3.2474 1.8492 0.2154, -3.2454 1.8526 0.2187, -3.2423 1.8555 0.2216, -3.2382 1.8577 0.2238, -3.2334 1.8591 0.2252, -3.2474 1.8313 0.2388, -3.2454 1.8354 0.2411, -3.2423 1.8389 0.2432, -3.2382 1.8416 0.2447, -3.2334 1.8433 0.2457, -3.2474 1.82 0.266, -3.2454 1.8246 0.2673, -3.2423 1.8285 0.2683, -3.2382 1.8315 0.2691, -3.2334 1.8334 0.2696, -3.2473 2.7564 0.1823, -3.2472 2.7565 0.1827, -3.2454 2.7568 0.187, -3.2453 2.7568 0.1872, -3.2423 2.7569 0.1911, -3.2384 2.7568 0.1941, -3.2382 2.7568 0.1942, -3.2339 2.7565 0.1961, -3.2334 2.7564 0.1961, -4.022 1.5354 1.1467, -4.0262 1.5354 1.1487, -4.0256 1.5422 1.1482, -4.0323 1.5354 1.1547, -4.0327 1.5354 1.1556, -4.0328 1.5425 1.1554, -4.0349 1.5354 1.1607, -4.0343 1.5354 1.1588, -4.0348 1.5427 1.1601, -4.0347 1.5354 1.1603, -4.0311 1.5354 1.1531, -4.0278 1.5354 1.1498, -4.0297 1.5424 1.1513, -4.0296 1.5354 1.1515, -4.0201 1.5354 1.1461, -4.0208 1.5422 1.1462, -4.0208 1.5354 1.1464, -4.0208 1.5554 1.1448, -4.0208 1.5762 1.1376, -4.0208 1.587 1.1319, -4.0208 1.6055 1.1173, -4.0348 1.5581 1.1585, -4.0348 1.5819 1.1503, -4.0348 1.5942 1.1438, -4.0348 1.6153 1.1272, -4.0348 1.6328 1.1045, -4.0328 1.5572 1.1538, -4.0328 1.58 1.1459, -4.0328 1.5917 1.1397, -4.0328 1.612 1.1238, -4.0328 1.6287 1.1021, -4.0297 1.5564 1.1498, -4.0297 1.5783 1.1422, -4.0297 1.5896 1.1362, -4.0297 1.6091 1.1209, -4.0297 1.6252 1.1001, -4.0256 1.5558 1.1467, -4.0256 1.577 1.1394, -4.0256 1.588 1.1336, -4.0256 1.6069 1.1187, -4.0256 1.6225 1.0985, -4.0208 1.6208 1.0975, -4.0208 1.6253 1.0888, -4.0256 1.6271 1.0897, -4.0297 1.6299 1.091, -4.0328 1.6336 1.0927, -4.0348 1.6379 1.0947, -4.0208 1.6327 1.0662, -4.0256 1.6346 1.0665, -4.0297 1.6377 1.0672, -4.0328 1.6417 1.0679, -4.0348 1.6463 1.0689, -4.0208 1.6345 1.0472, -4.0256 1.6365 1.0472, -4.0297 1.6396 1.0472, -4.0328 1.6437 1.0472, -4.0348 1.6484 1.0472, -4.0208 1.6345 0.2953, -4.0256 1.6365 0.2953, -4.0297 1.6396 0.2953, -4.0328 1.6437 0.2953, -4.0348 1.6484 0.2953, -4.0208 1.9291 0.0007, -4.0208 1.8529 0.0107, -4.0256 1.9291 0.0026, -4.0256 1.8534 0.0126, -4.0297 1.9291 0.0058, -4.0297 1.8542 0.0156, -4.0328 1.9291 0.0098, -4.0328 1.8553 0.0196, -4.0348 1.9291 0.0146, -4.0348 1.8565 0.0242, -4.0208 1.7818 0.0401, -4.0256 1.7828 0.0418, -4.0297 1.7844 0.0446, -4.0328 1.7864 0.0481, -4.0348 1.7888 0.0522, -4.0208 1.7208 0.087, -4.0256 1.7222 0.0883, -4.0297 1.7244 0.0906, -4.0328 1.7273 0.0934, -4.0348 1.7307 0.0968, -4.0208 1.674 0.148, -4.0256 1.6757 0.149, -4.0297 1.6784 0.1505, -4.0328 1.6819 0.1526, -4.0348 1.6861 0.1549, -4.0208 1.6446 0.219, -4.0256 1.6465 0.2195, -4.0297 1.6495 0.2203, -4.0328 1.6534 0.2214, -4.0348 1.658 0.2226, -4.0208 2.7564 0.0007, -4.0213 2.7565 0.0008, -4.0256 2.7568 0.0027, -4.0258 2.7568 0.0027, -4.0297 2.7569 0.0058, -4.0327 2.7568 0.0097, -4.0328 2.7568 0.0099, -4.0346 2.7565 0.0142, -4.0347 2.7564 0.0146, -3.8476 1.5354 1.1488, -3.8485 1.5354 1.1484, -3.8484 1.5423 1.1482, -3.8536 1.5354 1.1462, -3.8518 1.5354 1.1468, -3.8532 1.5422 1.1462, -3.8532 1.5354 1.1464, -3.846 1.5354 1.15, -3.8427 1.5354 1.1533, -3.8444 1.5354 1.1515, -3.8443 1.5424 1.1513, -3.8396 1.5354 1.1591, -3.8416 1.5354 1.1549, -3.8412 1.5425 1.1554, -3.8391 1.5354 1.161, -3.8393 1.5427 1.1601, -3.8393 1.5354 1.1603, -3.8532 1.5555 1.1448, -3.8532 1.5762 1.1376, -3.8532 1.587 1.1319, -3.8532 1.6055 1.1173, -3.8532 1.6208 1.0975, -3.8532 1.6253 1.0888, -3.8532 1.6327 1.0662, -3.8532 1.6345 1.0472, -3.8484 1.5558 1.1467, -3.8484 1.577 1.1393, -3.8484 1.588 1.1335, -3.8484 1.6069 1.1187, -3.8484 1.6225 1.0985, -3.8484 1.6271 1.0897, -3.8484 1.6346 1.0665, -3.8484 1.6365 1.0472, -3.8443 1.5564 1.1498, -3.8443 1.5783 1.1422, -3.8443 1.5896 1.1362, -3.8443 1.6091 1.1209, -3.8443 1.6252 1.1001, -3.8443 1.6299 1.091, -3.8443 1.6377 1.0671, -3.8443 1.6396 1.0472, -3.8412 1.5572 1.1538, -3.8412 1.58 1.1459, -3.8412 1.5918 1.1397, -3.8412 1.612 1.1238, -3.8412 1.6287 1.1021, -3.8412 1.6336 1.0927, -3.8412 1.6417 1.0679, -3.8412 1.6437 1.0472, -3.8393 1.5582 1.1585, -3.8393 1.582 1.1502, -3.8393 1.5942 1.1437, -3.8393 1.6153 1.1272, -3.8393 1.6328 1.1045, -3.8393 1.6379 1.0947, -3.8393 1.6463 1.0689, -3.8393 1.6484 1.0472, -3.8393 1.6484 0.2953, -3.8412 1.6437 0.2953, -3.8443 1.6396 0.2953, -3.8484 1.6365 0.2953, -3.8532 1.6345 0.2953, -3.8532 1.6446 0.219, -3.8484 1.6465 0.2195, -3.8443 1.6495 0.2203, -3.8412 1.6534 0.2214, -3.8393 1.658 0.2226, -3.8532 1.674 0.148, -3.8484 1.6757 0.149, -3.8443 1.6784 0.1505, -3.8412 1.6819 0.1526, -3.8393 1.6861 0.1549, -3.8532 1.7208 0.087, -3.8484 1.7222 0.0883, -3.8443 1.7244 0.0906, -3.8412 1.7273 0.0934, -3.8393 1.7307 0.0968, -3.8532 1.7818 0.0401, -3.8484 1.7828 0.0418, -3.8443 1.7844 0.0446, -3.8412 1.7864 0.0481, -3.8393 1.7888 0.0522, -3.8532 1.8529 0.0107, -3.8484 1.8534 0.0126, -3.8443 1.8542 0.0156, -3.8412 1.8553 0.0196, -3.8393 1.8565 0.0242, -3.8532 1.9291 0.0007, -3.8484 1.9291 0.0026, -3.8443 1.9291 0.0058, -3.8412 1.9291 0.0098, -3.8393 1.9291 0.0146, -3.8393 2.7564 0.0146, -3.8394 2.7565 0.0142, -3.8412 2.7568 0.0099, -3.8413 2.7568 0.0097, -3.8443 2.7569 0.0058, -3.8482 2.7568 0.0027, -3.8484 2.7568 0.0027, -3.8527 2.7565 0.0008, -3.8532 2.7564 0.0007, -3.8532 1.8205 1.1206, -3.8532 1.78 1.2113, -3.8391 1.5354 1.3275, -3.8397 1.5354 1.3294, -3.8393 1.5354 1.3279, -3.8393 1.5512 1.3274, -3.8417 1.5354 1.3335, -3.8413 1.5354 1.3326, -3.8412 1.5515 1.3321, -3.8462 1.5354 1.3384, -3.8444 1.5354 1.3367, -3.8443 1.5518 1.3362, -3.8429 1.5354 1.3351, -3.852 1.5354 1.3415, -3.8478 1.5354 1.3395, -3.8484 1.552 1.3393, -3.8539 1.5354 1.342, -3.8532 1.5354 1.3418, -3.8532 1.5521 1.3412, -3.8532 1.6014 1.3339, -3.8532 1.6484 1.3193, -3.8532 1.6639 1.3124, -3.8532 1.706 1.2874, -3.8532 1.7438 1.2556, -3.8532 1.7497 1.2494, -3.8393 1.5984 1.3204, -3.8393 1.643 1.3065, -3.8393 1.6578 1.2998, -3.8393 1.6979 1.2761, -3.8393 1.7339 1.2457, -3.8393 1.7396 1.2398, -3.8393 1.7684 1.2036, -3.8412 1.5994 1.325, -3.8412 1.6449 1.3109, -3.8412 1.6599 1.3041, -3.8412 1.7007 1.2799, -3.8412 1.7373 1.2491, -3.8412 1.7431 1.2431, -3.8412 1.7723 1.2062, -3.8443 1.6003 1.329, -3.8443 1.6464 1.3146, -3.8443 1.6617 1.3078, -3.8443 1.703 1.2833, -3.8443 1.7402 1.2519, -3.8443 1.746 1.2459, -3.8443 1.7757 1.2085, -3.8484 1.601 1.332, -3.8484 1.6476 1.3175, -3.8484 1.663 1.3106, -3.8484 1.7049 1.2858, -3.8484 1.7424 1.2542, -3.8484 1.7483 1.248, -3.8484 1.7783 1.2102, -3.8532 1.8041 1.1675, -3.8484 1.8023 1.1667, -3.8443 1.7994 1.1654, -3.8412 1.7957 1.1638, -3.8393 1.7914 1.1618, -3.8484 1.8186 1.1201, -3.8443 1.8156 1.1194, -3.8412 1.8117 1.1183, -3.8393 1.8071 1.1171, -3.8532 1.8259 1.0955, -3.8484 1.824 1.0952, -3.8443 1.8209 1.0946, -3.8412 1.8169 1.0939, -3.8393 1.8122 1.0932, -3.8532 1.83 1.0472, -3.8484 1.8281 1.0472, -3.8443 1.8249 1.0472, -3.8412 1.8209 1.0472, -3.8393 1.8161 1.0472, -3.8532 1.83 0.2953, -3.8484 1.8281 0.2953, -3.8443 1.8249 0.2953, -3.8412 1.8209 0.2953, -3.8393 1.8161 0.2953, -3.8393 1.82 0.266, -3.8412 1.8246 0.2673, -3.8443 1.8285 0.2683, -3.8484 1.8315 0.2691, -3.8532 1.8334 0.2696, -3.8393 1.8313 0.2388, -3.8412 1.8354 0.2411, -3.8443 1.8389 0.2432, -3.8484 1.8416 0.2447, -3.8532 1.8433 0.2457, -3.8393 1.8492 0.2154, -3.8412 1.8526 0.2187, -3.8443 1.8555 0.2216, -3.8484 1.8577 0.2238, -3.8532 1.8591 0.2252, -3.8393 1.8726 0.1974, -3.8412 1.875 0.2015, -3.8443 1.877 0.205, -3.8484 1.8786 0.2078, -3.8532 1.8796 0.2095, -3.8393 1.8999 0.1861, -3.8412 1.9011 0.1907, -3.8443 1.9022 0.1946, -3.8484 1.903 0.1977, -3.8532 1.9035 0.1996, -3.8393 1.9291 0.1823, -3.8412 1.9291 0.187, -3.8443 1.9291 0.1911, -3.8484 1.9291 0.1942, -3.8532 1.9291 0.1962, -3.8532 2.7564 0.1961, -3.8527 2.7565 0.1961, -3.8484 2.7568 0.1942, -3.8482 2.7568 0.1941, -3.8443 2.7569 0.1911, -3.8413 2.7568 0.1872, -3.8412 2.7568 0.187, -3.8394 2.7565 0.1827, -3.8393 2.7564 0.1823, -3.8532 0.9428 1.3418, -3.8393 0.5217 1.3279, -3.839 -0.276 1.3268, -3.8393 -0.2761 1.3279, -3.8395 -0.2761 1.3283, -3.8412 0.5217 1.3327, -3.8404 -0.2764 1.3312, -3.8455 -0.2766 1.3379, -3.8444 -0.2766 1.3367, -3.8443 0.5217 1.3368, -3.8441 -0.2766 1.3365, -3.8413 -0.2765 1.3329, -3.8512 -0.2763 1.3412, -3.8494 -0.2764 1.3404, -3.8484 0.5217 1.3399, -3.8485 -0.2765 1.3398, -3.8483 -0.2765 1.3397, -3.8532 0.5217 1.3418, -3.8557 -0.2759 1.3423, -3.8532 -0.2761 1.3417, -3.8528 -0.2761 1.3416, -3.8393 1.2501 1.3279, -3.8393 1.3189 1.3279, -3.8412 1.2501 1.3327, -3.8412 1.3189 1.3327, -3.8443 1.2501 1.3368, -3.8443 1.3189 1.3368, -3.8484 1.2501 1.3399, -3.8484 1.3189 1.3399, -3.8532 1.2501 1.3418, -3.8532 1.3189 1.3418, -3.8393 0.9428 1.3279, -3.8412 0.9428 1.3327, -3.8443 0.9428 1.3368, -3.8484 0.9428 1.3399, -4.0208 1.2501 1.3418, -4.0208 0.5217 1.3418, -4.0208 -0.2761 1.3418, -4.0197 -0.276 1.3421, -4.0212 -0.2761 1.3416, -4.0256 0.5217 1.3399, -4.0241 -0.2764 1.3407, -4.0308 -0.2766 1.3356, -4.0297 -0.2766 1.3367, -4.0297 0.5217 1.3368, -4.0294 -0.2766 1.337, -4.0258 -0.2765 1.3398, -4.0341 -0.2763 1.3299, -4.0333 -0.2764 1.3317, -4.0328 0.5217 1.3327, -4.0327 -0.2765 1.3326, -4.0326 -0.2765 1.3328, -4.0348 0.5217 1.3279, -4.0353 -0.2759 1.3254, -4.0346 -0.2761 1.3279, -4.0345 -0.2761 1.3283, -4.0208 1.3189 1.3418, -4.0256 1.2501 1.3399, -4.0256 1.3189 1.3399, -4.0297 1.2501 1.3368, -4.0297 1.3189 1.3368, -4.0328 1.2501 1.3327, -4.0328 1.3189 1.3327, -4.0348 1.2501 1.3279, -4.0348 1.3189 1.3279, -4.0348 0.9428 1.3279, -4.0328 0.9428 1.3327, -4.0297 0.9428 1.3368, -4.0256 0.9428 1.3399, -4.0208 0.9428 1.3418, -3.8532 1.2451 1.1463, -3.8532 0.5217 1.1463, -3.8532 -0.0042 1.1463, -3.8543 -0.276 1.1461, -3.8532 -0.2761 1.1464, -3.8528 -0.2761 1.1466, -3.8484 -0.0042 1.1483, -3.8499 -0.2764 1.1475, -3.8433 -0.2766 1.1526, -3.8444 -0.2766 1.1514, -3.8443 -0.0042 1.1514, -3.8446 -0.2766 1.1512, -3.8482 -0.2765 1.1484, -3.8399 -0.2763 1.1583, -3.8407 -0.2764 1.1565, -3.8412 -0.0042 1.1555, -3.8413 -0.2765 1.1556, -3.8414 -0.2765 1.1554, -3.8393 -0.0042 1.1603, -3.8388 -0.2759 1.1628, -3.8394 -0.2761 1.1603, -3.8395 -0.2761 1.1599, -3.8393 0.5217 1.1603, -3.8412 0.5217 1.1555, -3.8443 0.5217 1.1514, -3.8484 0.5217 1.1483, -3.8393 1.2451 1.1603, -3.8412 1.2451 1.1555, -3.8443 1.2451 1.1514, -3.8484 1.2451 1.1483, -3.8393 1.3189 1.1603, -3.8412 1.3189 1.1555, -3.8443 1.3189 1.1514, -3.8484 1.3189 1.1483, -3.8532 1.3189 1.1463, -4.0208 0.5217 1.1463, -4.0348 -0.0042 1.1603, -4.035 -0.276 1.1614, -4.0347 -0.2761 1.1603, -4.0345 -0.2761 1.1599, -4.0328 -0.0042 1.1555, -4.0336 -0.2764 1.157, -4.0285 -0.2766 1.1503, -4.0297 -0.2766 1.1514, -4.0297 -0.0042 1.1514, -4.0299 -0.2766 1.1517, -4.0327 -0.2765 1.1553, -4.0228 -0.2763 1.147, -4.0246 -0.2764 1.1478, -4.0256 -0.0042 1.1483, -4.0255 -0.2765 1.1484, -4.0257 -0.2765 1.1485, -4.0208 -0.0042 1.1463, -4.0183 -0.2759 1.1458, -4.0208 -0.2761 1.1465, -4.0212 -0.2761 1.1466, -4.0256 0.5217 1.1483, -4.0297 0.5217 1.1514, -4.0328 0.5217 1.1555, -4.0348 0.5217 1.1603, -4.0208 1.2451 1.1463, -4.0256 1.2451 1.1483, -4.0297 1.2451 1.1514, -4.0328 1.2451 1.1555, -4.0348 1.2451 1.1603, -4.0208 1.3189 1.1463, -4.0256 1.3189 1.1483, -4.0297 1.3189 1.1514, -4.0328 1.3189 1.1555, -4.0348 1.3189 1.1603, -4.0208 1.83 1.0472, -4.0208 1.8259 1.0955, -4.0204 1.5354 1.342, -4.0223 1.5354 1.3414, -4.0208 1.5354 1.3418, -4.0208 1.5521 1.3412, -4.0264 1.5354 1.3394, -4.0255 1.5354 1.3398, -4.0256 1.552 1.3393, -4.0313 1.5354 1.3349, -4.0296 1.5354 1.3367, -4.0297 1.5517 1.3362, -4.028 1.5354 1.3382, -4.0344 1.5354 1.3291, -4.0324 1.5354 1.3333, -4.0328 1.5515 1.3321, -4.035 1.5354 1.3272, -4.0347 1.5354 1.3279, -4.0348 1.5511 1.3274, -4.0208 1.6014 1.3339, -4.0208 1.6484 1.3193, -4.0208 1.706 1.2874, -4.0208 1.6639 1.3124, -4.0208 1.8041 1.1675, -4.0208 1.78 1.2113, -4.0208 1.7437 1.2556, -4.0208 1.7497 1.2494, -4.0208 1.8205 1.1207, -4.0256 1.601 1.332, -4.0256 1.6476 1.3175, -4.0256 1.663 1.3106, -4.0256 1.7048 1.2858, -4.0256 1.7424 1.2542, -4.0256 1.7483 1.248, -4.0256 1.7783 1.2102, -4.0256 1.8023 1.1667, -4.0256 1.8186 1.1202, -4.0256 1.824 1.0952, -4.0256 1.8281 1.0472, -4.0297 1.6003 1.329, -4.0297 1.6464 1.3146, -4.0297 1.6616 1.3078, -4.0297 1.703 1.2833, -4.0297 1.7401 1.252, -4.0297 1.746 1.2459, -4.0297 1.7757 1.2085, -4.0297 1.7994 1.1655, -4.0297 1.8156 1.1194, -4.0297 1.8209 1.0946, -4.0297 1.8249 1.0472, -4.0328 1.5994 1.325, -4.0328 1.6448 1.3109, -4.0328 1.6599 1.3041, -4.0328 1.7007 1.2799, -4.0328 1.7373 1.2491, -4.0328 1.7431 1.2431, -4.0328 1.7723 1.2062, -4.0328 1.7957 1.1638, -4.0328 1.8117 1.1183, -4.0328 1.8169 1.0939, -4.0328 1.8209 1.0472, -4.0348 1.5983 1.3204, -4.0348 1.643 1.3065, -4.0348 1.6578 1.2998, -4.0348 1.6979 1.2761, -4.0348 1.7339 1.2457, -4.0348 1.7396 1.2399, -4.0348 1.7684 1.2036, -4.0348 1.7914 1.1619, -4.0348 1.8071 1.1171, -4.0348 1.8122 1.0932, -4.0348 1.8161 1.0472, -4.0348 1.8161 0.2953, -4.0328 1.8209 0.2953, -4.0297 1.8249 0.2953, -4.0256 1.8281 0.2953, -4.0208 1.83 0.2953, -4.0348 1.9291 0.1823, -4.0348 1.8999 0.1861, -4.0328 1.9291 0.187, -4.0328 1.9011 0.1907, -4.0297 1.9291 0.1911, -4.0297 1.9022 0.1946, -4.0256 1.9291 0.1942, -4.0256 1.903 0.1977, -4.0208 1.9291 0.1962, -4.0208 1.9035 0.1996, -4.0348 1.8726 0.1974, -4.0328 1.875 0.2015, -4.0297 1.877 0.205, -4.0256 1.8786 0.2078, -4.0208 1.8796 0.2095, -4.0348 1.8492 0.2154, -4.0328 1.8526 0.2187, -4.0297 1.8555 0.2216, -4.0256 1.8577 0.2238, -4.0208 1.8591 0.2252, -4.0348 1.8313 0.2388, -4.0328 1.8354 0.2411, -4.0297 1.8389 0.2432, -4.0256 1.8416 0.2447, -4.0208 1.8433 0.2457, -4.0348 1.82 0.266, -4.0328 1.8246 0.2673, -4.0297 1.8285 0.2683, -4.0256 1.8315 0.2691, -4.0208 1.8334 0.2696, -4.0347 2.7564 0.1823, -4.0346 2.7565 0.1827, -4.0328 2.7568 0.187, -4.0327 2.7568 0.1872, -4.0297 2.7569 0.1911, -4.0258 2.7568 0.1941, -4.0256 2.7568 0.1942, -4.0213 2.7565 0.1961, -4.0208 2.7564 0.1961, -4.8082 1.5422 1.1462, -4.8094 1.5354 1.1467, -4.8136 1.5354 1.1487, -4.813 1.5422 1.1482, -4.8197 1.5354 1.1547, -4.8201 1.5354 1.1556, -4.8202 1.5425 1.1554, -4.8223 1.5354 1.1607, -4.8217 1.5354 1.1588, -4.8222 1.5427 1.1601, -4.8221 1.5354 1.1603, -4.8185 1.5354 1.1531, -4.8152 1.5354 1.1498, -4.8171 1.5424 1.1513, -4.817 1.5354 1.1515, -4.8082 1.5354 1.1464, -4.8075 1.5354 1.1461, -4.8082 1.5554 1.1448, -4.8082 1.5762 1.1376, -4.8082 1.587 1.1319, -4.8082 1.6055 1.1173, -4.8222 1.5581 1.1585, -4.8222 1.5819 1.1503, -4.8222 1.5942 1.1438, -4.8222 1.6153 1.1272, -4.8222 1.6328 1.1045, -4.8202 1.5572 1.1538, -4.8202 1.58 1.1459, -4.8202 1.5917 1.1397, -4.8202 1.612 1.1238, -4.8202 1.6287 1.1021, -4.8171 1.5564 1.1498, -4.8171 1.5783 1.1422, -4.8171 1.5896 1.1362, -4.8171 1.6091 1.1209, -4.8171 1.6252 1.1001, -4.813 1.5558 1.1467, -4.813 1.577 1.1394, -4.813 1.588 1.1336, -4.813 1.6069 1.1187, -4.813 1.6225 1.0985, -4.8082 1.6208 1.0975, -4.8082 1.6253 1.0888, -4.813 1.6271 1.0897, -4.8171 1.6299 1.091, -4.8202 1.6336 1.0927, -4.8222 1.6379 1.0947, -4.8082 1.6327 1.0662, -4.813 1.6346 1.0665, -4.8171 1.6377 1.0672, -4.8202 1.6417 1.0679, -4.8222 1.6463 1.0689, -4.8082 1.6345 1.0472, -4.813 1.6365 1.0472, -4.8171 1.6396 1.0472, -4.8202 1.6437 1.0472, -4.8222 1.6484 1.0472, -4.8082 1.6345 0.2953, -4.813 1.6365 0.2953, -4.8171 1.6396 0.2953, -4.8202 1.6437 0.2953, -4.8222 1.6484 0.2953, -4.8082 1.9291 0.0007, -4.8082 1.8529 0.0107, -4.813 1.9291 0.0026, -4.813 1.8534 0.0126, -4.8171 1.9291 0.0058, -4.8171 1.8542 0.0156, -4.8202 1.9291 0.0098, -4.8202 1.8553 0.0196, -4.8222 1.9291 0.0146, -4.8222 1.8565 0.0242, -4.8082 1.7818 0.0401, -4.813 1.7828 0.0418, -4.8171 1.7844 0.0446, -4.8202 1.7864 0.0481, -4.8222 1.7888 0.0522, -4.8082 1.7208 0.087, -4.813 1.7222 0.0883, -4.8171 1.7244 0.0906, -4.8202 1.7273 0.0934, -4.8222 1.7307 0.0968, -4.8082 1.674 0.148, -4.813 1.6757 0.149, -4.8171 1.6784 0.1505, -4.8202 1.6819 0.1526, -4.8222 1.6861 0.1549, -4.8082 1.6446 0.219, -4.813 1.6465 0.2195, -4.8171 1.6495 0.2203, -4.8202 1.6534 0.2214, -4.8222 1.658 0.2226, -4.8082 2.7564 0.0007, -4.8087 2.7565 0.0008, -4.813 2.7568 0.0027, -4.8132 2.7568 0.0027, -4.8171 2.7569 0.0058, -4.8201 2.7568 0.0097, -4.8202 2.7568 0.0099, -4.822 2.7565 0.0142, -4.8221 2.7564 0.0146, -4.635 1.5354 1.1488, -4.6359 1.5354 1.1484, -4.6358 1.5423 1.1482, -4.641 1.5354 1.1462, -4.6406 1.5422 1.1462, -4.6392 1.5354 1.1468, -4.6406 1.5354 1.1464, -4.6334 1.5354 1.15, -4.6301 1.5354 1.1533, -4.6318 1.5354 1.1515, -4.6318 1.5424 1.1513, -4.627 1.5354 1.1591, -4.629 1.5354 1.1549, -4.6286 1.5425 1.1554, -4.6265 1.5354 1.161, -4.6267 1.5427 1.1601, -4.6267 1.5354 1.1603, -4.6406 1.5555 1.1448, -4.6406 1.5762 1.1376, -4.6406 1.587 1.1319, -4.6406 1.6055 1.1173, -4.6406 1.6208 1.0975, -4.6406 1.6253 1.0888, -4.6406 1.6327 1.0662, -4.6406 1.6345 1.0472, -4.6358 1.5558 1.1467, -4.6358 1.577 1.1393, -4.6358 1.588 1.1335, -4.6358 1.6069 1.1187, -4.6358 1.6225 1.0985, -4.6358 1.6271 1.0897, -4.6358 1.6346 1.0665, -4.6358 1.6365 1.0472, -4.6318 1.5564 1.1498, -4.6318 1.5783 1.1422, -4.6318 1.5896 1.1362, -4.6318 1.6091 1.1209, -4.6318 1.6252 1.1001, -4.6318 1.6299 1.091, -4.6318 1.6377 1.0671, -4.6318 1.6396 1.0472, -4.6286 1.5572 1.1538, -4.6286 1.58 1.1459, -4.6286 1.5918 1.1397, -4.6286 1.612 1.1238, -4.6286 1.6287 1.1021, -4.6286 1.6336 1.0927, -4.6286 1.6417 1.0679, -4.6286 1.6437 1.0472, -4.6267 1.5582 1.1585, -4.6267 1.582 1.1502, -4.6267 1.5942 1.1437, -4.6267 1.6153 1.1272, -4.6267 1.6328 1.1045, -4.6267 1.6379 1.0947, -4.6267 1.6463 1.0689, -4.6267 1.6484 1.0472, -4.6267 1.6484 0.2953, -4.6286 1.6437 0.2953, -4.6318 1.6396 0.2953, -4.6358 1.6365 0.2953, -4.6406 1.6345 0.2953, -4.6406 1.6446 0.219, -4.6358 1.6465 0.2195, -4.6318 1.6495 0.2203, -4.6286 1.6534 0.2214, -4.6267 1.658 0.2226, -4.6406 1.674 0.148, -4.6358 1.6757 0.149, -4.6318 1.6784 0.1505, -4.6286 1.6819 0.1526, -4.6267 1.6861 0.1549, -4.6406 1.7208 0.087, -4.6358 1.7222 0.0883, -4.6318 1.7244 0.0906, -4.6286 1.7273 0.0934, -4.6267 1.7307 0.0968, -4.6406 1.7818 0.0401, -4.6358 1.7828 0.0418, -4.6318 1.7844 0.0446, -4.6286 1.7864 0.0481, -4.6267 1.7888 0.0522, -4.6406 1.8529 0.0107, -4.6358 1.8534 0.0126, -4.6318 1.8542 0.0156, -4.6286 1.8553 0.0196, -4.6267 1.8565 0.0242, -4.6406 1.9291 0.0007, -4.6358 1.9291 0.0026, -4.6318 1.9291 0.0058, -4.6286 1.9291 0.0098, -4.6267 1.9291 0.0146, -4.6267 2.7564 0.0146, -4.6268 2.7565 0.0142, -4.6286 2.7568 0.0099, -4.6287 2.7568 0.0097, -4.6318 2.7569 0.0058, -4.6356 2.7568 0.0027, -4.6358 2.7568 0.0027, -4.6402 2.7565 0.0008, -4.6406 2.7564 0.0007, -4.6406 1.8205 1.1206, -4.6406 1.78 1.2113, -4.6265 1.5354 1.3275, -4.6271 1.5354 1.3294, -4.6267 1.5354 1.3279, -4.6267 1.5512 1.3274, -4.6291 1.5354 1.3335, -4.6287 1.5354 1.3326, -4.6286 1.5515 1.3321, -4.6336 1.5354 1.3384, -4.6318 1.5354 1.3367, -4.6318 1.5518 1.3362, -4.6303 1.5354 1.3351, -4.6394 1.5354 1.3415, -4.6352 1.5354 1.3395, -4.6358 1.552 1.3393, -4.6413 1.5354 1.342, -4.6406 1.5354 1.3418, -4.6406 1.5521 1.3412, -4.6406 1.6014 1.3339, -4.6406 1.6484 1.3193, -4.6406 1.6639 1.3124, -4.6406 1.706 1.2874, -4.6406 1.7438 1.2556, -4.6406 1.7497 1.2494, -4.6267 1.5984 1.3204, -4.6267 1.643 1.3065, -4.6267 1.6578 1.2998, -4.6267 1.6979 1.2761, -4.6267 1.7339 1.2457, -4.6267 1.7396 1.2398, -4.6267 1.7684 1.2036, -4.6286 1.5994 1.325, -4.6286 1.6449 1.3109, -4.6286 1.6599 1.3041, -4.6286 1.7007 1.2799, -4.6286 1.7373 1.2491, -4.6286 1.7431 1.2431, -4.6286 1.7723 1.2062, -4.6318 1.6003 1.329, -4.6318 1.6464 1.3146, -4.6318 1.6617 1.3078, -4.6318 1.703 1.2833, -4.6318 1.7402 1.2519, -4.6318 1.746 1.2459, -4.6318 1.7757 1.2085, -4.6358 1.601 1.332, -4.6358 1.6476 1.3175, -4.6358 1.663 1.3106, -4.6358 1.7049 1.2858, -4.6358 1.7424 1.2542, -4.6358 1.7483 1.248, -4.6358 1.7783 1.2102, -4.6406 1.8041 1.1675, -4.6358 1.8023 1.1667, -4.6318 1.7994 1.1654, -4.6286 1.7957 1.1638, -4.6267 1.7914 1.1618, -4.6358 1.8186 1.1201, -4.6318 1.8156 1.1194, -4.6286 1.8117 1.1183, -4.6267 1.8071 1.1171, -4.6406 1.8259 1.0955, -4.6358 1.824 1.0952, -4.6318 1.8209 1.0946, -4.6286 1.8169 1.0939, -4.6267 1.8122 1.0932, -4.6406 1.83 1.0472, -4.6358 1.8281 1.0472, -4.6318 1.8249 1.0472, -4.6286 1.8209 1.0472, -4.6267 1.8161 1.0472, -4.6406 1.83 0.2953, -4.6358 1.8281 0.2953, -4.6318 1.8249 0.2953, -4.6286 1.8209 0.2953, -4.6267 1.8161 0.2953, -4.6267 1.82 0.266, -4.6286 1.8246 0.2673, -4.6318 1.8285 0.2683, -4.6358 1.8315 0.2691, -4.6406 1.8334 0.2696, -4.6267 1.8313 0.2388, -4.6286 1.8354 0.2411, -4.6318 1.8389 0.2432, -4.6358 1.8416 0.2447, -4.6406 1.8433 0.2457, -4.6267 1.8492 0.2154, -4.6286 1.8526 0.2187, -4.6318 1.8555 0.2216, -4.6358 1.8577 0.2238, -4.6406 1.8591 0.2252, -4.6267 1.8726 0.1974, -4.6286 1.875 0.2015, -4.6318 1.877 0.205, -4.6358 1.8786 0.2078, -4.6406 1.8796 0.2095, -4.6267 1.8999 0.1861, -4.6286 1.9011 0.1907, -4.6318 1.9022 0.1946, -4.6358 1.903 0.1977, -4.6406 1.9035 0.1996, -4.6267 1.9291 0.1823, -4.6286 1.9291 0.187, -4.6318 1.9291 0.1911, -4.6358 1.9291 0.1942, -4.6406 1.9291 0.1962, -4.6406 2.7564 0.1961, -4.6402 2.7565 0.1961, -4.6358 2.7568 0.1942, -4.6356 2.7568 0.1941, -4.6318 2.7569 0.1911, -4.6287 2.7568 0.1872, -4.6286 2.7568 0.187, -4.6268 2.7565 0.1827, -4.6267 2.7564 0.1823, -4.6406 0.9428 1.3418, -4.6267 0.5217 1.3279, -4.6264 -0.276 1.3268, -4.6268 -0.2761 1.3279, -4.6269 -0.2761 1.3283, -4.6286 0.5217 1.3327, -4.6278 -0.2764 1.3312, -4.6329 -0.2766 1.3379, -4.6318 -0.2766 1.3367, -4.6318 0.5217 1.3368, -4.6315 -0.2766 1.3365, -4.6287 -0.2765 1.3329, -4.6386 -0.2763 1.3412, -4.6368 -0.2764 1.3404, -4.6358 0.5217 1.3399, -4.6359 -0.2765 1.3398, -4.6357 -0.2765 1.3397, -4.6406 0.5217 1.3418, -4.6431 -0.2759 1.3423, -4.6406 -0.2761 1.3417, -4.6402 -0.2761 1.3416, -4.6267 1.2501 1.3279, -4.6267 1.3189 1.3279, -4.6286 1.2501 1.3327, -4.6286 1.3189 1.3327, -4.6318 1.2501 1.3368, -4.6318 1.3189 1.3368, -4.6358 1.2501 1.3399, -4.6358 1.3189 1.3399, -4.6406 1.2501 1.3418, -4.6406 1.3189 1.3418, -4.6267 0.9428 1.3279, -4.6286 0.9428 1.3327, -4.6318 0.9428 1.3368, -4.6358 0.9428 1.3399, -4.8082 1.2501 1.3418, -4.8082 0.5217 1.3418, -4.8082 -0.2761 1.3418, -4.8071 -0.276 1.3421, -4.8086 -0.2761 1.3416, -4.813 0.5217 1.3399, -4.8115 -0.2764 1.3407, -4.8182 -0.2766 1.3356, -4.8171 -0.2766 1.3367, -4.8171 0.5217 1.3368, -4.8168 -0.2766 1.337, -4.8132 -0.2765 1.3398, -4.8215 -0.2763 1.3299, -4.8207 -0.2764 1.3317, -4.8202 0.5217 1.3327, -4.8201 -0.2765 1.3326, -4.82 -0.2765 1.3328, -4.8222 0.5217 1.3279, -4.8227 -0.2759 1.3254, -4.822 -0.2761 1.3279, -4.8219 -0.2761 1.3283, -4.8082 1.3189 1.3418, -4.813 1.2501 1.3399, -4.813 1.3189 1.3399, -4.8171 1.2501 1.3368, -4.8171 1.3189 1.3368, -4.8202 1.2501 1.3327, -4.8202 1.3189 1.3327, -4.8222 1.2501 1.3279, -4.8222 1.3189 1.3279, -4.8222 0.9428 1.3279, -4.8202 0.9428 1.3327, -4.8171 0.9428 1.3368, -4.813 0.9428 1.3399, -4.8082 0.9428 1.3418, -4.6406 1.2451 1.1463, -4.6406 0.5217 1.1463, -4.6406 -0.0042 1.1463, -4.6417 -0.276 1.1461, -4.6406 -0.2761 1.1464, -4.6402 -0.2761 1.1466, -4.6358 -0.0042 1.1483, -4.6373 -0.2764 1.1475, -4.6307 -0.2766 1.1526, -4.6318 -0.2766 1.1514, -4.6318 -0.0042 1.1514, -4.632 -0.2766 1.1512, -4.6356 -0.2765 1.1484, -4.6273 -0.2763 1.1583, -4.6281 -0.2764 1.1565, -4.6286 -0.0042 1.1555, -4.6287 -0.2765 1.1556, -4.6288 -0.2765 1.1554, -4.6267 -0.0042 1.1603, -4.6262 -0.2759 1.1628, -4.6268 -0.2761 1.1603, -4.6269 -0.2761 1.1599, -4.6267 0.5217 1.1603, -4.6286 0.5217 1.1555, -4.6318 0.5217 1.1514, -4.6358 0.5217 1.1483, -4.6267 1.2451 1.1603, -4.6286 1.2451 1.1555, -4.6318 1.2451 1.1514, -4.6358 1.2451 1.1483, -4.6267 1.3189 1.1603, -4.6286 1.3189 1.1555, -4.6318 1.3189 1.1514, -4.6358 1.3189 1.1483, -4.6406 1.3189 1.1463, -4.8082 0.5217 1.1463, -4.8222 -0.0042 1.1603, -4.8224 -0.276 1.1614, -4.8221 -0.2761 1.1603, -4.8219 -0.2761 1.1599, -4.8202 -0.0042 1.1555, -4.821 -0.2764 1.157, -4.8159 -0.2766 1.1503, -4.8171 -0.2766 1.1514, -4.8171 -0.0042 1.1514, -4.8173 -0.2766 1.1517, -4.8201 -0.2765 1.1553, -4.8102 -0.2763 1.147, -4.8121 -0.2764 1.1478, -4.813 -0.0042 1.1483, -4.8129 -0.2765 1.1484, -4.8131 -0.2765 1.1485, -4.8082 -0.0042 1.1463, -4.8057 -0.2759 1.1458, -4.8082 -0.2761 1.1465, -4.8086 -0.2761 1.1466, -4.813 0.5217 1.1483, -4.8171 0.5217 1.1514, -4.8202 0.5217 1.1555, -4.8222 0.5217 1.1603, -4.8082 1.2451 1.1463, -4.813 1.2451 1.1483, -4.8171 1.2451 1.1514, -4.8202 1.2451 1.1555, -4.8222 1.2451 1.1603, -4.8082 1.3189 1.1463, -4.813 1.3189 1.1483, -4.8171 1.3189 1.1514, -4.8202 1.3189 1.1555, -4.8222 1.3189 1.1603, -4.8082 1.83 1.0472, -4.8082 1.8259 1.0955, -4.8078 1.5354 1.342, -4.8097 1.5354 1.3414, -4.8082 1.5354 1.3418, -4.8082 1.5521 1.3412, -4.8138 1.5354 1.3394, -4.813 1.5354 1.3398, -4.813 1.552 1.3393, -4.8187 1.5354 1.3349, -4.817 1.5354 1.3367, -4.8171 1.5517 1.3362, -4.8154 1.5354 1.3382, -4.8218 1.5354 1.3291, -4.8198 1.5354 1.3333, -4.8202 1.5515 1.3321, -4.8224 1.5354 1.3272, -4.8221 1.5354 1.3279, -4.8222 1.5511 1.3274, -4.8082 1.6014 1.3339, -4.8082 1.6484 1.3193, -4.8082 1.706 1.2874, -4.8082 1.6639 1.3124, -4.8082 1.8041 1.1675, -4.8082 1.78 1.2113, -4.8082 1.7437 1.2556, -4.8082 1.7497 1.2494, -4.8082 1.8205 1.1207, -4.813 1.601 1.332, -4.813 1.6476 1.3175, -4.813 1.663 1.3106, -4.813 1.7048 1.2858, -4.813 1.7424 1.2542, -4.813 1.7483 1.248, -4.813 1.7783 1.2102, -4.813 1.8023 1.1667, -4.813 1.8186 1.1202, -4.813 1.824 1.0952, -4.813 1.8281 1.0472, -4.8171 1.6003 1.329, -4.8171 1.6464 1.3146, -4.8171 1.6616 1.3078, -4.8171 1.703 1.2833, -4.8171 1.7401 1.252, -4.8171 1.746 1.2459, -4.8171 1.7757 1.2085, -4.8171 1.7994 1.1655, -4.8171 1.8156 1.1194, -4.8171 1.8209 1.0946, -4.8171 1.8249 1.0472, -4.8202 1.5994 1.325, -4.8202 1.6448 1.3109, -4.8202 1.6599 1.3041, -4.8202 1.7007 1.2799, -4.8202 1.7373 1.2491, -4.8202 1.7431 1.2431, -4.8202 1.7723 1.2062, -4.8202 1.7957 1.1638, -4.8202 1.8117 1.1183, -4.8202 1.8169 1.0939, -4.8202 1.8209 1.0472, -4.8222 1.5983 1.3204, -4.8222 1.643 1.3065, -4.8222 1.6578 1.2998, -4.8222 1.6979 1.2761, -4.8222 1.7339 1.2457, -4.8222 1.7396 1.2399, -4.8222 1.7684 1.2036, -4.8222 1.7914 1.1619, -4.8222 1.8071 1.1171, -4.8222 1.8122 1.0932, -4.8222 1.8161 1.0472, -4.8222 1.8161 0.2953, -4.8202 1.8209 0.2953, -4.8171 1.8249 0.2953, -4.813 1.8281 0.2953, -4.8082 1.83 0.2953, -4.8222 1.9291 0.1823, -4.8222 1.8999 0.1861, -4.8202 1.9291 0.187, -4.8202 1.9011 0.1907, -4.8171 1.9291 0.1911, -4.8171 1.9022 0.1946, -4.813 1.9291 0.1942, -4.813 1.903 0.1977, -4.8082 1.9291 0.1962, -4.8082 1.9035 0.1996, -4.8222 1.8726 0.1974, -4.8202 1.875 0.2015, -4.8171 1.877 0.205, -4.813 1.8786 0.2078, -4.8082 1.8796 0.2095, -4.8222 1.8492 0.2154, -4.8202 1.8526 0.2187, -4.8171 1.8555 0.2216, -4.813 1.8577 0.2238, -4.8082 1.8591 0.2252, -4.8222 1.8313 0.2388, -4.8202 1.8354 0.2411, -4.8171 1.8389 0.2432, -4.813 1.8416 0.2447, -4.8082 1.8433 0.2457, -4.8222 1.82 0.266, -4.8202 1.8246 0.2673, -4.8171 1.8285 0.2683, -4.813 1.8315 0.2691, -4.8082 1.8334 0.2696, -4.8221 2.7564 0.1823, -4.822 2.7565 0.1827, -4.8202 2.7568 0.187, -4.8201 2.7568 0.1872, -4.8171 2.7569 0.1911, -4.8132 2.7568 0.1941, -4.813 2.7568 0.1942, -4.8087 2.7565 0.1961, -4.8082 2.7564 0.1961, -4.8082 2.7564 0.1961
            ]
        }
        coordIndex [
            0,1,2,-1,2,1,3,-1,2,3,4,-1,4,3,5,-1,4,5,6,-1,6,5,7,-1,6,7,8,-1,8,7,9,-1,8,9,10,-1,10,9,11,-1,10,11,12,-1,12,11,13,-1,12,13,14,-1,14,13,15,-1,14,15,16,-1,16,15,17,-1,16,17,18,-1,18,17,19,-1,18,19,20,-1,20,19,21,-1,20,21,22,-1,22,21,23,-1,22,23,24,-1,24,23,25,-1,24,25,26,-1,26,25,27,-1,26,27,28,-1,29,30,31,-1,31,30,32,-1,31,32,28,-1,28,32,33,-1,28,33,26,-1,34,35,36,-1,37,38,39,-1,39,38,40,-1,39,40,41,-1,42,43,44,-1,44,43,45,-1,44,45,46,-1,46,45,47,-1,46,47,48,-1,48,47,49,-1,48,49,50,-1,50,49,41,-1,50,41,51,-1,51,41,40,-1,36,52,34,-1,34,52,53,-1,34,53,54,-1,54,53,55,-1,54,55,37,-1,37,55,56,-1,37,56,38,-1,57,58,59,-1,59,58,60,-1,59,60,61,-1,61,60,62,-1,61,62,63,-1,63,62,64,-1,63,64,65,-1,65,64,66,-1,65,66,67,-1,67,66,68,-1,67,68,69,-1,69,68,70,-1,69,70,71,-1,71,70,72,-1,71,72,73,-1,73,72,74,-1,73,74,75,-1,75,74,76,-1,75,76,77,-1,77,76,78,-1,77,78,79,-1,79,78,80,-1,79,80,81,-1,81,80,82,-1,81,82,83,-1,83,82,84,-1,83,84,85,-1,85,84,86,-1,85,86,87,-1,87,86,88,-1,87,88,89,-1,89,88,90,-1,89,90,91,-1,91,90,92,-1,91,92,93,-1,93,92,94,-1,95,96,97,-1,97,96,98,-1,97,98,99,-1,99,98,100,-1,99,100,101,-1,102,103,104,-1,104,103,105,-1,104,105,106,-1,106,105,107,-1,108,109,110,-1,110,109,111,-1,110,111,107,-1,107,111,112,-1,107,112,106,-1,100,113,101,-1,101,113,114,-1,101,114,115,-1,115,114,116,-1,115,116,108,-1,108,116,117,-1,108,117,109,-1,118,119,0,-1,0,119,1,-1,36,35,120,-1,120,35,121,-1,58,57,122,-1,122,57,123,-1,103,102,124,-1,124,102,125,-1,119,118,126,-1,119,126,127,-1,127,126,128,-1,127,128,129,-1,129,128,130,-1,129,130,131,-1,131,130,132,-1,131,132,133,-1,133,132,134,-1,133,134,135,-1,135,134,136,-1,135,136,137,-1,120,121,138,-1,138,121,139,-1,138,139,140,-1,140,139,141,-1,140,141,142,-1,142,141,143,-1,142,143,144,-1,144,143,145,-1,144,145,146,-1,146,145,147,-1,146,147,148,-1,148,147,149,-1,150,151,152,-1,152,151,153,-1,152,153,154,-1,154,153,155,-1,154,155,156,-1,156,155,157,-1,156,157,158,-1,158,157,159,-1,158,159,160,-1,160,159,161,-1,160,161,123,-1,123,161,122,-1,162,163,164,-1,164,163,165,-1,164,165,166,-1,166,165,167,-1,166,167,168,-1,168,167,169,-1,168,169,170,-1,170,169,171,-1,170,171,172,-1,172,171,173,-1,172,173,125,-1,125,173,124,-1,174,175,136,-1,136,175,137,-1,148,149,176,-1,176,149,177,-1,178,179,150,-1,150,179,151,-1,163,162,180,-1,180,162,181,-1,182,183,184,-1,185,186,187,-1,184,183,185,-1,185,183,186,-1,186,183,188,-1,186,188,189,-1,183,190,188,-1,188,190,191,-1,188,191,192,-1,192,191,193,-1,194,195,187,-1,187,195,196,-1,187,196,185,-1,197,198,189,-1,189,198,199,-1,189,199,186,-1,197,200,198,-1,198,200,201,-1,198,201,202,-1,203,204,184,-1,184,204,205,-1,184,205,182,-1,193,191,206,-1,206,191,207,-1,206,207,208,-1,208,207,209,-1,208,209,210,-1,194,211,195,-1,195,211,212,-1,195,212,213,-1,213,212,214,-1,213,214,215,-1,215,214,216,-1,202,201,217,-1,217,201,218,-1,217,218,219,-1,203,220,204,-1,204,220,221,-1,204,221,222,-1,222,221,223,-1,222,223,224,-1,224,223,225,-1,226,227,228,-1,228,227,229,-1,228,229,230,-1,230,229,231,-1,230,231,232,-1,232,231,233,-1,232,233,234,-1,234,233,235,-1,234,235,236,-1,236,235,237,-1,236,237,238,-1,238,237,239,-1,240,241,242,-1,243,244,245,-1,245,244,246,-1,240,242,247,-1,247,242,248,-1,247,248,246,-1,246,248,249,-1,246,249,245,-1,250,251,252,-1,252,251,253,-1,252,253,254,-1,254,253,255,-1,254,255,256,-1,256,255,257,-1,256,257,258,-1,258,257,259,-1,258,259,260,-1,259,261,260,-1,260,261,262,-1,260,262,263,-1,264,265,266,-1,264,266,267,-1,267,266,268,-1,267,268,269,-1,269,268,270,-1,269,270,271,-1,271,270,272,-1,271,272,273,-1,274,275,276,-1,277,278,279,-1,277,280,278,-1,278,280,281,-1,278,281,282,-1,283,284,285,-1,285,284,286,-1,285,286,287,-1,279,283,277,-1,277,283,285,-1,277,285,276,-1,276,285,288,-1,276,288,274,-1,274,288,289,-1,274,289,290,-1,291,292,293,-1,293,292,294,-1,275,295,276,-1,276,295,294,-1,276,294,296,-1,296,294,292,-1,281,297,282,-1,282,297,298,-1,282,298,299,-1,299,298,300,-1,291,293,301,-1,301,293,302,-1,301,302,303,-1,304,305,306,-1,306,305,307,-1,306,307,308,-1,308,307,309,-1,308,309,287,-1,287,309,310,-1,287,310,285,-1,311,312,313,-1,313,312,314,-1,313,314,315,-1,315,314,316,-1,315,316,290,-1,290,316,317,-1,290,317,274,-1,318,319,320,-1,320,319,321,-1,320,321,322,-1,322,321,323,-1,322,323,324,-1,324,323,325,-1,324,325,326,-1,326,325,327,-1,326,327,328,-1,328,327,329,-1,328,329,330,-1,330,329,331,-1,330,331,332,-1,332,331,333,-1,332,333,334,-1,334,333,335,-1,334,335,336,-1,336,335,337,-1,336,337,338,-1,338,337,339,-1,338,339,340,-1,340,339,341,-1,340,341,342,-1,342,341,343,-1,342,343,344,-1,344,343,345,-1,344,345,346,-1,347,348,349,-1,349,348,350,-1,349,350,346,-1,346,350,351,-1,346,351,344,-1,352,353,354,-1,355,356,357,-1,357,356,358,-1,357,358,359,-1,360,361,362,-1,362,361,363,-1,362,363,364,-1,364,363,365,-1,364,365,366,-1,366,365,367,-1,366,367,368,-1,368,367,359,-1,368,359,369,-1,369,359,358,-1,354,370,352,-1,352,370,371,-1,352,371,372,-1,372,371,373,-1,372,373,355,-1,355,373,374,-1,355,374,356,-1,375,376,377,-1,377,376,378,-1,377,378,379,-1,379,378,380,-1,379,380,381,-1,381,380,382,-1,381,382,383,-1,383,382,384,-1,383,384,385,-1,385,384,386,-1,385,386,387,-1,387,386,388,-1,387,388,389,-1,389,388,390,-1,389,390,391,-1,391,390,392,-1,391,392,393,-1,393,392,394,-1,393,394,395,-1,395,394,396,-1,395,396,397,-1,397,396,398,-1,397,398,399,-1,399,398,400,-1,399,400,401,-1,401,400,402,-1,401,402,403,-1,403,402,404,-1,403,404,405,-1,405,404,406,-1,405,406,407,-1,407,406,408,-1,407,408,409,-1,409,408,410,-1,409,410,411,-1,411,410,412,-1,413,414,415,-1,415,414,416,-1,415,416,417,-1,417,416,418,-1,417,418,419,-1,420,421,422,-1,422,421,423,-1,422,423,424,-1,424,423,425,-1,426,427,428,-1,428,427,429,-1,428,429,425,-1,425,429,430,-1,425,430,424,-1,418,431,419,-1,419,431,432,-1,419,432,433,-1,433,432,434,-1,433,434,426,-1,426,434,435,-1,426,435,427,-1,436,437,318,-1,318,437,319,-1,354,353,438,-1,438,353,439,-1,376,375,440,-1,440,375,441,-1,421,420,442,-1,442,420,443,-1,437,436,444,-1,437,444,445,-1,445,444,446,-1,445,446,447,-1,447,446,448,-1,447,448,449,-1,449,448,450,-1,449,450,451,-1,451,450,452,-1,451,452,453,-1,453,452,454,-1,453,454,455,-1,438,439,456,-1,456,439,457,-1,456,457,458,-1,458,457,459,-1,458,459,460,-1,460,459,461,-1,460,461,462,-1,462,461,463,-1,462,463,464,-1,464,463,465,-1,464,465,466,-1,466,465,467,-1,468,469,470,-1,470,469,471,-1,470,471,472,-1,472,471,473,-1,472,473,474,-1,474,473,475,-1,474,475,476,-1,476,475,477,-1,476,477,478,-1,478,477,479,-1,478,479,441,-1,441,479,440,-1,480,481,482,-1,482,481,483,-1,482,483,484,-1,484,483,485,-1,484,485,486,-1,486,485,487,-1,486,487,488,-1,488,487,489,-1,488,489,490,-1,490,489,491,-1,490,491,443,-1,443,491,442,-1,492,493,454,-1,454,493,455,-1,466,467,494,-1,494,467,495,-1,496,497,468,-1,468,497,469,-1,481,480,498,-1,498,480,499,-1,500,501,502,-1,503,504,505,-1,502,501,503,-1,503,501,504,-1,504,501,506,-1,504,506,507,-1,508,509,510,-1,511,512,501,-1,501,512,513,-1,501,513,506,-1,511,514,512,-1,512,514,515,-1,512,515,516,-1,505,517,503,-1,503,517,510,-1,503,510,518,-1,518,510,509,-1,519,520,521,-1,521,520,522,-1,507,523,504,-1,504,523,522,-1,504,522,524,-1,524,522,520,-1,525,526,502,-1,502,526,527,-1,502,527,500,-1,525,528,526,-1,526,528,529,-1,526,529,530,-1,516,515,531,-1,531,515,532,-1,531,532,533,-1,510,534,508,-1,508,534,535,-1,508,535,536,-1,536,535,537,-1,519,521,538,-1,538,521,539,-1,538,539,540,-1,530,529,541,-1,541,529,542,-1,541,542,543,-1,544,545,546,-1,546,545,547,-1,546,547,548,-1,548,547,549,-1,548,549,550,-1,550,549,551,-1,550,551,552,-1,552,551,553,-1,552,553,554,-1,554,553,555,-1,554,555,556,-1,556,555,557,-1,558,559,560,-1,561,562,563,-1,563,562,564,-1,558,560,565,-1,565,560,566,-1,565,566,564,-1,564,566,567,-1,564,567,563,-1,568,569,570,-1,570,569,571,-1,570,571,572,-1,572,571,573,-1,572,573,574,-1,574,573,575,-1,574,575,576,-1,576,575,577,-1,576,577,578,-1,577,579,578,-1,578,579,580,-1,578,580,581,-1,582,583,584,-1,582,584,585,-1,585,584,586,-1,585,586,587,-1,587,586,588,-1,587,588,589,-1,589,588,590,-1,589,590,591,-1,592,593,594,-1,594,593,595,-1,594,595,596,-1,594,597,592,-1,592,597,598,-1,592,598,599,-1,600,601,602,-1,603,604,605,-1,605,604,606,-1,596,607,594,-1,594,607,606,-1,594,606,608,-1,608,606,604,-1,609,610,611,-1,611,610,612,-1,597,613,598,-1,598,613,612,-1,598,612,614,-1,614,612,610,-1,593,615,595,-1,595,615,602,-1,595,602,616,-1,616,602,601,-1,617,618,619,-1,619,618,620,-1,599,621,592,-1,592,621,620,-1,592,620,622,-1,622,620,618,-1,603,605,623,-1,623,605,624,-1,623,624,625,-1,609,611,626,-1,626,611,627,-1,626,627,628,-1,602,629,600,-1,600,629,630,-1,600,630,631,-1,631,630,632,-1,617,619,633,-1,633,619,634,-1,633,634,635,-1,636,637,638,-1,638,637,639,-1,638,639,640,-1,640,639,641,-1,640,641,642,-1,642,641,643,-1,642,643,644,-1,644,643,645,-1,644,645,646,-1,646,645,647,-1,646,647,648,-1,648,647,649,-1,648,649,650,-1,650,649,651,-1,650,651,652,-1,652,651,653,-1,652,653,654,-1,654,653,655,-1,654,655,656,-1,656,655,657,-1,656,657,658,-1,658,657,659,-1,658,659,660,-1,660,659,661,-1,660,661,662,-1,662,661,663,-1,662,663,664,-1,665,666,667,-1,667,666,668,-1,667,668,664,-1,664,668,669,-1,664,669,662,-1,670,671,672,-1,673,674,675,-1,675,674,676,-1,675,676,677,-1,678,679,680,-1,680,679,681,-1,680,681,682,-1,682,681,683,-1,682,683,684,-1,684,683,685,-1,684,685,686,-1,686,685,677,-1,686,677,687,-1,687,677,676,-1,672,688,670,-1,670,688,689,-1,670,689,690,-1,690,689,691,-1,690,691,673,-1,673,691,692,-1,673,692,674,-1,693,694,695,-1,695,694,696,-1,695,696,697,-1,697,696,698,-1,697,698,699,-1,699,698,700,-1,699,700,701,-1,701,700,702,-1,701,702,703,-1,703,702,704,-1,703,704,705,-1,705,704,706,-1,705,706,707,-1,707,706,708,-1,707,708,709,-1,709,708,710,-1,709,710,711,-1,711,710,712,-1,711,712,713,-1,713,712,714,-1,713,714,715,-1,715,714,716,-1,715,716,717,-1,717,716,718,-1,717,718,719,-1,719,718,720,-1,719,720,721,-1,721,720,722,-1,721,722,723,-1,723,722,724,-1,723,724,725,-1,725,724,726,-1,725,726,727,-1,727,726,728,-1,727,728,729,-1,729,728,730,-1,731,732,733,-1,733,732,734,-1,733,734,735,-1,735,734,736,-1,735,736,737,-1,738,739,740,-1,740,739,741,-1,740,741,742,-1,742,741,743,-1,744,745,746,-1,746,745,747,-1,746,747,743,-1,743,747,748,-1,743,748,742,-1,736,749,737,-1,737,749,750,-1,737,750,751,-1,751,750,752,-1,751,752,744,-1,744,752,753,-1,744,753,745,-1,754,755,636,-1,636,755,637,-1,672,671,756,-1,756,671,757,-1,694,693,758,-1,758,693,759,-1,739,738,760,-1,760,738,761,-1,755,754,762,-1,755,762,763,-1,763,762,764,-1,763,764,765,-1,765,764,766,-1,765,766,767,-1,767,766,768,-1,767,768,769,-1,769,768,770,-1,769,770,771,-1,771,770,772,-1,771,772,773,-1,756,757,774,-1,774,757,775,-1,774,775,776,-1,776,775,777,-1,776,777,778,-1,778,777,779,-1,778,779,780,-1,780,779,781,-1,780,781,782,-1,782,781,783,-1,782,783,784,-1,784,783,785,-1,786,787,788,-1,788,787,789,-1,788,789,790,-1,790,789,791,-1,790,791,792,-1,792,791,793,-1,792,793,794,-1,794,793,795,-1,794,795,796,-1,796,795,797,-1,796,797,759,-1,759,797,758,-1,798,799,800,-1,800,799,801,-1,800,801,802,-1,802,801,803,-1,802,803,804,-1,804,803,805,-1,804,805,806,-1,806,805,807,-1,806,807,808,-1,808,807,809,-1,808,809,761,-1,761,809,760,-1,810,811,772,-1,772,811,773,-1,784,785,812,-1,812,785,813,-1,814,815,786,-1,786,815,787,-1,799,798,816,-1,816,798,817,-1,818,819,820,-1,821,822,823,-1,824,819,825,-1,825,819,826,-1,827,828,829,-1,820,819,830,-1,830,819,824,-1,830,824,831,-1,818,820,822,-1,822,820,832,-1,822,832,823,-1,826,833,825,-1,825,833,834,-1,825,834,835,-1,836,837,838,-1,831,824,828,-1,828,824,839,-1,828,839,829,-1,840,841,842,-1,842,841,843,-1,826,844,833,-1,833,844,843,-1,833,843,845,-1,845,843,841,-1,835,834,837,-1,837,834,846,-1,837,846,838,-1,823,847,821,-1,821,847,848,-1,821,848,849,-1,849,848,850,-1,829,851,827,-1,827,851,852,-1,827,852,853,-1,853,852,854,-1,840,842,855,-1,855,842,856,-1,855,856,857,-1,838,858,836,-1,836,858,859,-1,836,859,860,-1,860,859,861,-1,862,863,864,-1,864,863,865,-1,864,865,866,-1,867,868,869,-1,869,868,870,-1,869,870,871,-1,871,870,872,-1,871,872,873,-1,873,872,874,-1,873,874,865,-1,865,874,875,-1,865,875,866,-1,866,875,876,-1,866,876,877,-1,878,879,880,-1,880,879,881,-1,880,881,882,-1,882,881,883,-1,883,881,884,-1,883,884,885,-1,885,884,886,-1,885,886,887,-1,888,889,890,-1,891,892,893,-1,893,892,894,-1,893,894,890,-1,888,890,895,-1,895,890,894,-1,895,894,896,-1,896,894,897,-1,896,897,898,-1,898,897,899,-1,898,899,900,-1,899,901,900,-1,900,901,902,-1,900,902,903,-1,904,905,906,-1,904,906,907,-1,907,906,908,-1,907,908,909,-1,909,908,910,-1,909,910,911,-1,911,910,912,-1,911,912,913,-1,914,915,916,-1,917,918,919,-1,920,921,922,-1,916,915,923,-1,924,925,926,-1,927,928,929,-1,930,917,931,-1,931,917,919,-1,931,919,915,-1,915,919,932,-1,915,932,923,-1,933,934,935,-1,932,936,923,-1,923,936,922,-1,923,922,937,-1,937,922,921,-1,918,938,919,-1,919,938,935,-1,919,935,939,-1,939,935,934,-1,914,916,925,-1,925,916,940,-1,925,940,926,-1,930,931,928,-1,928,931,941,-1,928,941,929,-1,922,942,920,-1,920,942,943,-1,920,943,944,-1,944,943,945,-1,935,946,933,-1,933,946,947,-1,933,947,948,-1,948,947,949,-1,926,950,924,-1,924,950,951,-1,924,951,952,-1,952,951,953,-1,929,954,927,-1,927,954,955,-1,927,955,956,-1,956,955,957,-1,958,959,960,-1,960,959,961,-1,960,961,962,-1,962,961,963,-1,962,963,964,-1,964,963,965,-1,964,965,966,-1,966,965,967,-1,966,967,968,-1,968,967,969,-1,968,969,970,-1,970,969,971,-1,970,971,972,-1,972,971,973,-1,972,973,974,-1,974,973,975,-1,974,975,976,-1,976,975,977,-1,976,977,978,-1,978,977,979,-1,978,979,980,-1,980,979,981,-1,980,981,982,-1,982,981,983,-1,982,983,984,-1,984,983,985,-1,984,985,986,-1,987,988,989,-1,989,988,990,-1,989,990,986,-1,986,990,991,-1,986,991,984,-1,992,993,994,-1,995,996,997,-1,997,996,998,-1,997,998,999,-1,1000,1001,1002,-1,1002,1001,1003,-1,1002,1003,1004,-1,1004,1003,1005,-1,1004,1005,1006,-1,1006,1005,1007,-1,1006,1007,1008,-1,1008,1007,999,-1,1008,999,1009,-1,1009,999,998,-1,994,1010,992,-1,992,1010,1011,-1,992,1011,1012,-1,1012,1011,1013,-1,1012,1013,995,-1,995,1013,1014,-1,995,1014,996,-1,1015,1016,1017,-1,1017,1016,1018,-1,1017,1018,1019,-1,1019,1018,1020,-1,1019,1020,1021,-1,1021,1020,1022,-1,1021,1022,1023,-1,1023,1022,1024,-1,1023,1024,1025,-1,1025,1024,1026,-1,1025,1026,1027,-1,1027,1026,1028,-1,1027,1028,1029,-1,1029,1028,1030,-1,1029,1030,1031,-1,1031,1030,1032,-1,1031,1032,1033,-1,1033,1032,1034,-1,1033,1034,1035,-1,1035,1034,1036,-1,1035,1036,1037,-1,1037,1036,1038,-1,1037,1038,1039,-1,1039,1038,1040,-1,1039,1040,1041,-1,1041,1040,1042,-1,1041,1042,1043,-1,1043,1042,1044,-1,1043,1044,1045,-1,1045,1044,1046,-1,1045,1046,1047,-1,1047,1046,1048,-1,1047,1048,1049,-1,1049,1048,1050,-1,1049,1050,1051,-1,1051,1050,1052,-1,1053,1054,1055,-1,1055,1054,1056,-1,1055,1056,1057,-1,1057,1056,1058,-1,1057,1058,1059,-1,1060,1061,1062,-1,1062,1061,1063,-1,1062,1063,1064,-1,1064,1063,1065,-1,1066,1067,1068,-1,1068,1067,1069,-1,1068,1069,1065,-1,1065,1069,1070,-1,1065,1070,1064,-1,1058,1071,1059,-1,1059,1071,1072,-1,1059,1072,1073,-1,1073,1072,1074,-1,1073,1074,1066,-1,1066,1074,1075,-1,1066,1075,1067,-1,1076,1077,958,-1,958,1077,959,-1,994,993,1078,-1,1078,993,1079,-1,1016,1015,1080,-1,1080,1015,1081,-1,1061,1060,1082,-1,1082,1060,1083,-1,1077,1076,1084,-1,1077,1084,1085,-1,1085,1084,1086,-1,1085,1086,1087,-1,1087,1086,1088,-1,1087,1088,1089,-1,1089,1088,1090,-1,1089,1090,1091,-1,1091,1090,1092,-1,1091,1092,1093,-1,1093,1092,1094,-1,1093,1094,1095,-1,1078,1079,1096,-1,1096,1079,1097,-1,1096,1097,1098,-1,1098,1097,1099,-1,1098,1099,1100,-1,1100,1099,1101,-1,1100,1101,1102,-1,1102,1101,1103,-1,1102,1103,1104,-1,1104,1103,1105,-1,1104,1105,1106,-1,1106,1105,1107,-1,1108,1109,1110,-1,1110,1109,1111,-1,1110,1111,1112,-1,1112,1111,1113,-1,1112,1113,1114,-1,1114,1113,1115,-1,1114,1115,1116,-1,1116,1115,1117,-1,1116,1117,1118,-1,1118,1117,1119,-1,1118,1119,1081,-1,1081,1119,1080,-1,1120,1121,1122,-1,1122,1121,1123,-1,1122,1123,1124,-1,1124,1123,1125,-1,1124,1125,1126,-1,1126,1125,1127,-1,1126,1127,1128,-1,1128,1127,1129,-1,1128,1129,1130,-1,1130,1129,1131,-1,1130,1131,1083,-1,1083,1131,1082,-1,1132,1133,1094,-1,1094,1133,1095,-1,1106,1107,1134,-1,1134,1107,1135,-1,1136,1137,1108,-1,1108,1137,1109,-1,1121,1120,1138,-1,1138,1120,1139,-1,1140,1141,1142,-1,1142,1141,1143,-1,1142,1143,1144,-1,1145,1146,1147,-1,1148,1149,1150,-1,1144,1151,1142,-1,1142,1151,1147,-1,1142,1147,1152,-1,1152,1147,1146,-1,1142,1153,1140,-1,1140,1153,1154,-1,1140,1154,1155,-1,1141,1156,1143,-1,1143,1156,1150,-1,1143,1150,1157,-1,1157,1150,1149,-1,1158,1159,1153,-1,1153,1159,1160,-1,1153,1160,1154,-1,1158,1161,1159,-1,1159,1161,1162,-1,1159,1162,1163,-1,1164,1165,1166,-1,1155,1167,1140,-1,1140,1167,1166,-1,1140,1166,1168,-1,1168,1166,1165,-1,1147,1169,1145,-1,1145,1169,1170,-1,1145,1170,1171,-1,1171,1170,1172,-1,1150,1173,1148,-1,1148,1173,1174,-1,1148,1174,1175,-1,1175,1174,1176,-1,1163,1162,1177,-1,1177,1162,1178,-1,1177,1178,1179,-1,1166,1180,1164,-1,1164,1180,1181,-1,1164,1181,1182,-1,1182,1181,1183,-1,1184,1185,1186,-1,1186,1185,1187,-1,1186,1187,1188,-1,1188,1187,1189,-1,1188,1189,1190,-1,1190,1189,1191,-1,1190,1191,1192,-1,1192,1191,1193,-1,1192,1193,1194,-1,1194,1193,1195,-1,1194,1195,1196,-1,1196,1195,1197,-1,1198,1199,1200,-1,1201,1202,1203,-1,1203,1202,1204,-1,1198,1200,1205,-1,1205,1200,1206,-1,1205,1206,1204,-1,1204,1206,1207,-1,1204,1207,1203,-1,1208,1209,1210,-1,1210,1209,1211,-1,1210,1211,1212,-1,1212,1211,1213,-1,1212,1213,1214,-1,1214,1213,1215,-1,1214,1215,1216,-1,1216,1215,1217,-1,1216,1217,1218,-1,1217,1219,1218,-1,1218,1219,1220,-1,1218,1220,1221,-1,1222,1223,1224,-1,1222,1224,1225,-1,1225,1224,1226,-1,1225,1226,1227,-1,1227,1226,1228,-1,1227,1228,1229,-1,1229,1228,1230,-1,1229,1230,1231,-1,1232,1233,1234,-1,1234,1233,1235,-1,1234,1235,1236,-1,1237,1238,1233,-1,1233,1238,1239,-1,1233,1239,1235,-1,1234,1240,1232,-1,1232,1240,1241,-1,1232,1241,1242,-1,1236,1243,1234,-1,1234,1243,1244,-1,1234,1244,1245,-1,1245,1244,1246,-1,1247,1248,1240,-1,1240,1248,1249,-1,1240,1249,1241,-1,1247,1250,1248,-1,1248,1250,1251,-1,1248,1251,1252,-1,1242,1253,1232,-1,1232,1253,1254,-1,1232,1254,1255,-1,1255,1254,1256,-1,1237,1257,1238,-1,1238,1257,1258,-1,1238,1258,1259,-1,1259,1258,1260,-1,1259,1260,1261,-1,1261,1260,1262,-1,1246,1244,1263,-1,1263,1244,1264,-1,1263,1264,1265,-1,1265,1264,1266,-1,1265,1266,1267,-1,1252,1251,1268,-1,1268,1251,1269,-1,1268,1269,1270,-1,1256,1254,1271,-1,1271,1254,1272,-1,1271,1272,1273,-1,1273,1272,1274,-1,1273,1274,1275,-1,1276,1277,1278,-1,1278,1277,1279,-1,1278,1279,1280,-1,1280,1279,1281,-1,1280,1281,1282,-1,1282,1281,1283,-1,1282,1283,1284,-1,1284,1283,1285,-1,1284,1285,1286,-1,1286,1285,1287,-1,1286,1287,1288,-1,1288,1287,1289,-1,1288,1289,1290,-1,1290,1289,1291,-1,1290,1291,1292,-1,1292,1291,1293,-1,1292,1293,1294,-1,1294,1293,1295,-1,1294,1295,1296,-1,1296,1295,1297,-1,1296,1297,1298,-1,1298,1297,1299,-1,1298,1299,1300,-1,1300,1299,1301,-1,1300,1301,1302,-1,1302,1301,1303,-1,1302,1303,1304,-1,1305,1306,1307,-1,1307,1306,1308,-1,1307,1308,1304,-1,1304,1308,1309,-1,1304,1309,1302,-1,1310,1311,1312,-1,1313,1314,1315,-1,1315,1314,1316,-1,1315,1316,1317,-1,1318,1319,1320,-1,1320,1319,1321,-1,1320,1321,1322,-1,1322,1321,1323,-1,1322,1323,1324,-1,1324,1323,1325,-1,1324,1325,1326,-1,1326,1325,1317,-1,1326,1317,1327,-1,1327,1317,1316,-1,1312,1328,1310,-1,1310,1328,1329,-1,1310,1329,1330,-1,1330,1329,1331,-1,1330,1331,1313,-1,1313,1331,1332,-1,1313,1332,1314,-1,1333,1334,1335,-1,1335,1334,1336,-1,1335,1336,1337,-1,1337,1336,1338,-1,1337,1338,1339,-1,1339,1338,1340,-1,1339,1340,1341,-1,1341,1340,1342,-1,1341,1342,1343,-1,1343,1342,1344,-1,1343,1344,1345,-1,1345,1344,1346,-1,1345,1346,1347,-1,1347,1346,1348,-1,1347,1348,1349,-1,1349,1348,1350,-1,1349,1350,1351,-1,1351,1350,1352,-1,1351,1352,1353,-1,1353,1352,1354,-1,1353,1354,1355,-1,1355,1354,1356,-1,1355,1356,1357,-1,1357,1356,1358,-1,1357,1358,1359,-1,1359,1358,1360,-1,1359,1360,1361,-1,1361,1360,1362,-1,1361,1362,1363,-1,1363,1362,1364,-1,1363,1364,1365,-1,1365,1364,1366,-1,1365,1366,1367,-1,1367,1366,1368,-1,1367,1368,1369,-1,1369,1368,1370,-1,1371,1372,1373,-1,1373,1372,1374,-1,1373,1374,1375,-1,1375,1374,1376,-1,1375,1376,1377,-1,1378,1379,1380,-1,1380,1379,1381,-1,1380,1381,1382,-1,1382,1381,1383,-1,1384,1385,1386,-1,1386,1385,1387,-1,1386,1387,1383,-1,1383,1387,1388,-1,1383,1388,1382,-1,1376,1389,1377,-1,1377,1389,1390,-1,1377,1390,1391,-1,1391,1390,1392,-1,1391,1392,1384,-1,1384,1392,1393,-1,1384,1393,1385,-1,1394,1395,1276,-1,1276,1395,1277,-1,1312,1311,1396,-1,1396,1311,1397,-1,1334,1333,1398,-1,1398,1333,1399,-1,1379,1378,1400,-1,1400,1378,1401,-1,1395,1394,1402,-1,1395,1402,1403,-1,1403,1402,1404,-1,1403,1404,1405,-1,1405,1404,1406,-1,1405,1406,1407,-1,1407,1406,1408,-1,1407,1408,1409,-1,1409,1408,1410,-1,1409,1410,1411,-1,1411,1410,1412,-1,1411,1412,1413,-1,1396,1397,1414,-1,1414,1397,1415,-1,1414,1415,1416,-1,1416,1415,1417,-1,1416,1417,1418,-1,1418,1417,1419,-1,1418,1419,1420,-1,1420,1419,1421,-1,1420,1421,1422,-1,1422,1421,1423,-1,1422,1423,1424,-1,1424,1423,1425,-1,1426,1427,1428,-1,1428,1427,1429,-1,1428,1429,1430,-1,1430,1429,1431,-1,1430,1431,1432,-1,1432,1431,1433,-1,1432,1433,1434,-1,1434,1433,1435,-1,1434,1435,1436,-1,1436,1435,1437,-1,1436,1437,1399,-1,1399,1437,1398,-1,1438,1439,1440,-1,1440,1439,1441,-1,1440,1441,1442,-1,1442,1441,1443,-1,1442,1443,1444,-1,1444,1443,1445,-1,1444,1445,1446,-1,1446,1445,1447,-1,1446,1447,1448,-1,1448,1447,1449,-1,1448,1449,1401,-1,1401,1449,1400,-1,1450,1451,1412,-1,1412,1451,1413,-1,1424,1425,1452,-1,1452,1425,1453,-1,1454,1455,1426,-1,1426,1455,1427,-1,1439,1438,1456,-1,1456,1438,1457,-1,1458,1459,1460,-1,1460,1459,1461,-1,1460,1461,1462,-1,1460,1463,1458,-1,1458,1463,1464,-1,1458,1464,1465,-1,1462,1466,1460,-1,1460,1466,1467,-1,1460,1467,1468,-1,1468,1467,1469,-1,1470,1471,1463,-1,1463,1471,1472,-1,1463,1472,1464,-1,1473,1474,1475,-1,1476,1477,1459,-1,1459,1477,1478,-1,1459,1478,1461,-1,1476,1479,1477,-1,1477,1479,1480,-1,1477,1480,1481,-1,1465,1482,1458,-1,1458,1482,1475,-1,1458,1475,1483,-1,1483,1475,1474,-1,1469,1467,1484,-1,1484,1467,1485,-1,1484,1485,1486,-1,1486,1485,1487,-1,1486,1487,1488,-1,1470,1489,1471,-1,1471,1489,1490,-1,1471,1490,1491,-1,1491,1490,1492,-1,1491,1492,1493,-1,1493,1492,1494,-1,1481,1480,1495,-1,1495,1480,1496,-1,1495,1496,1497,-1,1475,1498,1473,-1,1473,1498,1499,-1,1473,1499,1500,-1,1500,1499,1501,-1,1502,1503,1504,-1,1504,1503,1505,-1,1504,1505,1506,-1,1506,1505,1507,-1,1506,1507,1508,-1,1508,1507,1509,-1,1508,1509,1510,-1,1510,1509,1511,-1,1510,1511,1512,-1,1512,1511,1513,-1,1512,1513,1514,-1,1514,1513,1515,-1,1516,1517,1518,-1,1519,1520,1521,-1,1521,1520,1522,-1,1516,1518,1523,-1,1523,1518,1524,-1,1523,1524,1522,-1,1522,1524,1525,-1,1522,1525,1521,-1,1526,1527,1528,-1,1528,1527,1529,-1,1528,1529,1530,-1,1530,1529,1531,-1,1530,1531,1532,-1,1532,1531,1533,-1,1532,1533,1534,-1,1534,1533,1535,-1,1534,1535,1536,-1,1535,1537,1536,-1,1536,1537,1538,-1,1536,1538,1539,-1,1540,1541,1542,-1,1540,1542,1543,-1,1543,1542,1544,-1,1543,1544,1545,-1,1545,1544,1546,-1,1545,1546,1547,-1,1547,1546,1548,-1,1547,1548,1549,-1,1550,1551,1552,-1,1552,1551,1553,-1,1552,1553,1554,-1,1552,1555,1550,-1,1550,1555,1556,-1,1550,1556,1557,-1,1558,1559,1551,-1,1551,1559,1560,-1,1551,1560,1553,-1,1561,1562,1555,-1,1555,1562,1563,-1,1555,1563,1556,-1,1561,1564,1562,-1,1562,1564,1565,-1,1562,1565,1566,-1,1554,1567,1552,-1,1552,1567,1568,-1,1552,1568,1569,-1,1569,1568,1570,-1,1557,1571,1550,-1,1550,1571,1572,-1,1550,1572,1573,-1,1573,1572,1574,-1,1558,1575,1559,-1,1559,1575,1576,-1,1559,1576,1577,-1,1577,1576,1578,-1,1577,1578,1579,-1,1579,1578,1580,-1,1566,1565,1581,-1,1581,1565,1582,-1,1581,1582,1583,-1,1570,1568,1584,-1,1584,1568,1585,-1,1584,1585,1586,-1,1586,1585,1587,-1,1586,1587,1588,-1,1574,1572,1589,-1,1589,1572,1590,-1,1589,1590,1591,-1,1591,1590,1592,-1,1591,1592,1593,-1,1594,1595,1596,-1,1596,1595,1597,-1,1596,1597,1598,-1,1598,1597,1599,-1,1598,1599,1600,-1,1600,1599,1601,-1,1600,1601,1602,-1,1602,1601,1603,-1,1602,1603,1604,-1,1604,1603,1605,-1,1604,1605,1606,-1,1606,1605,1607,-1,1606,1607,1608,-1,1608,1607,1609,-1,1608,1609,1610,-1,1610,1609,1611,-1,1610,1611,1612,-1,1612,1611,1613,-1,1612,1613,1614,-1,1614,1613,1615,-1,1614,1615,1616,-1,1616,1615,1617,-1,1616,1617,1618,-1,1618,1617,1619,-1,1618,1619,1620,-1,1620,1619,1621,-1,1620,1621,1622,-1,1623,1624,1625,-1,1625,1624,1626,-1,1625,1626,1622,-1,1622,1626,1627,-1,1622,1627,1620,-1,1628,1629,1630,-1,1631,1632,1633,-1,1633,1632,1634,-1,1633,1634,1635,-1,1636,1637,1638,-1,1638,1637,1639,-1,1638,1639,1640,-1,1640,1639,1641,-1,1640,1641,1642,-1,1642,1641,1643,-1,1642,1643,1644,-1,1644,1643,1635,-1,1644,1635,1645,-1,1645,1635,1634,-1,1630,1646,1628,-1,1628,1646,1647,-1,1628,1647,1648,-1,1648,1647,1649,-1,1648,1649,1631,-1,1631,1649,1650,-1,1631,1650,1632,-1,1651,1652,1653,-1,1653,1652,1654,-1,1653,1654,1655,-1,1655,1654,1656,-1,1655,1656,1657,-1,1657,1656,1658,-1,1657,1658,1659,-1,1659,1658,1660,-1,1659,1660,1661,-1,1661,1660,1662,-1,1661,1662,1663,-1,1663,1662,1664,-1,1663,1664,1665,-1,1665,1664,1666,-1,1665,1666,1667,-1,1667,1666,1668,-1,1667,1668,1669,-1,1669,1668,1670,-1,1669,1670,1671,-1,1671,1670,1672,-1,1671,1672,1673,-1,1673,1672,1674,-1,1673,1674,1675,-1,1675,1674,1676,-1,1675,1676,1677,-1,1677,1676,1678,-1,1677,1678,1679,-1,1679,1678,1680,-1,1679,1680,1681,-1,1681,1680,1682,-1,1681,1682,1683,-1,1683,1682,1684,-1,1683,1684,1685,-1,1685,1684,1686,-1,1685,1686,1687,-1,1687,1686,1688,-1,1689,1690,1691,-1,1691,1690,1692,-1,1691,1692,1693,-1,1693,1692,1694,-1,1693,1694,1695,-1,1696,1697,1698,-1,1698,1697,1699,-1,1698,1699,1700,-1,1700,1699,1701,-1,1702,1703,1704,-1,1704,1703,1705,-1,1704,1705,1701,-1,1701,1705,1706,-1,1701,1706,1700,-1,1694,1707,1695,-1,1695,1707,1708,-1,1695,1708,1709,-1,1709,1708,1710,-1,1709,1710,1702,-1,1702,1710,1711,-1,1702,1711,1703,-1,1712,1713,1594,-1,1594,1713,1595,-1,1630,1629,1714,-1,1714,1629,1715,-1,1652,1651,1716,-1,1716,1651,1717,-1,1697,1696,1718,-1,1718,1696,1719,-1,1713,1712,1720,-1,1713,1720,1721,-1,1721,1720,1722,-1,1721,1722,1723,-1,1723,1722,1724,-1,1723,1724,1725,-1,1725,1724,1726,-1,1725,1726,1727,-1,1727,1726,1728,-1,1727,1728,1729,-1,1729,1728,1730,-1,1729,1730,1731,-1,1714,1715,1732,-1,1732,1715,1733,-1,1732,1733,1734,-1,1734,1733,1735,-1,1734,1735,1736,-1,1736,1735,1737,-1,1736,1737,1738,-1,1738,1737,1739,-1,1738,1739,1740,-1,1740,1739,1741,-1,1740,1741,1742,-1,1742,1741,1743,-1,1744,1745,1746,-1,1746,1745,1747,-1,1746,1747,1748,-1,1748,1747,1749,-1,1748,1749,1750,-1,1750,1749,1751,-1,1750,1751,1752,-1,1752,1751,1753,-1,1752,1753,1754,-1,1754,1753,1755,-1,1754,1755,1717,-1,1717,1755,1716,-1,1756,1757,1758,-1,1758,1757,1759,-1,1758,1759,1760,-1,1760,1759,1761,-1,1760,1761,1762,-1,1762,1761,1763,-1,1762,1763,1764,-1,1764,1763,1765,-1,1764,1765,1766,-1,1766,1765,1767,-1,1766,1767,1719,-1,1719,1767,1718,-1,1768,1769,1730,-1,1730,1769,1731,-1,1742,1743,1770,-1,1770,1743,1771,-1,1772,1773,1744,-1,1744,1773,1745,-1,1757,1756,1774,-1,1774,1756,1775,-1,1776,1777,1778,-1,1779,1780,1781,-1,1781,1780,1782,-1,1783,1784,1785,-1,1779,1786,1780,-1,1780,1786,1787,-1,1780,1787,1788,-1,1788,1787,1789,-1,1782,1780,1778,-1,1778,1780,1790,-1,1778,1790,1776,-1,1791,1792,1793,-1,1782,1794,1781,-1,1781,1794,1785,-1,1781,1785,1795,-1,1795,1785,1784,-1,1777,1796,1778,-1,1778,1796,1793,-1,1778,1793,1797,-1,1797,1793,1792,-1,1798,1799,1790,-1,1790,1799,1800,-1,1790,1800,1776,-1,1798,1801,1799,-1,1799,1801,1802,-1,1799,1802,1803,-1,1789,1787,1804,-1,1804,1787,1805,-1,1804,1805,1806,-1,1806,1805,1807,-1,1806,1807,1808,-1,1785,1809,1783,-1,1783,1809,1810,-1,1783,1810,1811,-1,1811,1810,1812,-1,1793,1813,1791,-1,1791,1813,1814,-1,1791,1814,1815,-1,1815,1814,1816,-1,1803,1802,1817,-1,1817,1802,1818,-1,1817,1818,1819,-1,1820,1821,1822,-1,1822,1821,1823,-1,1822,1823,1824,-1,1824,1823,1825,-1,1824,1825,1826,-1,1826,1825,1827,-1,1826,1827,1828,-1,1828,1827,1829,-1,1828,1829,1830,-1,1830,1829,1831,-1,1830,1831,1832,-1,1832,1831,1833,-1,1834,1835,1836,-1,1837,1838,1839,-1,1839,1838,1840,-1,1834,1836,1841,-1,1841,1836,1842,-1,1841,1842,1840,-1,1840,1842,1843,-1,1840,1843,1839,-1,1844,1845,1846,-1,1846,1845,1847,-1,1846,1847,1848,-1,1848,1847,1849,-1,1848,1849,1850,-1,1850,1849,1851,-1,1850,1851,1852,-1,1852,1851,1853,-1,1852,1853,1854,-1,1853,1855,1854,-1,1854,1855,1856,-1,1854,1856,1857,-1,1858,1859,1860,-1,1858,1860,1861,-1,1861,1860,1862,-1,1861,1862,1863,-1,1863,1862,1864,-1,1863,1864,1865,-1,1865,1864,1866,-1,1865,1866,1867,-1,1868,1869,1870,-1,1870,1869,1871,-1,1870,1871,1872,-1,1870,1873,1868,-1,1868,1873,1874,-1,1868,1874,1875,-1,1876,1877,1869,-1,1869,1877,1878,-1,1869,1878,1871,-1,1879,1880,1873,-1,1873,1880,1881,-1,1873,1881,1874,-1,1879,1882,1880,-1,1880,1882,1883,-1,1880,1883,1884,-1,1872,1885,1870,-1,1870,1885,1886,-1,1870,1886,1887,-1,1887,1886,1888,-1,1875,1889,1868,-1,1868,1889,1890,-1,1868,1890,1891,-1,1891,1890,1892,-1,1876,1893,1877,-1,1877,1893,1894,-1,1877,1894,1895,-1,1895,1894,1896,-1,1895,1896,1897,-1,1897,1896,1898,-1,1884,1883,1899,-1,1899,1883,1900,-1,1899,1900,1901,-1,1888,1886,1902,-1,1902,1886,1903,-1,1902,1903,1904,-1,1904,1903,1905,-1,1904,1905,1906,-1,1892,1890,1907,-1,1907,1890,1908,-1,1907,1908,1909,-1,1909,1908,1910,-1,1909,1910,1911,-1,239,1912,275,-1,239,275,238,-1,238,275,274,-1,238,274,1913,-1,241,1914,288,-1,241,288,242,-1,242,288,285,-1,242,285,1915,-1,272,1916,277,-1,272,277,273,-1,273,277,276,-1,273,276,1917,-1,1918,284,262,-1,262,284,283,-1,262,283,263,-1,263,283,1919,-1,178,1920,189,-1,178,189,179,-1,179,189,188,-1,179,188,1921,-1,1922,187,177,-1,177,187,186,-1,177,186,176,-1,176,186,1923,-1,181,1924,183,-1,181,183,180,-1,180,183,182,-1,180,182,1925,-1,174,1926,184,-1,174,184,175,-1,175,184,185,-1,175,185,1927,-1,557,1928,596,-1,557,596,556,-1,556,596,595,-1,556,595,1929,-1,559,1930,593,-1,559,593,560,-1,560,593,592,-1,560,592,1931,-1,590,1932,597,-1,590,597,591,-1,591,597,594,-1,591,594,1933,-1,1934,599,580,-1,580,599,598,-1,580,598,581,-1,581,598,1935,-1,496,1936,507,-1,496,507,497,-1,497,507,506,-1,497,506,1937,-1,495,1938,505,-1,495,505,494,-1,494,505,504,-1,494,504,1939,-1,499,1940,501,-1,499,501,498,-1,498,501,500,-1,498,500,1941,-1,1942,502,492,-1,492,502,503,-1,492,503,493,-1,493,503,1943,-1,1944,916,867,-1,867,916,923,-1,867,923,868,-1,868,923,1945,-1,1946,932,887,-1,887,932,919,-1,887,919,885,-1,885,919,1947,-1,1948,931,912,-1,912,931,915,-1,912,915,913,-1,913,915,1949,-1,1950,918,902,-1,902,918,917,-1,902,917,903,-1,903,917,1951,-1,1952,826,814,-1,814,826,819,-1,814,819,815,-1,815,819,1953,-1,813,1954,834,-1,813,834,812,-1,812,834,833,-1,812,833,1955,-1,817,1956,820,-1,817,820,816,-1,816,820,830,-1,816,830,1957,-1,1958,824,810,-1,810,824,825,-1,810,825,811,-1,811,825,1959,-1,1184,1960,1242,-1,1184,1242,1185,-1,1185,1242,1241,-1,1185,1241,1961,-1,1199,1962,1240,-1,1199,1240,1200,-1,1200,1240,1234,-1,1200,1234,1963,-1,1230,1964,1233,-1,1230,1233,1231,-1,1231,1233,1232,-1,1231,1232,1965,-1,1966,1236,1220,-1,1220,1236,1235,-1,1220,1235,1221,-1,1221,1235,1967,-1,1968,1144,1136,-1,1136,1144,1143,-1,1136,1143,1137,-1,1137,1143,1969,-1,1970,1153,1135,-1,1135,1153,1142,-1,1135,1142,1134,-1,1134,1142,1971,-1,1139,1972,1141,-1,1139,1141,1138,-1,1138,1141,1140,-1,1138,1140,1973,-1,1132,1974,1155,-1,1132,1155,1133,-1,1133,1155,1154,-1,1133,1154,1975,-1,1976,1557,1502,-1,1502,1557,1556,-1,1502,1556,1503,-1,1503,1556,1977,-1,1517,1978,1555,-1,1517,1555,1518,-1,1518,1555,1552,-1,1518,1552,1979,-1,1548,1980,1551,-1,1548,1551,1549,-1,1549,1551,1550,-1,1549,1550,1981,-1,1982,1554,1538,-1,1538,1554,1553,-1,1538,1553,1539,-1,1539,1553,1983,-1,1984,1465,1454,-1,1454,1465,1464,-1,1454,1464,1455,-1,1455,1464,1985,-1,1453,1986,1459,-1,1453,1459,1452,-1,1452,1459,1458,-1,1452,1458,1987,-1,1457,1988,1463,-1,1457,1463,1456,-1,1456,1463,1460,-1,1456,1460,1989,-1,1990,1462,1450,-1,1450,1462,1461,-1,1450,1461,1451,-1,1451,1461,1991,-1,1820,1992,1875,-1,1820,1875,1821,-1,1821,1875,1874,-1,1821,1874,1993,-1,1994,1873,1835,-1,1835,1873,1870,-1,1835,1870,1836,-1,1836,1870,1995,-1,1996,1869,1866,-1,1866,1869,1868,-1,1866,1868,1867,-1,1867,1868,1997,-1,1856,1998,1872,-1,1856,1872,1857,-1,1857,1872,1871,-1,1857,1871,1999,-1,2000,1779,1772,-1,1772,1779,1781,-1,1772,1781,1773,-1,1773,1781,2001,-1,1771,2002,1790,-1,1771,1790,1770,-1,1770,1790,1780,-1,1770,1780,2003,-1,1775,2004,1782,-1,1775,1782,1774,-1,1774,1782,1778,-1,1774,1778,2005,-1,1768,2006,1777,-1,1768,1777,1769,-1,1769,1777,1776,-1,1769,1776,2007,-1,33,32,2008,-1,2009,2010,2011,-1,2012,2013,2014,-1,2015,95,97,-1,2013,2016,2017,-1,2017,2016,2018,-1,2017,2018,2015,-1,2012,2014,2019,-1,2010,2020,2021,-1,2021,2020,2022,-1,2021,2022,2019,-1,2008,2023,2009,-1,32,30,2008,-1,2008,30,2024,-1,2008,2024,2023,-1,33,2008,26,-1,26,2008,2025,-1,26,2025,24,-1,24,2025,22,-1,22,2025,2026,-1,22,2026,20,-1,20,2026,2027,-1,20,2027,18,-1,2028,14,2027,-1,2027,14,16,-1,2027,16,18,-1,2015,97,2017,-1,2017,97,99,-1,2017,99,2029,-1,2029,99,101,-1,2029,101,2030,-1,2030,101,115,-1,2030,115,2031,-1,2031,115,108,-1,2031,108,2032,-1,2032,108,110,-1,2032,110,2033,-1,2013,2017,2014,-1,2014,2017,2029,-1,2014,2029,2034,-1,2034,2029,2030,-1,2034,2030,2035,-1,2035,2030,2031,-1,2035,2031,2036,-1,2036,2031,2032,-1,2036,2032,2037,-1,2037,2032,2033,-1,2037,2033,2038,-1,2019,2014,2021,-1,2021,2014,2034,-1,2021,2034,2039,-1,2039,2034,2035,-1,2039,2035,2040,-1,2040,2035,2036,-1,2040,2036,2041,-1,2041,2036,2037,-1,2041,2037,2042,-1,2042,2037,2038,-1,2042,2038,2043,-1,2010,2021,2011,-1,2011,2021,2039,-1,2011,2039,2044,-1,2044,2039,2040,-1,2044,2040,2045,-1,2045,2040,2041,-1,2045,2041,2046,-1,2046,2041,2042,-1,2046,2042,2047,-1,2047,2042,2043,-1,2047,2043,2048,-1,2009,2011,2008,-1,2008,2011,2044,-1,2008,2044,2025,-1,2025,2044,2045,-1,2025,2045,2026,-1,2026,2045,2046,-1,2026,2046,2027,-1,2027,2046,2047,-1,2027,2047,2028,-1,2028,2047,2048,-1,2028,2048,2049,-1,4,6,2050,-1,2050,6,2049,-1,2050,2049,2051,-1,2051,2049,2048,-1,2051,2048,2052,-1,2052,2048,2043,-1,2052,2043,2053,-1,2053,2043,2038,-1,2053,2038,2054,-1,2054,2038,2033,-1,2054,2033,107,-1,107,2033,110,-1,6,8,2049,-1,2049,8,10,-1,2049,10,2028,-1,2028,10,12,-1,2028,12,14,-1,2,4,2055,-1,2055,4,2050,-1,2055,2050,2056,-1,2056,2050,2051,-1,2056,2051,2057,-1,2057,2051,2052,-1,2057,2052,2058,-1,2058,2052,2053,-1,2058,2053,2059,-1,2059,2053,2054,-1,2059,2054,105,-1,105,2054,107,-1,0,2,2060,-1,2060,2,2055,-1,2060,2055,2061,-1,2061,2055,2056,-1,2061,2056,2062,-1,2062,2056,2057,-1,2062,2057,2063,-1,2063,2057,2058,-1,2063,2058,2064,-1,2064,2058,2059,-1,2064,2059,103,-1,103,2059,105,-1,118,0,2060,-1,118,2060,2065,-1,2065,2060,2061,-1,2065,2061,2066,-1,2066,2061,2062,-1,2066,2062,2067,-1,2067,2062,2063,-1,2067,2063,2068,-1,2068,2063,2064,-1,2068,2064,2069,-1,2069,2064,103,-1,2069,103,124,-1,136,134,2070,-1,2070,134,2071,-1,2070,2071,2072,-1,2072,2071,2073,-1,2072,2073,2074,-1,2074,2073,2075,-1,2074,2075,2076,-1,2076,2075,2077,-1,2076,2077,2078,-1,2078,2077,2079,-1,2078,2079,163,-1,163,2079,165,-1,134,132,2071,-1,2071,132,2080,-1,2071,2080,2073,-1,2073,2080,2081,-1,2073,2081,2075,-1,2075,2081,2082,-1,2075,2082,2077,-1,2077,2082,2083,-1,2077,2083,2079,-1,2079,2083,2084,-1,2079,2084,165,-1,165,2084,167,-1,132,130,2080,-1,2080,130,2085,-1,2080,2085,2081,-1,2081,2085,2086,-1,2081,2086,2082,-1,2082,2086,2087,-1,2082,2087,2083,-1,2083,2087,2088,-1,2083,2088,2084,-1,2084,2088,2089,-1,2084,2089,167,-1,167,2089,169,-1,130,128,2085,-1,2085,128,2090,-1,2085,2090,2086,-1,2086,2090,2091,-1,2086,2091,2087,-1,2087,2091,2092,-1,2087,2092,2088,-1,2088,2092,2093,-1,2088,2093,2089,-1,2089,2093,2094,-1,2089,2094,169,-1,169,2094,171,-1,128,126,2090,-1,2090,126,2095,-1,2090,2095,2091,-1,2091,2095,2096,-1,2091,2096,2092,-1,2092,2096,2097,-1,2092,2097,2093,-1,2093,2097,2098,-1,2093,2098,2094,-1,2094,2098,2099,-1,2094,2099,171,-1,171,2099,173,-1,126,118,2095,-1,2095,118,2065,-1,2095,2065,2096,-1,2096,2065,2066,-1,2096,2066,2097,-1,2097,2066,2067,-1,2097,2067,2098,-1,2098,2067,2068,-1,2098,2068,2099,-1,2099,2068,2069,-1,2099,2069,173,-1,173,2069,124,-1,174,136,1926,-1,1926,136,2070,-1,1926,2070,2100,-1,2100,2070,2101,-1,2101,2070,2072,-1,2101,2072,2102,-1,2102,2072,2103,-1,2103,2072,2074,-1,2103,2074,2104,-1,2104,2074,2105,-1,2105,2074,2076,-1,2105,2076,2106,-1,2106,2076,2107,-1,2107,2076,2078,-1,2107,2078,2108,-1,163,180,2078,-1,2078,180,1925,-1,2078,1925,2108,-1,223,221,2103,-1,2103,221,2102,-1,2102,221,220,-1,2102,220,2101,-1,2101,220,203,-1,2101,203,2100,-1,2100,203,184,-1,2100,184,1926,-1,223,2103,225,-1,225,2103,2104,-1,225,2104,224,-1,224,2104,2105,-1,224,2105,222,-1,2107,205,204,-1,222,2105,204,-1,204,2105,2106,-1,204,2106,2107,-1,205,2107,182,-1,182,2107,2108,-1,182,2108,1925,-1,2109,2110,2111,-1,29,31,2112,-1,2112,31,2113,-1,2110,2114,2113,-1,2113,2114,2115,-1,2113,2115,2112,-1,2109,2111,2116,-1,2117,2118,2119,-1,2119,2118,2116,-1,2120,2121,2122,-1,2122,2121,2117,-1,43,2123,2124,-1,2124,2123,2125,-1,2124,2125,2120,-1,31,28,2113,-1,2113,28,27,-1,2113,27,2126,-1,2126,27,25,-1,2126,25,2127,-1,2127,25,23,-1,23,21,2127,-1,2127,21,19,-1,2127,19,2128,-1,2128,19,17,-1,2128,17,2129,-1,17,15,2129,-1,2129,15,13,-1,2129,13,2130,-1,13,11,2130,-1,2130,11,9,-1,2130,9,2131,-1,2131,9,7,-1,2131,7,2132,-1,2132,7,5,-1,5,3,2132,-1,2132,3,1,-1,2132,1,2133,-1,2110,2113,2111,-1,2111,2113,2126,-1,2111,2126,2134,-1,2134,2126,2127,-1,2134,2127,2135,-1,2135,2127,2128,-1,2135,2128,2136,-1,2136,2128,2129,-1,2136,2129,2137,-1,2137,2129,2130,-1,2137,2130,2138,-1,2138,2130,2131,-1,2138,2131,2139,-1,2139,2131,2132,-1,2139,2132,2140,-1,2140,2132,2133,-1,2140,2133,2141,-1,2116,2111,2119,-1,2119,2111,2134,-1,2119,2134,2142,-1,2142,2134,2135,-1,2142,2135,2143,-1,2143,2135,2136,-1,2143,2136,2144,-1,2144,2136,2137,-1,2144,2137,2145,-1,2145,2137,2138,-1,2145,2138,2146,-1,2146,2138,2139,-1,2146,2139,2147,-1,2147,2139,2140,-1,2147,2140,2148,-1,2148,2140,2141,-1,2148,2141,2149,-1,2117,2119,2122,-1,2122,2119,2142,-1,2122,2142,2150,-1,2150,2142,2143,-1,2150,2143,2151,-1,2151,2143,2144,-1,2151,2144,2152,-1,2152,2144,2145,-1,2152,2145,2153,-1,2153,2145,2146,-1,2153,2146,2154,-1,2154,2146,2147,-1,2154,2147,2155,-1,2155,2147,2148,-1,2155,2148,2156,-1,2156,2148,2149,-1,2156,2149,2157,-1,2120,2122,2124,-1,2124,2122,2150,-1,2124,2150,2158,-1,2158,2150,2151,-1,2158,2151,2159,-1,2159,2151,2152,-1,2159,2152,2160,-1,2160,2152,2153,-1,2160,2153,2161,-1,2161,2153,2154,-1,2161,2154,2162,-1,2162,2154,2155,-1,2162,2155,2163,-1,2163,2155,2156,-1,2163,2156,2164,-1,2164,2156,2157,-1,2164,2157,2165,-1,43,2124,45,-1,45,2124,2158,-1,45,2158,47,-1,47,2158,2159,-1,47,2159,49,-1,49,2159,2160,-1,49,2160,41,-1,41,2160,2161,-1,41,2161,39,-1,39,2161,2162,-1,39,2162,37,-1,37,2162,2163,-1,37,2163,54,-1,54,2163,2164,-1,54,2164,34,-1,34,2164,2165,-1,34,2165,35,-1,121,35,2165,-1,121,2165,2166,-1,2166,2165,2157,-1,2166,2157,2167,-1,2167,2157,2149,-1,2167,2149,2168,-1,2168,2149,2141,-1,2168,2141,2169,-1,2169,2141,2133,-1,2169,2133,2170,-1,2170,2133,1,-1,2170,1,119,-1,119,127,2170,-1,2170,127,2171,-1,2170,2171,2169,-1,2169,2171,2172,-1,2169,2172,2168,-1,2168,2172,2173,-1,2168,2173,2167,-1,2167,2173,2174,-1,2167,2174,2166,-1,2166,2174,2175,-1,2166,2175,121,-1,121,2175,139,-1,127,129,2171,-1,2171,129,2176,-1,2171,2176,2172,-1,2172,2176,2177,-1,2172,2177,2173,-1,2173,2177,2178,-1,2173,2178,2174,-1,2174,2178,2179,-1,2174,2179,2175,-1,2175,2179,2180,-1,2175,2180,139,-1,139,2180,141,-1,129,131,2176,-1,2176,131,2181,-1,2176,2181,2177,-1,2177,2181,2182,-1,2177,2182,2178,-1,2178,2182,2183,-1,2178,2183,2179,-1,2179,2183,2184,-1,2179,2184,2180,-1,2180,2184,2185,-1,2180,2185,141,-1,141,2185,143,-1,131,133,2181,-1,2181,133,2186,-1,2181,2186,2182,-1,2182,2186,2187,-1,2182,2187,2183,-1,2183,2187,2188,-1,2183,2188,2184,-1,2184,2188,2189,-1,2184,2189,2185,-1,2185,2189,2190,-1,2185,2190,143,-1,143,2190,145,-1,133,135,2186,-1,2186,135,2191,-1,2186,2191,2187,-1,2187,2191,2192,-1,2187,2192,2188,-1,2188,2192,2193,-1,2188,2193,2189,-1,2189,2193,2194,-1,2189,2194,2190,-1,2190,2194,2195,-1,2190,2195,145,-1,145,2195,147,-1,135,137,2191,-1,2191,137,2196,-1,2191,2196,2192,-1,2192,2196,2197,-1,2192,2197,2193,-1,2193,2197,2198,-1,2193,2198,2194,-1,2194,2198,2199,-1,2194,2199,2195,-1,2195,2199,2200,-1,2195,2200,147,-1,147,2200,149,-1,177,149,1922,-1,1922,149,2200,-1,1922,2200,2201,-1,2201,2200,2202,-1,2202,2200,2199,-1,2202,2199,2203,-1,2203,2199,2204,-1,2204,2199,2198,-1,2204,2198,2205,-1,2205,2198,2206,-1,2206,2198,2197,-1,2206,2197,2207,-1,2207,2197,2208,-1,2208,2197,2196,-1,2208,2196,2209,-1,137,175,2196,-1,2196,175,1927,-1,2196,1927,2209,-1,2209,1927,185,-1,2209,185,2208,-1,185,196,2208,-1,2208,196,195,-1,2208,195,2207,-1,2207,195,2206,-1,195,213,2206,-1,2206,213,215,-1,2206,215,2205,-1,2205,215,216,-1,2205,216,2204,-1,216,214,2204,-1,2204,214,212,-1,2204,212,2203,-1,2203,212,211,-1,2203,211,2202,-1,2202,211,194,-1,2202,194,2201,-1,2201,194,187,-1,2201,187,1922,-1,61,63,2210,-1,67,69,2211,-1,2212,42,44,-1,2213,2214,2215,-1,2215,2214,2212,-1,2216,2217,2218,-1,2218,2217,2213,-1,2219,2220,2221,-1,2221,2220,2222,-1,2221,2222,2216,-1,2223,2224,2225,-1,2225,2224,2219,-1,2226,2227,2228,-1,2228,2227,2223,-1,93,2226,91,-1,91,2226,2228,-1,91,2228,89,-1,89,2228,2229,-1,89,2229,87,-1,87,2229,85,-1,85,2229,2230,-1,85,2230,83,-1,83,2230,2231,-1,83,2231,81,-1,81,2231,79,-1,79,2231,2232,-1,79,2232,77,-1,77,2232,2233,-1,77,2233,75,-1,75,2233,2234,-1,75,2234,73,-1,2212,44,2215,-1,2215,44,46,-1,2215,46,2235,-1,2235,46,48,-1,2235,48,2236,-1,2236,48,50,-1,2236,50,2237,-1,2237,50,51,-1,2237,51,2238,-1,2238,51,40,-1,2238,40,2239,-1,2239,40,38,-1,2239,38,2240,-1,2240,38,56,-1,2240,56,2241,-1,2213,2215,2218,-1,2218,2215,2235,-1,2218,2235,2242,-1,2242,2235,2236,-1,2242,2236,2243,-1,2243,2236,2237,-1,2243,2237,2244,-1,2244,2237,2238,-1,2244,2238,2245,-1,2245,2238,2239,-1,2245,2239,2246,-1,2246,2239,2240,-1,2246,2240,2247,-1,2247,2240,2241,-1,2247,2241,2248,-1,2216,2218,2221,-1,2221,2218,2242,-1,2221,2242,2249,-1,2249,2242,2243,-1,2249,2243,2250,-1,2250,2243,2244,-1,2250,2244,2251,-1,2251,2244,2245,-1,2251,2245,2252,-1,2252,2245,2246,-1,2252,2246,2253,-1,2253,2246,2247,-1,2253,2247,2254,-1,2254,2247,2248,-1,2254,2248,2255,-1,2219,2221,2225,-1,2225,2221,2249,-1,2225,2249,2256,-1,2256,2249,2250,-1,2256,2250,2257,-1,2257,2250,2251,-1,2257,2251,2258,-1,2258,2251,2252,-1,2258,2252,2259,-1,2259,2252,2253,-1,2259,2253,2260,-1,2260,2253,2254,-1,2260,2254,2261,-1,2261,2254,2255,-1,2261,2255,2262,-1,2223,2225,2228,-1,2228,2225,2256,-1,2228,2256,2229,-1,2229,2256,2257,-1,2229,2257,2230,-1,2230,2257,2258,-1,2230,2258,2231,-1,2231,2258,2259,-1,2231,2259,2232,-1,2232,2259,2260,-1,2232,2260,2233,-1,2233,2260,2261,-1,2233,2261,2234,-1,2234,2261,2262,-1,2234,2262,2211,-1,2211,69,2234,-1,2234,69,71,-1,2234,71,73,-1,65,67,2263,-1,2263,67,2211,-1,2263,2211,2264,-1,2264,2211,2262,-1,2264,2262,2265,-1,2265,2262,2255,-1,2265,2255,2266,-1,2266,2255,2248,-1,2266,2248,2267,-1,2267,2248,2241,-1,2267,2241,55,-1,55,2241,56,-1,63,65,2210,-1,2210,65,2263,-1,2210,2263,2268,-1,2268,2263,2264,-1,2268,2264,2269,-1,2269,2264,2265,-1,2269,2265,2270,-1,2270,2265,2266,-1,2270,2266,2271,-1,2271,2266,2267,-1,2271,2267,53,-1,53,2267,55,-1,59,61,2272,-1,2272,61,2210,-1,2272,2210,2273,-1,2273,2210,2268,-1,2273,2268,2274,-1,2274,2268,2269,-1,2274,2269,2275,-1,2275,2269,2270,-1,2275,2270,2276,-1,2276,2270,2271,-1,2276,2271,52,-1,52,2271,53,-1,57,59,2277,-1,2277,59,2272,-1,2277,2272,2278,-1,2278,2272,2273,-1,2278,2273,2279,-1,2279,2273,2274,-1,2279,2274,2280,-1,2280,2274,2275,-1,2280,2275,2281,-1,2281,2275,2276,-1,2281,2276,36,-1,36,2276,52,-1,123,57,2277,-1,123,2277,2282,-1,2282,2277,2278,-1,2282,2278,2283,-1,2283,2278,2279,-1,2283,2279,2284,-1,2284,2279,2280,-1,2284,2280,2285,-1,2285,2280,2281,-1,2285,2281,2286,-1,2286,2281,36,-1,2286,36,120,-1,120,138,2286,-1,2286,138,2287,-1,2286,2287,2285,-1,2285,2287,2288,-1,2285,2288,2284,-1,2284,2288,2289,-1,2284,2289,2283,-1,2283,2289,2290,-1,2283,2290,2282,-1,2282,2290,2291,-1,2282,2291,123,-1,123,2291,160,-1,138,140,2287,-1,2287,140,2292,-1,2287,2292,2288,-1,2288,2292,2293,-1,2288,2293,2289,-1,2289,2293,2294,-1,2289,2294,2290,-1,2290,2294,2295,-1,2290,2295,2291,-1,2291,2295,2296,-1,2291,2296,160,-1,160,2296,158,-1,140,142,2292,-1,2292,142,2297,-1,2292,2297,2293,-1,2293,2297,2298,-1,2293,2298,2294,-1,2294,2298,2299,-1,2294,2299,2295,-1,2295,2299,2300,-1,2295,2300,2296,-1,2296,2300,2301,-1,2296,2301,158,-1,158,2301,156,-1,142,144,2297,-1,2297,144,2302,-1,2297,2302,2298,-1,2298,2302,2303,-1,2298,2303,2299,-1,2299,2303,2304,-1,2299,2304,2300,-1,2300,2304,2305,-1,2300,2305,2301,-1,2301,2305,2306,-1,2301,2306,156,-1,156,2306,154,-1,144,146,2302,-1,2302,146,2307,-1,2302,2307,2303,-1,2303,2307,2308,-1,2303,2308,2304,-1,2304,2308,2309,-1,2304,2309,2305,-1,2305,2309,2310,-1,2305,2310,2306,-1,2306,2310,2311,-1,2306,2311,154,-1,154,2311,152,-1,146,148,2307,-1,2307,148,2312,-1,2307,2312,2308,-1,2308,2312,2313,-1,2308,2313,2309,-1,2309,2313,2314,-1,2309,2314,2310,-1,2310,2314,2315,-1,2310,2315,2311,-1,2311,2315,2316,-1,2311,2316,152,-1,152,2316,150,-1,178,150,1920,-1,1920,150,2316,-1,1920,2316,2317,-1,2317,2316,2318,-1,2318,2316,2315,-1,2318,2315,2319,-1,2319,2315,2320,-1,2320,2315,2314,-1,2320,2314,2321,-1,2321,2314,2322,-1,2322,2314,2313,-1,2322,2313,2323,-1,2323,2313,2324,-1,2324,2313,2312,-1,2324,2312,2325,-1,148,176,2312,-1,2312,176,1923,-1,2312,1923,2325,-1,2325,1923,186,-1,2325,186,2324,-1,186,199,2324,-1,2324,199,198,-1,2324,198,2323,-1,2323,198,2322,-1,198,202,2322,-1,2322,202,217,-1,2322,217,2321,-1,2321,217,219,-1,2321,219,2320,-1,219,218,2320,-1,2320,218,201,-1,2320,201,2319,-1,2319,201,200,-1,2319,200,2318,-1,2318,200,197,-1,2318,197,2317,-1,2317,197,189,-1,2317,189,1920,-1,254,256,2326,-1,272,270,1916,-1,1916,270,2327,-1,1916,2327,2328,-1,2328,2327,2329,-1,2329,2327,2330,-1,2330,2327,2331,-1,2330,2331,2332,-1,2333,2334,2335,-1,2335,2334,2336,-1,2335,2336,2331,-1,2331,2336,2337,-1,2331,2337,2332,-1,2338,2339,2340,-1,2340,2339,2341,-1,2340,2341,2335,-1,2335,2341,2342,-1,2335,2342,2333,-1,263,1919,260,-1,260,1919,2343,-1,260,2343,258,-1,1919,2344,2343,-1,2343,2344,2345,-1,2343,2345,2340,-1,2340,2345,2346,-1,2340,2346,2338,-1,266,265,2347,-1,2347,265,2348,-1,2347,2348,2349,-1,2349,2348,2350,-1,2349,2350,2351,-1,2351,2350,2352,-1,2351,2352,2353,-1,2353,2352,2354,-1,2353,2354,2355,-1,2355,2354,2356,-1,2355,2356,252,-1,252,2356,250,-1,268,266,2357,-1,2357,266,2347,-1,2357,2347,2358,-1,2358,2347,2349,-1,2358,2349,2359,-1,2359,2349,2351,-1,2359,2351,2360,-1,2360,2351,2353,-1,2360,2353,2326,-1,2326,2353,2355,-1,2326,2355,254,-1,254,2355,252,-1,270,268,2327,-1,2327,268,2357,-1,2327,2357,2331,-1,2331,2357,2358,-1,2331,2358,2335,-1,2335,2358,2359,-1,2335,2359,2340,-1,2340,2359,2360,-1,2340,2360,2343,-1,2343,2360,2326,-1,2343,2326,258,-1,258,2326,256,-1,1919,283,2344,-1,2344,283,2345,-1,2345,283,2346,-1,2346,283,279,-1,2346,279,278,-1,2342,2341,278,-1,2341,2339,278,-1,278,2339,2338,-1,278,2338,2346,-1,278,282,2342,-1,2342,282,299,-1,2342,299,2333,-1,2333,299,300,-1,2333,300,2334,-1,2334,300,2336,-1,2336,300,298,-1,2336,298,2337,-1,2337,298,297,-1,2337,297,2332,-1,2332,297,281,-1,2332,281,2330,-1,2330,281,280,-1,2330,280,2329,-1,2329,280,2328,-1,2328,280,277,-1,2328,277,1916,-1,255,253,2361,-1,261,259,2362,-1,2363,2364,2362,-1,2362,2364,1918,-1,2362,1918,261,-1,261,1918,262,-1,2363,2362,2365,-1,2365,2362,2366,-1,2365,2366,2367,-1,2368,2369,2370,-1,2370,2369,2371,-1,2370,2371,2366,-1,2366,2371,2372,-1,2366,2372,2367,-1,2373,2374,2375,-1,2375,2374,2376,-1,2375,2376,2370,-1,2370,2376,2377,-1,2370,2377,2368,-1,248,242,2378,-1,2378,242,1915,-1,1915,2379,2378,-1,2378,2379,2380,-1,2378,2380,2375,-1,2375,2380,2381,-1,2375,2381,2373,-1,253,251,2361,-1,2361,251,2382,-1,2361,2382,2383,-1,2383,2382,2384,-1,2383,2384,2385,-1,2385,2384,2386,-1,2385,2386,2387,-1,2387,2386,2388,-1,2387,2388,2389,-1,2389,2388,2390,-1,2389,2390,245,-1,245,2390,243,-1,245,249,2389,-1,2389,249,2391,-1,2389,2391,2387,-1,2387,2391,2392,-1,2387,2392,2385,-1,2385,2392,2393,-1,2385,2393,2383,-1,2383,2393,2394,-1,2383,2394,2361,-1,2361,2394,2395,-1,2361,2395,255,-1,255,2395,257,-1,259,257,2362,-1,2362,257,2395,-1,2362,2395,2366,-1,2366,2395,2394,-1,2366,2394,2370,-1,2370,2394,2393,-1,2370,2393,2375,-1,2375,2393,2392,-1,2375,2392,2378,-1,2378,2392,2391,-1,2378,2391,248,-1,248,2391,249,-1,1918,2364,284,-1,284,2364,286,-1,2364,2363,286,-1,286,2363,2365,-1,286,2365,287,-1,287,2365,2367,-1,287,2367,308,-1,308,2367,2372,-1,308,2372,306,-1,306,2372,2371,-1,306,2371,304,-1,2371,2369,304,-1,304,2369,2368,-1,304,2368,305,-1,305,2368,2377,-1,305,2377,307,-1,2374,2373,309,-1,309,2373,2381,-1,309,2381,310,-1,307,2377,309,-1,309,2377,2376,-1,309,2376,2374,-1,2379,1915,285,-1,310,2381,285,-1,285,2381,2380,-1,285,2380,2379,-1,231,229,2396,-1,235,233,2397,-1,239,237,1912,-1,1912,237,2398,-1,1912,2398,2399,-1,2399,2398,2400,-1,2400,2398,2401,-1,2401,2398,2402,-1,2401,2402,2403,-1,2404,2405,2406,-1,2406,2405,2407,-1,2406,2407,2402,-1,2402,2407,2408,-1,2402,2408,2403,-1,2409,2410,2411,-1,2411,2410,2412,-1,2411,2412,2406,-1,2406,2412,2413,-1,2406,2413,2404,-1,271,273,2414,-1,2414,273,1917,-1,1917,2415,2414,-1,2414,2415,2416,-1,2414,2416,2411,-1,2411,2416,2417,-1,2411,2417,2409,-1,269,271,2418,-1,2418,271,2414,-1,2418,2414,2419,-1,2419,2414,2411,-1,2419,2411,2420,-1,2420,2411,2406,-1,2420,2406,2421,-1,2421,2406,2402,-1,2421,2402,2397,-1,2397,2402,2398,-1,2397,2398,235,-1,235,2398,237,-1,267,269,2422,-1,2422,269,2418,-1,2422,2418,2423,-1,2423,2418,2419,-1,2423,2419,2424,-1,2424,2419,2420,-1,2424,2420,2425,-1,2425,2420,2421,-1,2425,2421,2396,-1,2396,2421,2397,-1,2396,2397,231,-1,231,2397,233,-1,264,267,2426,-1,2426,267,2422,-1,2426,2422,2427,-1,2427,2422,2423,-1,2427,2423,2428,-1,2428,2423,2424,-1,2428,2424,2429,-1,2429,2424,2425,-1,2429,2425,2430,-1,2430,2425,2396,-1,2430,2396,227,-1,227,2396,229,-1,1917,276,2415,-1,2415,276,2416,-1,2416,276,2417,-1,2417,276,296,-1,2417,296,292,-1,2413,2412,292,-1,2412,2410,292,-1,292,2410,2409,-1,292,2409,2417,-1,292,291,2413,-1,2413,291,301,-1,2413,301,2404,-1,2404,301,303,-1,2404,303,2405,-1,2405,303,2407,-1,2407,303,302,-1,2407,302,2408,-1,2408,302,293,-1,2408,293,2403,-1,2403,293,294,-1,2403,294,2401,-1,2401,294,295,-1,2401,295,2400,-1,2400,295,2399,-1,2399,295,275,-1,2399,275,1912,-1,230,232,2431,-1,241,240,1914,-1,1914,240,2432,-1,1914,2432,2433,-1,2433,2432,2434,-1,2434,2432,2435,-1,2435,2432,2436,-1,2435,2436,2437,-1,2438,2439,2440,-1,2440,2439,2441,-1,2440,2441,2436,-1,2436,2441,2442,-1,2436,2442,2437,-1,2443,2444,2445,-1,2445,2444,2446,-1,2445,2446,2440,-1,2440,2446,2447,-1,2440,2447,2438,-1,234,236,2448,-1,2448,236,238,-1,2448,238,1913,-1,1913,2449,2448,-1,2448,2449,2450,-1,2448,2450,2445,-1,2445,2450,2451,-1,2445,2451,2443,-1,232,234,2431,-1,2431,234,2448,-1,2431,2448,2452,-1,2452,2448,2445,-1,2452,2445,2453,-1,2453,2445,2440,-1,2453,2440,2454,-1,2454,2440,2436,-1,2454,2436,2455,-1,2455,2436,2432,-1,2455,2432,247,-1,247,2432,240,-1,228,230,2456,-1,2456,230,2431,-1,2456,2431,2457,-1,2457,2431,2452,-1,2457,2452,2458,-1,2458,2452,2453,-1,2458,2453,2459,-1,2459,2453,2454,-1,2459,2454,2460,-1,2460,2454,2455,-1,2460,2455,246,-1,246,2455,247,-1,226,228,2461,-1,2461,228,2456,-1,2461,2456,2462,-1,2462,2456,2457,-1,2462,2457,2463,-1,2463,2457,2458,-1,2463,2458,2464,-1,2464,2458,2459,-1,2464,2459,2465,-1,2465,2459,2460,-1,2465,2460,244,-1,244,2460,246,-1,1914,2433,288,-1,288,2433,289,-1,2433,2434,289,-1,289,2434,2435,-1,289,2435,290,-1,290,2435,2437,-1,290,2437,315,-1,315,2437,2442,-1,315,2442,313,-1,313,2442,2441,-1,313,2441,311,-1,2441,2439,311,-1,311,2439,2438,-1,311,2438,312,-1,312,2438,2447,-1,312,2447,314,-1,2444,2443,316,-1,316,2443,2451,-1,316,2451,317,-1,314,2447,316,-1,316,2447,2446,-1,316,2446,2444,-1,2449,1913,274,-1,317,2451,274,-1,274,2451,2450,-1,274,2450,2449,-1,58,2466,2467,-1,2468,94,92,-1,2469,2470,2471,-1,2471,2470,2468,-1,2472,2473,2474,-1,2474,2473,2469,-1,2475,2476,2477,-1,2477,2476,2478,-1,2477,2478,2472,-1,2479,2480,2481,-1,2481,2480,2475,-1,2482,2483,2484,-1,2484,2483,2479,-1,98,96,2482,-1,2468,92,2471,-1,2471,92,90,-1,2471,90,2485,-1,2485,90,88,-1,2485,88,2486,-1,88,86,2486,-1,2486,86,84,-1,2486,84,82,-1,80,2487,82,-1,82,2487,2488,-1,82,2488,2486,-1,68,2489,2490,-1,80,78,2487,-1,2487,78,76,-1,2487,76,2491,-1,2491,76,74,-1,2491,74,2492,-1,2492,74,72,-1,2492,72,2490,-1,2490,72,70,-1,2490,70,68,-1,68,66,2489,-1,2489,66,64,-1,2489,64,2493,-1,2493,64,62,-1,2493,62,2467,-1,2467,62,60,-1,2467,60,58,-1,2469,2471,2474,-1,2474,2471,2485,-1,2474,2485,2494,-1,2494,2485,2486,-1,2494,2486,2495,-1,2495,2486,2488,-1,2495,2488,2496,-1,2496,2488,2487,-1,2496,2487,2497,-1,2497,2487,2491,-1,2497,2491,2498,-1,2498,2491,2492,-1,2498,2492,2499,-1,2499,2492,2490,-1,2499,2490,2500,-1,2500,2490,2489,-1,2500,2489,2501,-1,2501,2489,2493,-1,2501,2493,2502,-1,2502,2493,2467,-1,2502,2467,2503,-1,2503,2467,2466,-1,2503,2466,2504,-1,2472,2474,2477,-1,2477,2474,2494,-1,2477,2494,2505,-1,2505,2494,2495,-1,2505,2495,2506,-1,2506,2495,2496,-1,2506,2496,2507,-1,2507,2496,2497,-1,2507,2497,2508,-1,2508,2497,2498,-1,2508,2498,2509,-1,2509,2498,2499,-1,2509,2499,2510,-1,2510,2499,2500,-1,2510,2500,2511,-1,2511,2500,2501,-1,2511,2501,2512,-1,2512,2501,2502,-1,2512,2502,2513,-1,2513,2502,2503,-1,2513,2503,2514,-1,2514,2503,2504,-1,2514,2504,2515,-1,2475,2477,2481,-1,2481,2477,2505,-1,2481,2505,2516,-1,2516,2505,2506,-1,2516,2506,2517,-1,2517,2506,2507,-1,2517,2507,2518,-1,2518,2507,2508,-1,2518,2508,2519,-1,2519,2508,2509,-1,2519,2509,2520,-1,2520,2509,2510,-1,2520,2510,2521,-1,2521,2510,2511,-1,2521,2511,2522,-1,2522,2511,2512,-1,2522,2512,2523,-1,2523,2512,2513,-1,2523,2513,2524,-1,2524,2513,2514,-1,2524,2514,2525,-1,2525,2514,2515,-1,2525,2515,2526,-1,2479,2481,2484,-1,2484,2481,2516,-1,2484,2516,2527,-1,2527,2516,2517,-1,2527,2517,2528,-1,2528,2517,2518,-1,2528,2518,2529,-1,2529,2518,2519,-1,2529,2519,2530,-1,2530,2519,2520,-1,2530,2520,2531,-1,2531,2520,2521,-1,2531,2521,2532,-1,2532,2521,2522,-1,2532,2522,2533,-1,2533,2522,2523,-1,2533,2523,2534,-1,2534,2523,2524,-1,2534,2524,2535,-1,2535,2524,2525,-1,2535,2525,2536,-1,2536,2525,2526,-1,2536,2526,2537,-1,2482,2484,98,-1,98,2484,2527,-1,98,2527,100,-1,100,2527,2528,-1,100,2528,113,-1,113,2528,2529,-1,113,2529,114,-1,114,2529,2530,-1,114,2530,116,-1,116,2530,2531,-1,116,2531,117,-1,117,2531,2532,-1,117,2532,109,-1,109,2532,2533,-1,109,2533,111,-1,111,2533,2534,-1,111,2534,112,-1,112,2534,2535,-1,112,2535,106,-1,106,2535,2536,-1,106,2536,104,-1,104,2536,2537,-1,104,2537,102,-1,125,102,2537,-1,125,2537,2538,-1,2538,2537,2526,-1,2538,2526,2539,-1,2539,2526,2515,-1,2539,2515,2540,-1,2540,2515,2504,-1,2540,2504,2541,-1,2541,2504,2466,-1,2541,2466,2542,-1,2542,2466,58,-1,2542,58,122,-1,162,164,2543,-1,2543,164,2544,-1,2543,2544,2545,-1,2545,2544,2546,-1,2545,2546,2547,-1,2547,2546,2548,-1,2547,2548,2549,-1,2549,2548,2550,-1,2549,2550,2551,-1,2551,2550,2552,-1,2551,2552,151,-1,151,2552,153,-1,164,166,2544,-1,2544,166,2553,-1,2544,2553,2546,-1,2546,2553,2554,-1,2546,2554,2548,-1,2548,2554,2555,-1,2548,2555,2550,-1,2550,2555,2556,-1,2550,2556,2552,-1,2552,2556,2557,-1,2552,2557,153,-1,153,2557,155,-1,166,168,2553,-1,2553,168,2558,-1,2553,2558,2554,-1,2554,2558,2559,-1,2554,2559,2555,-1,2555,2559,2560,-1,2555,2560,2556,-1,2556,2560,2561,-1,2556,2561,2557,-1,2557,2561,2562,-1,2557,2562,155,-1,155,2562,157,-1,168,170,2558,-1,2558,170,2563,-1,2558,2563,2559,-1,2559,2563,2564,-1,2559,2564,2560,-1,2560,2564,2565,-1,2560,2565,2561,-1,2561,2565,2566,-1,2561,2566,2562,-1,2562,2566,2567,-1,2562,2567,157,-1,157,2567,159,-1,170,172,2563,-1,2563,172,2568,-1,2563,2568,2564,-1,2564,2568,2569,-1,2564,2569,2565,-1,2565,2569,2570,-1,2565,2570,2566,-1,2566,2570,2571,-1,2566,2571,2567,-1,2567,2571,2572,-1,2567,2572,159,-1,159,2572,161,-1,172,125,2568,-1,2568,125,2538,-1,2568,2538,2569,-1,2569,2538,2539,-1,2569,2539,2570,-1,2570,2539,2540,-1,2570,2540,2571,-1,2571,2540,2541,-1,2571,2541,2572,-1,2572,2541,2542,-1,2572,2542,161,-1,161,2542,122,-1,181,162,1924,-1,1924,162,2543,-1,1924,2543,2573,-1,2573,2543,2574,-1,2574,2543,2545,-1,2574,2545,2575,-1,2575,2545,2576,-1,2576,2545,2547,-1,2576,2547,2577,-1,2577,2547,2578,-1,2578,2547,2549,-1,2578,2549,2579,-1,2579,2549,2580,-1,2580,2549,2551,-1,2580,2551,2581,-1,151,179,2551,-1,2551,179,1921,-1,2551,1921,2581,-1,209,207,2576,-1,2576,207,2575,-1,2575,207,191,-1,2575,191,2574,-1,2574,191,190,-1,2574,190,2573,-1,2573,190,183,-1,2573,183,1924,-1,209,2576,210,-1,210,2576,2577,-1,210,2577,208,-1,208,2577,2578,-1,208,2578,206,-1,2580,192,193,-1,206,2578,193,-1,193,2578,2579,-1,193,2579,2580,-1,192,2580,188,-1,188,2580,2581,-1,188,2581,1921,-1,2582,2583,2584,-1,2585,2586,2587,-1,2588,413,415,-1,2586,2589,2590,-1,2590,2589,2591,-1,2590,2591,2588,-1,2585,2587,2592,-1,2583,2593,2594,-1,2594,2593,2595,-1,2594,2595,2592,-1,348,2596,2597,-1,2597,2596,2598,-1,2597,2598,2582,-1,342,344,2599,-1,2599,344,351,-1,2599,351,2597,-1,2597,351,350,-1,2597,350,348,-1,342,2599,340,-1,340,2599,2600,-1,340,2600,338,-1,338,2600,2601,-1,338,2601,336,-1,2602,332,2601,-1,2601,332,334,-1,2601,334,336,-1,2588,415,2590,-1,2590,415,417,-1,2590,417,2603,-1,2603,417,419,-1,2603,419,2604,-1,2604,419,433,-1,2604,433,2605,-1,2605,433,426,-1,2605,426,2606,-1,2606,426,428,-1,2606,428,2607,-1,2586,2590,2587,-1,2587,2590,2603,-1,2587,2603,2608,-1,2608,2603,2604,-1,2608,2604,2609,-1,2609,2604,2605,-1,2609,2605,2610,-1,2610,2605,2606,-1,2610,2606,2611,-1,2611,2606,2607,-1,2611,2607,2612,-1,2592,2587,2594,-1,2594,2587,2608,-1,2594,2608,2613,-1,2613,2608,2609,-1,2613,2609,2614,-1,2614,2609,2610,-1,2614,2610,2615,-1,2615,2610,2611,-1,2615,2611,2616,-1,2616,2611,2612,-1,2616,2612,2617,-1,2583,2594,2584,-1,2584,2594,2613,-1,2584,2613,2618,-1,2618,2613,2614,-1,2618,2614,2619,-1,2619,2614,2615,-1,2619,2615,2620,-1,2620,2615,2616,-1,2620,2616,2621,-1,2621,2616,2617,-1,2621,2617,2622,-1,2582,2584,2597,-1,2597,2584,2618,-1,2597,2618,2599,-1,2599,2618,2619,-1,2599,2619,2600,-1,2600,2619,2620,-1,2600,2620,2601,-1,2601,2620,2621,-1,2601,2621,2602,-1,2602,2621,2622,-1,2602,2622,2623,-1,322,324,2624,-1,2624,324,2623,-1,2624,2623,2625,-1,2625,2623,2622,-1,2625,2622,2626,-1,2626,2622,2617,-1,2626,2617,2627,-1,2627,2617,2612,-1,2627,2612,2628,-1,2628,2612,2607,-1,2628,2607,425,-1,425,2607,428,-1,324,326,2623,-1,2623,326,328,-1,2623,328,2602,-1,2602,328,330,-1,2602,330,332,-1,320,322,2629,-1,2629,322,2624,-1,2629,2624,2630,-1,2630,2624,2625,-1,2630,2625,2631,-1,2631,2625,2626,-1,2631,2626,2632,-1,2632,2626,2627,-1,2632,2627,2633,-1,2633,2627,2628,-1,2633,2628,423,-1,423,2628,425,-1,318,320,2634,-1,2634,320,2629,-1,2634,2629,2635,-1,2635,2629,2630,-1,2635,2630,2636,-1,2636,2630,2631,-1,2636,2631,2637,-1,2637,2631,2632,-1,2637,2632,2638,-1,2638,2632,2633,-1,2638,2633,421,-1,421,2633,423,-1,436,318,2634,-1,436,2634,2639,-1,2639,2634,2635,-1,2639,2635,2640,-1,2640,2635,2636,-1,2640,2636,2641,-1,2641,2636,2637,-1,2641,2637,2642,-1,2642,2637,2638,-1,2642,2638,2643,-1,2643,2638,421,-1,2643,421,442,-1,454,452,2644,-1,2644,452,2645,-1,2644,2645,2646,-1,2646,2645,2647,-1,2646,2647,2648,-1,2648,2647,2649,-1,2648,2649,2650,-1,2650,2649,2651,-1,2650,2651,2652,-1,2652,2651,2653,-1,2652,2653,481,-1,481,2653,483,-1,452,450,2645,-1,2645,450,2654,-1,2645,2654,2647,-1,2647,2654,2655,-1,2647,2655,2649,-1,2649,2655,2656,-1,2649,2656,2651,-1,2651,2656,2657,-1,2651,2657,2653,-1,2653,2657,2658,-1,2653,2658,483,-1,483,2658,485,-1,450,448,2654,-1,2654,448,2659,-1,2654,2659,2655,-1,2655,2659,2660,-1,2655,2660,2656,-1,2656,2660,2661,-1,2656,2661,2657,-1,2657,2661,2662,-1,2657,2662,2658,-1,2658,2662,2663,-1,2658,2663,485,-1,485,2663,487,-1,448,446,2659,-1,2659,446,2664,-1,2659,2664,2660,-1,2660,2664,2665,-1,2660,2665,2661,-1,2661,2665,2666,-1,2661,2666,2662,-1,2662,2666,2667,-1,2662,2667,2663,-1,2663,2667,2668,-1,2663,2668,487,-1,487,2668,489,-1,446,444,2664,-1,2664,444,2669,-1,2664,2669,2665,-1,2665,2669,2670,-1,2665,2670,2666,-1,2666,2670,2671,-1,2666,2671,2667,-1,2667,2671,2672,-1,2667,2672,2668,-1,2668,2672,2673,-1,2668,2673,489,-1,489,2673,491,-1,444,436,2669,-1,2669,436,2639,-1,2669,2639,2670,-1,2670,2639,2640,-1,2670,2640,2671,-1,2671,2640,2641,-1,2671,2641,2672,-1,2672,2641,2642,-1,2672,2642,2673,-1,2673,2642,2643,-1,2673,2643,491,-1,491,2643,442,-1,492,454,1942,-1,1942,454,2644,-1,1942,2644,2674,-1,2674,2644,2675,-1,2675,2644,2646,-1,2675,2646,2676,-1,2676,2646,2677,-1,2677,2646,2648,-1,2677,2648,2678,-1,2678,2648,2679,-1,2679,2648,2650,-1,2679,2650,2680,-1,2680,2650,2681,-1,2681,2650,2652,-1,2681,2652,2682,-1,481,498,2652,-1,2652,498,1941,-1,2652,1941,2682,-1,542,529,2677,-1,2677,529,2676,-1,2676,529,528,-1,2676,528,2675,-1,2675,528,525,-1,2675,525,2674,-1,2674,525,502,-1,2674,502,1942,-1,542,2677,543,-1,543,2677,2678,-1,543,2678,541,-1,541,2678,2679,-1,541,2679,530,-1,2681,527,526,-1,530,2679,526,-1,526,2679,2680,-1,526,2680,2681,-1,527,2681,500,-1,500,2681,2682,-1,500,2682,1941,-1,2683,2684,2685,-1,347,349,2686,-1,2686,349,2687,-1,2684,2688,2687,-1,2687,2688,2689,-1,2687,2689,2686,-1,2683,2685,2690,-1,2691,2692,2693,-1,2693,2692,2690,-1,2694,2695,2696,-1,2696,2695,2691,-1,361,2697,2698,-1,2698,2697,2699,-1,2698,2699,2694,-1,349,346,2687,-1,2687,346,345,-1,2687,345,2700,-1,2700,345,343,-1,2700,343,2701,-1,2701,343,341,-1,341,339,2701,-1,2701,339,337,-1,2701,337,2702,-1,2702,337,335,-1,2702,335,2703,-1,335,333,2703,-1,2703,333,331,-1,2703,331,2704,-1,331,329,2704,-1,2704,329,327,-1,2704,327,2705,-1,2705,327,325,-1,2705,325,2706,-1,2706,325,323,-1,323,321,2706,-1,2706,321,319,-1,2706,319,2707,-1,2684,2687,2685,-1,2685,2687,2700,-1,2685,2700,2708,-1,2708,2700,2701,-1,2708,2701,2709,-1,2709,2701,2702,-1,2709,2702,2710,-1,2710,2702,2703,-1,2710,2703,2711,-1,2711,2703,2704,-1,2711,2704,2712,-1,2712,2704,2705,-1,2712,2705,2713,-1,2713,2705,2706,-1,2713,2706,2714,-1,2714,2706,2707,-1,2714,2707,2715,-1,2690,2685,2693,-1,2693,2685,2708,-1,2693,2708,2716,-1,2716,2708,2709,-1,2716,2709,2717,-1,2717,2709,2710,-1,2717,2710,2718,-1,2718,2710,2711,-1,2718,2711,2719,-1,2719,2711,2712,-1,2719,2712,2720,-1,2720,2712,2713,-1,2720,2713,2721,-1,2721,2713,2714,-1,2721,2714,2722,-1,2722,2714,2715,-1,2722,2715,2723,-1,2691,2693,2696,-1,2696,2693,2716,-1,2696,2716,2724,-1,2724,2716,2717,-1,2724,2717,2725,-1,2725,2717,2718,-1,2725,2718,2726,-1,2726,2718,2719,-1,2726,2719,2727,-1,2727,2719,2720,-1,2727,2720,2728,-1,2728,2720,2721,-1,2728,2721,2729,-1,2729,2721,2722,-1,2729,2722,2730,-1,2730,2722,2723,-1,2730,2723,2731,-1,2694,2696,2698,-1,2698,2696,2724,-1,2698,2724,2732,-1,2732,2724,2725,-1,2732,2725,2733,-1,2733,2725,2726,-1,2733,2726,2734,-1,2734,2726,2727,-1,2734,2727,2735,-1,2735,2727,2728,-1,2735,2728,2736,-1,2736,2728,2729,-1,2736,2729,2737,-1,2737,2729,2730,-1,2737,2730,2738,-1,2738,2730,2731,-1,2738,2731,2739,-1,361,2698,363,-1,363,2698,2732,-1,363,2732,365,-1,365,2732,2733,-1,365,2733,367,-1,367,2733,2734,-1,367,2734,359,-1,359,2734,2735,-1,359,2735,357,-1,357,2735,2736,-1,357,2736,355,-1,355,2736,2737,-1,355,2737,372,-1,372,2737,2738,-1,372,2738,352,-1,352,2738,2739,-1,352,2739,353,-1,439,353,2739,-1,439,2739,2740,-1,2740,2739,2731,-1,2740,2731,2741,-1,2741,2731,2723,-1,2741,2723,2742,-1,2742,2723,2715,-1,2742,2715,2743,-1,2743,2715,2707,-1,2743,2707,2744,-1,2744,2707,319,-1,2744,319,437,-1,437,445,2744,-1,2744,445,2745,-1,2744,2745,2743,-1,2743,2745,2746,-1,2743,2746,2742,-1,2742,2746,2747,-1,2742,2747,2741,-1,2741,2747,2748,-1,2741,2748,2740,-1,2740,2748,2749,-1,2740,2749,439,-1,439,2749,457,-1,445,447,2745,-1,2745,447,2750,-1,2745,2750,2746,-1,2746,2750,2751,-1,2746,2751,2747,-1,2747,2751,2752,-1,2747,2752,2748,-1,2748,2752,2753,-1,2748,2753,2749,-1,2749,2753,2754,-1,2749,2754,457,-1,457,2754,459,-1,447,449,2750,-1,2750,449,2755,-1,2750,2755,2751,-1,2751,2755,2756,-1,2751,2756,2752,-1,2752,2756,2757,-1,2752,2757,2753,-1,2753,2757,2758,-1,2753,2758,2754,-1,2754,2758,2759,-1,2754,2759,459,-1,459,2759,461,-1,449,451,2755,-1,2755,451,2760,-1,2755,2760,2756,-1,2756,2760,2761,-1,2756,2761,2757,-1,2757,2761,2762,-1,2757,2762,2758,-1,2758,2762,2763,-1,2758,2763,2759,-1,2759,2763,2764,-1,2759,2764,461,-1,461,2764,463,-1,451,453,2760,-1,2760,453,2765,-1,2760,2765,2761,-1,2761,2765,2766,-1,2761,2766,2762,-1,2762,2766,2767,-1,2762,2767,2763,-1,2763,2767,2768,-1,2763,2768,2764,-1,2764,2768,2769,-1,2764,2769,463,-1,463,2769,465,-1,453,455,2765,-1,2765,455,2770,-1,2765,2770,2766,-1,2766,2770,2771,-1,2766,2771,2767,-1,2767,2771,2772,-1,2767,2772,2768,-1,2768,2772,2773,-1,2768,2773,2769,-1,2769,2773,2774,-1,2769,2774,465,-1,465,2774,467,-1,495,467,1938,-1,1938,467,2774,-1,1938,2774,2775,-1,2775,2774,2776,-1,2776,2774,2773,-1,2776,2773,2777,-1,2777,2773,2778,-1,2778,2773,2772,-1,2778,2772,2779,-1,2779,2772,2780,-1,2780,2772,2771,-1,2780,2771,2781,-1,2781,2771,2782,-1,2782,2771,2770,-1,2782,2770,2783,-1,455,493,2770,-1,2770,493,1943,-1,2770,1943,2783,-1,2783,1943,503,-1,2783,503,2782,-1,503,518,2782,-1,2782,518,509,-1,2782,509,2781,-1,2781,509,2780,-1,509,508,2780,-1,2780,508,536,-1,2780,536,2779,-1,2779,536,537,-1,2779,537,2778,-1,537,535,2778,-1,2778,535,534,-1,2778,534,2777,-1,2777,534,510,-1,2777,510,2776,-1,2776,510,517,-1,2776,517,2775,-1,2775,517,505,-1,2775,505,1938,-1,379,381,2784,-1,385,387,2785,-1,2786,360,362,-1,2787,2788,2789,-1,2789,2788,2786,-1,2790,2791,2792,-1,2792,2791,2787,-1,2793,2794,2795,-1,2795,2794,2796,-1,2795,2796,2790,-1,2797,2798,2799,-1,2799,2798,2793,-1,2800,2801,2802,-1,2802,2801,2797,-1,411,2800,409,-1,409,2800,2802,-1,409,2802,407,-1,407,2802,2803,-1,407,2803,405,-1,405,2803,403,-1,403,2803,2804,-1,403,2804,401,-1,401,2804,2805,-1,401,2805,399,-1,399,2805,397,-1,397,2805,2806,-1,397,2806,395,-1,395,2806,2807,-1,395,2807,393,-1,393,2807,2808,-1,393,2808,391,-1,2786,362,2789,-1,2789,362,364,-1,2789,364,2809,-1,2809,364,366,-1,2809,366,2810,-1,2810,366,368,-1,2810,368,2811,-1,2811,368,369,-1,2811,369,2812,-1,2812,369,358,-1,2812,358,2813,-1,2813,358,356,-1,2813,356,2814,-1,2814,356,374,-1,2814,374,2815,-1,2787,2789,2792,-1,2792,2789,2809,-1,2792,2809,2816,-1,2816,2809,2810,-1,2816,2810,2817,-1,2817,2810,2811,-1,2817,2811,2818,-1,2818,2811,2812,-1,2818,2812,2819,-1,2819,2812,2813,-1,2819,2813,2820,-1,2820,2813,2814,-1,2820,2814,2821,-1,2821,2814,2815,-1,2821,2815,2822,-1,2790,2792,2795,-1,2795,2792,2816,-1,2795,2816,2823,-1,2823,2816,2817,-1,2823,2817,2824,-1,2824,2817,2818,-1,2824,2818,2825,-1,2825,2818,2819,-1,2825,2819,2826,-1,2826,2819,2820,-1,2826,2820,2827,-1,2827,2820,2821,-1,2827,2821,2828,-1,2828,2821,2822,-1,2828,2822,2829,-1,2793,2795,2799,-1,2799,2795,2823,-1,2799,2823,2830,-1,2830,2823,2824,-1,2830,2824,2831,-1,2831,2824,2825,-1,2831,2825,2832,-1,2832,2825,2826,-1,2832,2826,2833,-1,2833,2826,2827,-1,2833,2827,2834,-1,2834,2827,2828,-1,2834,2828,2835,-1,2835,2828,2829,-1,2835,2829,2836,-1,2797,2799,2802,-1,2802,2799,2830,-1,2802,2830,2803,-1,2803,2830,2831,-1,2803,2831,2804,-1,2804,2831,2832,-1,2804,2832,2805,-1,2805,2832,2833,-1,2805,2833,2806,-1,2806,2833,2834,-1,2806,2834,2807,-1,2807,2834,2835,-1,2807,2835,2808,-1,2808,2835,2836,-1,2808,2836,2785,-1,2785,387,2808,-1,2808,387,389,-1,2808,389,391,-1,383,385,2837,-1,2837,385,2785,-1,2837,2785,2838,-1,2838,2785,2836,-1,2838,2836,2839,-1,2839,2836,2829,-1,2839,2829,2840,-1,2840,2829,2822,-1,2840,2822,2841,-1,2841,2822,2815,-1,2841,2815,373,-1,373,2815,374,-1,381,383,2784,-1,2784,383,2837,-1,2784,2837,2842,-1,2842,2837,2838,-1,2842,2838,2843,-1,2843,2838,2839,-1,2843,2839,2844,-1,2844,2839,2840,-1,2844,2840,2845,-1,2845,2840,2841,-1,2845,2841,371,-1,371,2841,373,-1,377,379,2846,-1,2846,379,2784,-1,2846,2784,2847,-1,2847,2784,2842,-1,2847,2842,2848,-1,2848,2842,2843,-1,2848,2843,2849,-1,2849,2843,2844,-1,2849,2844,2850,-1,2850,2844,2845,-1,2850,2845,370,-1,370,2845,371,-1,375,377,2851,-1,2851,377,2846,-1,2851,2846,2852,-1,2852,2846,2847,-1,2852,2847,2853,-1,2853,2847,2848,-1,2853,2848,2854,-1,2854,2848,2849,-1,2854,2849,2855,-1,2855,2849,2850,-1,2855,2850,354,-1,354,2850,370,-1,441,375,2851,-1,441,2851,2856,-1,2856,2851,2852,-1,2856,2852,2857,-1,2857,2852,2853,-1,2857,2853,2858,-1,2858,2853,2854,-1,2858,2854,2859,-1,2859,2854,2855,-1,2859,2855,2860,-1,2860,2855,354,-1,2860,354,438,-1,438,456,2860,-1,2860,456,2861,-1,2860,2861,2859,-1,2859,2861,2862,-1,2859,2862,2858,-1,2858,2862,2863,-1,2858,2863,2857,-1,2857,2863,2864,-1,2857,2864,2856,-1,2856,2864,2865,-1,2856,2865,441,-1,441,2865,478,-1,456,458,2861,-1,2861,458,2866,-1,2861,2866,2862,-1,2862,2866,2867,-1,2862,2867,2863,-1,2863,2867,2868,-1,2863,2868,2864,-1,2864,2868,2869,-1,2864,2869,2865,-1,2865,2869,2870,-1,2865,2870,478,-1,478,2870,476,-1,458,460,2866,-1,2866,460,2871,-1,2866,2871,2867,-1,2867,2871,2872,-1,2867,2872,2868,-1,2868,2872,2873,-1,2868,2873,2869,-1,2869,2873,2874,-1,2869,2874,2870,-1,2870,2874,2875,-1,2870,2875,476,-1,476,2875,474,-1,460,462,2871,-1,2871,462,2876,-1,2871,2876,2872,-1,2872,2876,2877,-1,2872,2877,2873,-1,2873,2877,2878,-1,2873,2878,2874,-1,2874,2878,2879,-1,2874,2879,2875,-1,2875,2879,2880,-1,2875,2880,474,-1,474,2880,472,-1,462,464,2876,-1,2876,464,2881,-1,2876,2881,2877,-1,2877,2881,2882,-1,2877,2882,2878,-1,2878,2882,2883,-1,2878,2883,2879,-1,2879,2883,2884,-1,2879,2884,2880,-1,2880,2884,2885,-1,2880,2885,472,-1,472,2885,470,-1,464,466,2881,-1,2881,466,2886,-1,2881,2886,2882,-1,2882,2886,2887,-1,2882,2887,2883,-1,2883,2887,2888,-1,2883,2888,2884,-1,2884,2888,2889,-1,2884,2889,2885,-1,2885,2889,2890,-1,2885,2890,470,-1,470,2890,468,-1,496,468,1936,-1,1936,468,2890,-1,1936,2890,2891,-1,2891,2890,2892,-1,2892,2890,2889,-1,2892,2889,2893,-1,2893,2889,2894,-1,2894,2889,2888,-1,2894,2888,2895,-1,2895,2888,2896,-1,2896,2888,2887,-1,2896,2887,2897,-1,2897,2887,2898,-1,2898,2887,2886,-1,2898,2886,2899,-1,466,494,2886,-1,2886,494,1939,-1,2886,1939,2899,-1,2899,1939,504,-1,2899,504,2898,-1,504,524,2898,-1,2898,524,520,-1,2898,520,2897,-1,2897,520,2896,-1,520,519,2896,-1,2896,519,538,-1,2896,538,2895,-1,2895,538,540,-1,2895,540,2894,-1,540,539,2894,-1,2894,539,521,-1,2894,521,2893,-1,2893,521,522,-1,2893,522,2892,-1,2892,522,523,-1,2892,523,2891,-1,2891,523,507,-1,2891,507,1936,-1,572,574,2900,-1,590,588,1932,-1,1932,588,2901,-1,1932,2901,2902,-1,2902,2901,2903,-1,2903,2901,2904,-1,2904,2901,2905,-1,2904,2905,2906,-1,2907,2908,2909,-1,2909,2908,2910,-1,2909,2910,2905,-1,2905,2910,2911,-1,2905,2911,2906,-1,2912,2913,2914,-1,2914,2913,2915,-1,2914,2915,2909,-1,2909,2915,2916,-1,2909,2916,2907,-1,581,1935,578,-1,578,1935,2917,-1,578,2917,576,-1,1935,2918,2917,-1,2917,2918,2919,-1,2917,2919,2914,-1,2914,2919,2920,-1,2914,2920,2912,-1,584,583,2921,-1,2921,583,2922,-1,2921,2922,2923,-1,2923,2922,2924,-1,2923,2924,2925,-1,2925,2924,2926,-1,2925,2926,2927,-1,2927,2926,2928,-1,2927,2928,2929,-1,2929,2928,2930,-1,2929,2930,570,-1,570,2930,568,-1,586,584,2931,-1,2931,584,2921,-1,2931,2921,2932,-1,2932,2921,2923,-1,2932,2923,2933,-1,2933,2923,2925,-1,2933,2925,2934,-1,2934,2925,2927,-1,2934,2927,2900,-1,2900,2927,2929,-1,2900,2929,572,-1,572,2929,570,-1,588,586,2901,-1,2901,586,2931,-1,2901,2931,2905,-1,2905,2931,2932,-1,2905,2932,2909,-1,2909,2932,2933,-1,2909,2933,2914,-1,2914,2933,2934,-1,2914,2934,2917,-1,2917,2934,2900,-1,2917,2900,576,-1,576,2900,574,-1,1935,598,2918,-1,2918,598,2919,-1,2919,598,2920,-1,2920,598,614,-1,2920,614,610,-1,2916,2915,610,-1,2915,2913,610,-1,610,2913,2912,-1,610,2912,2920,-1,610,609,2916,-1,2916,609,626,-1,2916,626,2907,-1,2907,626,628,-1,2907,628,2908,-1,2908,628,2910,-1,2910,628,627,-1,2910,627,2911,-1,2911,627,611,-1,2911,611,2906,-1,2906,611,612,-1,2906,612,2904,-1,2904,612,613,-1,2904,613,2903,-1,2903,613,2902,-1,2902,613,597,-1,2902,597,1932,-1,573,571,2935,-1,579,577,2936,-1,2937,2938,2936,-1,2936,2938,1934,-1,2936,1934,579,-1,579,1934,580,-1,2937,2936,2939,-1,2939,2936,2940,-1,2939,2940,2941,-1,2942,2943,2944,-1,2944,2943,2945,-1,2944,2945,2940,-1,2940,2945,2946,-1,2940,2946,2941,-1,2947,2948,2949,-1,2949,2948,2950,-1,2949,2950,2944,-1,2944,2950,2951,-1,2944,2951,2942,-1,566,560,2952,-1,2952,560,1931,-1,1931,2953,2952,-1,2952,2953,2954,-1,2952,2954,2949,-1,2949,2954,2955,-1,2949,2955,2947,-1,571,569,2935,-1,2935,569,2956,-1,2935,2956,2957,-1,2957,2956,2958,-1,2957,2958,2959,-1,2959,2958,2960,-1,2959,2960,2961,-1,2961,2960,2962,-1,2961,2962,2963,-1,2963,2962,2964,-1,2963,2964,563,-1,563,2964,561,-1,563,567,2963,-1,2963,567,2965,-1,2963,2965,2961,-1,2961,2965,2966,-1,2961,2966,2959,-1,2959,2966,2967,-1,2959,2967,2957,-1,2957,2967,2968,-1,2957,2968,2935,-1,2935,2968,2969,-1,2935,2969,573,-1,573,2969,575,-1,577,575,2936,-1,2936,575,2969,-1,2936,2969,2940,-1,2940,2969,2968,-1,2940,2968,2944,-1,2944,2968,2967,-1,2944,2967,2949,-1,2949,2967,2966,-1,2949,2966,2952,-1,2952,2966,2965,-1,2952,2965,566,-1,566,2965,567,-1,1934,2938,599,-1,599,2938,621,-1,2938,2937,621,-1,621,2937,2939,-1,621,2939,620,-1,620,2939,2941,-1,620,2941,619,-1,619,2941,2946,-1,619,2946,634,-1,634,2946,2945,-1,634,2945,635,-1,2945,2943,635,-1,635,2943,2942,-1,635,2942,633,-1,633,2942,2951,-1,633,2951,617,-1,2948,2947,618,-1,618,2947,2955,-1,618,2955,622,-1,617,2951,618,-1,618,2951,2950,-1,618,2950,2948,-1,2953,1931,592,-1,622,2955,592,-1,592,2955,2954,-1,592,2954,2953,-1,549,547,2970,-1,553,551,2971,-1,557,555,1928,-1,1928,555,2972,-1,1928,2972,2973,-1,2973,2972,2974,-1,2974,2972,2975,-1,2975,2972,2976,-1,2975,2976,2977,-1,2978,2979,2980,-1,2980,2979,2981,-1,2980,2981,2976,-1,2976,2981,2982,-1,2976,2982,2977,-1,2983,2984,2985,-1,2985,2984,2986,-1,2985,2986,2980,-1,2980,2986,2987,-1,2980,2987,2978,-1,589,591,2988,-1,2988,591,1933,-1,1933,2989,2988,-1,2988,2989,2990,-1,2988,2990,2985,-1,2985,2990,2991,-1,2985,2991,2983,-1,587,589,2992,-1,2992,589,2988,-1,2992,2988,2993,-1,2993,2988,2985,-1,2993,2985,2994,-1,2994,2985,2980,-1,2994,2980,2995,-1,2995,2980,2976,-1,2995,2976,2971,-1,2971,2976,2972,-1,2971,2972,553,-1,553,2972,555,-1,585,587,2996,-1,2996,587,2992,-1,2996,2992,2997,-1,2997,2992,2993,-1,2997,2993,2998,-1,2998,2993,2994,-1,2998,2994,2999,-1,2999,2994,2995,-1,2999,2995,2970,-1,2970,2995,2971,-1,2970,2971,549,-1,549,2971,551,-1,582,585,3000,-1,3000,585,2996,-1,3000,2996,3001,-1,3001,2996,2997,-1,3001,2997,3002,-1,3002,2997,2998,-1,3002,2998,3003,-1,3003,2998,2999,-1,3003,2999,3004,-1,3004,2999,2970,-1,3004,2970,545,-1,545,2970,547,-1,1933,594,2989,-1,2989,594,2990,-1,2990,594,2991,-1,2991,594,608,-1,2991,608,604,-1,2987,2986,604,-1,2986,2984,604,-1,604,2984,2983,-1,604,2983,2991,-1,604,603,2987,-1,2987,603,623,-1,2987,623,2978,-1,2978,623,625,-1,2978,625,2979,-1,2979,625,2981,-1,2981,625,624,-1,2981,624,2982,-1,2982,624,605,-1,2982,605,2977,-1,2977,605,606,-1,2977,606,2975,-1,2975,606,607,-1,2975,607,2974,-1,2974,607,2973,-1,2973,607,596,-1,2973,596,1928,-1,548,550,3005,-1,559,558,1930,-1,1930,558,3006,-1,1930,3006,3007,-1,3007,3006,3008,-1,3008,3006,3009,-1,3009,3006,3010,-1,3009,3010,3011,-1,3012,3013,3014,-1,3014,3013,3015,-1,3014,3015,3010,-1,3010,3015,3016,-1,3010,3016,3011,-1,3017,3018,3019,-1,3019,3018,3020,-1,3019,3020,3014,-1,3014,3020,3021,-1,3014,3021,3012,-1,552,554,3022,-1,3022,554,556,-1,3022,556,1929,-1,1929,3023,3022,-1,3022,3023,3024,-1,3022,3024,3019,-1,3019,3024,3025,-1,3019,3025,3017,-1,550,552,3005,-1,3005,552,3022,-1,3005,3022,3026,-1,3026,3022,3019,-1,3026,3019,3027,-1,3027,3019,3014,-1,3027,3014,3028,-1,3028,3014,3010,-1,3028,3010,3029,-1,3029,3010,3006,-1,3029,3006,565,-1,565,3006,558,-1,546,548,3030,-1,3030,548,3005,-1,3030,3005,3031,-1,3031,3005,3026,-1,3031,3026,3032,-1,3032,3026,3027,-1,3032,3027,3033,-1,3033,3027,3028,-1,3033,3028,3034,-1,3034,3028,3029,-1,3034,3029,564,-1,564,3029,565,-1,544,546,3035,-1,3035,546,3030,-1,3035,3030,3036,-1,3036,3030,3031,-1,3036,3031,3037,-1,3037,3031,3032,-1,3037,3032,3038,-1,3038,3032,3033,-1,3038,3033,3039,-1,3039,3033,3034,-1,3039,3034,562,-1,562,3034,564,-1,1930,3007,593,-1,593,3007,615,-1,3007,3008,615,-1,615,3008,3009,-1,615,3009,602,-1,602,3009,3011,-1,602,3011,629,-1,629,3011,3016,-1,629,3016,630,-1,630,3016,3015,-1,630,3015,632,-1,3015,3013,632,-1,632,3013,3012,-1,632,3012,631,-1,631,3012,3021,-1,631,3021,600,-1,3018,3017,601,-1,601,3017,3025,-1,601,3025,616,-1,600,3021,601,-1,601,3021,3020,-1,601,3020,3018,-1,3023,1929,595,-1,616,3025,595,-1,595,3025,3024,-1,595,3024,3023,-1,376,3040,3041,-1,3042,412,410,-1,3043,3044,3045,-1,3045,3044,3042,-1,3046,3047,3048,-1,3048,3047,3043,-1,3049,3050,3051,-1,3051,3050,3052,-1,3051,3052,3046,-1,3053,3054,3055,-1,3055,3054,3049,-1,3056,3057,3058,-1,3058,3057,3053,-1,416,414,3056,-1,3042,410,3045,-1,3045,410,408,-1,3045,408,3059,-1,3059,408,406,-1,3059,406,3060,-1,406,404,3060,-1,3060,404,402,-1,3060,402,400,-1,398,3061,400,-1,400,3061,3062,-1,400,3062,3060,-1,386,3063,3064,-1,398,396,3061,-1,3061,396,394,-1,3061,394,3065,-1,3065,394,392,-1,3065,392,3066,-1,3066,392,390,-1,3066,390,3064,-1,3064,390,388,-1,3064,388,386,-1,386,384,3063,-1,3063,384,382,-1,3063,382,3067,-1,3067,382,380,-1,3067,380,3041,-1,3041,380,378,-1,3041,378,376,-1,3043,3045,3048,-1,3048,3045,3059,-1,3048,3059,3068,-1,3068,3059,3060,-1,3068,3060,3069,-1,3069,3060,3062,-1,3069,3062,3070,-1,3070,3062,3061,-1,3070,3061,3071,-1,3071,3061,3065,-1,3071,3065,3072,-1,3072,3065,3066,-1,3072,3066,3073,-1,3073,3066,3064,-1,3073,3064,3074,-1,3074,3064,3063,-1,3074,3063,3075,-1,3075,3063,3067,-1,3075,3067,3076,-1,3076,3067,3041,-1,3076,3041,3077,-1,3077,3041,3040,-1,3077,3040,3078,-1,3046,3048,3051,-1,3051,3048,3068,-1,3051,3068,3079,-1,3079,3068,3069,-1,3079,3069,3080,-1,3080,3069,3070,-1,3080,3070,3081,-1,3081,3070,3071,-1,3081,3071,3082,-1,3082,3071,3072,-1,3082,3072,3083,-1,3083,3072,3073,-1,3083,3073,3084,-1,3084,3073,3074,-1,3084,3074,3085,-1,3085,3074,3075,-1,3085,3075,3086,-1,3086,3075,3076,-1,3086,3076,3087,-1,3087,3076,3077,-1,3087,3077,3088,-1,3088,3077,3078,-1,3088,3078,3089,-1,3049,3051,3055,-1,3055,3051,3079,-1,3055,3079,3090,-1,3090,3079,3080,-1,3090,3080,3091,-1,3091,3080,3081,-1,3091,3081,3092,-1,3092,3081,3082,-1,3092,3082,3093,-1,3093,3082,3083,-1,3093,3083,3094,-1,3094,3083,3084,-1,3094,3084,3095,-1,3095,3084,3085,-1,3095,3085,3096,-1,3096,3085,3086,-1,3096,3086,3097,-1,3097,3086,3087,-1,3097,3087,3098,-1,3098,3087,3088,-1,3098,3088,3099,-1,3099,3088,3089,-1,3099,3089,3100,-1,3053,3055,3058,-1,3058,3055,3090,-1,3058,3090,3101,-1,3101,3090,3091,-1,3101,3091,3102,-1,3102,3091,3092,-1,3102,3092,3103,-1,3103,3092,3093,-1,3103,3093,3104,-1,3104,3093,3094,-1,3104,3094,3105,-1,3105,3094,3095,-1,3105,3095,3106,-1,3106,3095,3096,-1,3106,3096,3107,-1,3107,3096,3097,-1,3107,3097,3108,-1,3108,3097,3098,-1,3108,3098,3109,-1,3109,3098,3099,-1,3109,3099,3110,-1,3110,3099,3100,-1,3110,3100,3111,-1,3056,3058,416,-1,416,3058,3101,-1,416,3101,418,-1,418,3101,3102,-1,418,3102,431,-1,431,3102,3103,-1,431,3103,432,-1,432,3103,3104,-1,432,3104,434,-1,434,3104,3105,-1,434,3105,435,-1,435,3105,3106,-1,435,3106,427,-1,427,3106,3107,-1,427,3107,429,-1,429,3107,3108,-1,429,3108,430,-1,430,3108,3109,-1,430,3109,424,-1,424,3109,3110,-1,424,3110,422,-1,422,3110,3111,-1,422,3111,420,-1,443,420,3111,-1,443,3111,3112,-1,3112,3111,3100,-1,3112,3100,3113,-1,3113,3100,3089,-1,3113,3089,3114,-1,3114,3089,3078,-1,3114,3078,3115,-1,3115,3078,3040,-1,3115,3040,3116,-1,3116,3040,376,-1,3116,376,440,-1,480,482,3117,-1,3117,482,3118,-1,3117,3118,3119,-1,3119,3118,3120,-1,3119,3120,3121,-1,3121,3120,3122,-1,3121,3122,3123,-1,3123,3122,3124,-1,3123,3124,3125,-1,3125,3124,3126,-1,3125,3126,469,-1,469,3126,471,-1,482,484,3118,-1,3118,484,3127,-1,3118,3127,3120,-1,3120,3127,3128,-1,3120,3128,3122,-1,3122,3128,3129,-1,3122,3129,3124,-1,3124,3129,3130,-1,3124,3130,3126,-1,3126,3130,3131,-1,3126,3131,471,-1,471,3131,473,-1,484,486,3127,-1,3127,486,3132,-1,3127,3132,3128,-1,3128,3132,3133,-1,3128,3133,3129,-1,3129,3133,3134,-1,3129,3134,3130,-1,3130,3134,3135,-1,3130,3135,3131,-1,3131,3135,3136,-1,3131,3136,473,-1,473,3136,475,-1,486,488,3132,-1,3132,488,3137,-1,3132,3137,3133,-1,3133,3137,3138,-1,3133,3138,3134,-1,3134,3138,3139,-1,3134,3139,3135,-1,3135,3139,3140,-1,3135,3140,3136,-1,3136,3140,3141,-1,3136,3141,475,-1,475,3141,477,-1,488,490,3137,-1,3137,490,3142,-1,3137,3142,3138,-1,3138,3142,3143,-1,3138,3143,3139,-1,3139,3143,3144,-1,3139,3144,3140,-1,3140,3144,3145,-1,3140,3145,3141,-1,3141,3145,3146,-1,3141,3146,477,-1,477,3146,479,-1,490,443,3142,-1,3142,443,3112,-1,3142,3112,3143,-1,3143,3112,3113,-1,3143,3113,3144,-1,3144,3113,3114,-1,3144,3114,3145,-1,3145,3114,3115,-1,3145,3115,3146,-1,3146,3115,3116,-1,3146,3116,479,-1,479,3116,440,-1,499,480,1940,-1,1940,480,3117,-1,1940,3117,3147,-1,3147,3117,3148,-1,3148,3117,3119,-1,3148,3119,3149,-1,3149,3119,3150,-1,3150,3119,3121,-1,3150,3121,3151,-1,3151,3121,3152,-1,3152,3121,3123,-1,3152,3123,3153,-1,3153,3123,3154,-1,3154,3123,3125,-1,3154,3125,3155,-1,469,497,3125,-1,3125,497,1937,-1,3125,1937,3155,-1,532,515,3150,-1,3150,515,3149,-1,3149,515,514,-1,3149,514,3148,-1,3148,514,511,-1,3148,511,3147,-1,3147,511,501,-1,3147,501,1940,-1,532,3150,533,-1,533,3150,3151,-1,533,3151,531,-1,531,3151,3152,-1,531,3152,516,-1,3154,513,512,-1,516,3152,512,-1,512,3152,3153,-1,512,3153,3154,-1,513,3154,506,-1,506,3154,3155,-1,506,3155,1937,-1,3156,3157,3158,-1,3159,3160,3161,-1,3162,731,733,-1,3160,3163,3164,-1,3164,3163,3165,-1,3164,3165,3162,-1,3159,3161,3166,-1,3157,3167,3168,-1,3168,3167,3169,-1,3168,3169,3166,-1,666,3170,3171,-1,3171,3170,3172,-1,3171,3172,3156,-1,660,662,3173,-1,3173,662,669,-1,3173,669,3171,-1,3171,669,668,-1,3171,668,666,-1,660,3173,658,-1,658,3173,3174,-1,658,3174,656,-1,656,3174,3175,-1,656,3175,654,-1,3176,650,3175,-1,3175,650,652,-1,3175,652,654,-1,3162,733,3164,-1,3164,733,735,-1,3164,735,3177,-1,3177,735,737,-1,3177,737,3178,-1,3178,737,751,-1,3178,751,3179,-1,3179,751,744,-1,3179,744,3180,-1,3180,744,746,-1,3180,746,3181,-1,3160,3164,3161,-1,3161,3164,3177,-1,3161,3177,3182,-1,3182,3177,3178,-1,3182,3178,3183,-1,3183,3178,3179,-1,3183,3179,3184,-1,3184,3179,3180,-1,3184,3180,3185,-1,3185,3180,3181,-1,3185,3181,3186,-1,3166,3161,3168,-1,3168,3161,3182,-1,3168,3182,3187,-1,3187,3182,3183,-1,3187,3183,3188,-1,3188,3183,3184,-1,3188,3184,3189,-1,3189,3184,3185,-1,3189,3185,3190,-1,3190,3185,3186,-1,3190,3186,3191,-1,3157,3168,3158,-1,3158,3168,3187,-1,3158,3187,3192,-1,3192,3187,3188,-1,3192,3188,3193,-1,3193,3188,3189,-1,3193,3189,3194,-1,3194,3189,3190,-1,3194,3190,3195,-1,3195,3190,3191,-1,3195,3191,3196,-1,3156,3158,3171,-1,3171,3158,3192,-1,3171,3192,3173,-1,3173,3192,3193,-1,3173,3193,3174,-1,3174,3193,3194,-1,3174,3194,3175,-1,3175,3194,3195,-1,3175,3195,3176,-1,3176,3195,3196,-1,3176,3196,3197,-1,640,642,3198,-1,3198,642,3197,-1,3198,3197,3199,-1,3199,3197,3196,-1,3199,3196,3200,-1,3200,3196,3191,-1,3200,3191,3201,-1,3201,3191,3186,-1,3201,3186,3202,-1,3202,3186,3181,-1,3202,3181,743,-1,743,3181,746,-1,642,644,3197,-1,3197,644,646,-1,3197,646,3176,-1,3176,646,648,-1,3176,648,650,-1,638,640,3203,-1,3203,640,3198,-1,3203,3198,3204,-1,3204,3198,3199,-1,3204,3199,3205,-1,3205,3199,3200,-1,3205,3200,3206,-1,3206,3200,3201,-1,3206,3201,3207,-1,3207,3201,3202,-1,3207,3202,741,-1,741,3202,743,-1,636,638,3208,-1,3208,638,3203,-1,3208,3203,3209,-1,3209,3203,3204,-1,3209,3204,3210,-1,3210,3204,3205,-1,3210,3205,3211,-1,3211,3205,3206,-1,3211,3206,3212,-1,3212,3206,3207,-1,3212,3207,739,-1,739,3207,741,-1,754,636,3208,-1,754,3208,3213,-1,3213,3208,3209,-1,3213,3209,3214,-1,3214,3209,3210,-1,3214,3210,3215,-1,3215,3210,3211,-1,3215,3211,3216,-1,3216,3211,3212,-1,3216,3212,3217,-1,3217,3212,739,-1,3217,739,760,-1,772,770,3218,-1,3218,770,3219,-1,3218,3219,3220,-1,3220,3219,3221,-1,3220,3221,3222,-1,3222,3221,3223,-1,3222,3223,3224,-1,3224,3223,3225,-1,3224,3225,3226,-1,3226,3225,3227,-1,3226,3227,799,-1,799,3227,801,-1,770,768,3219,-1,3219,768,3228,-1,3219,3228,3221,-1,3221,3228,3229,-1,3221,3229,3223,-1,3223,3229,3230,-1,3223,3230,3225,-1,3225,3230,3231,-1,3225,3231,3227,-1,3227,3231,3232,-1,3227,3232,801,-1,801,3232,803,-1,768,766,3228,-1,3228,766,3233,-1,3228,3233,3229,-1,3229,3233,3234,-1,3229,3234,3230,-1,3230,3234,3235,-1,3230,3235,3231,-1,3231,3235,3236,-1,3231,3236,3232,-1,3232,3236,3237,-1,3232,3237,803,-1,803,3237,805,-1,766,764,3233,-1,3233,764,3238,-1,3233,3238,3234,-1,3234,3238,3239,-1,3234,3239,3235,-1,3235,3239,3240,-1,3235,3240,3236,-1,3236,3240,3241,-1,3236,3241,3237,-1,3237,3241,3242,-1,3237,3242,805,-1,805,3242,807,-1,764,762,3238,-1,3238,762,3243,-1,3238,3243,3239,-1,3239,3243,3244,-1,3239,3244,3240,-1,3240,3244,3245,-1,3240,3245,3241,-1,3241,3245,3246,-1,3241,3246,3242,-1,3242,3246,3247,-1,3242,3247,807,-1,807,3247,809,-1,762,754,3243,-1,3243,754,3213,-1,3243,3213,3244,-1,3244,3213,3214,-1,3244,3214,3245,-1,3245,3214,3215,-1,3245,3215,3246,-1,3246,3215,3216,-1,3246,3216,3247,-1,3247,3216,3217,-1,3247,3217,809,-1,809,3217,760,-1,810,772,1958,-1,1958,772,3218,-1,1958,3218,3248,-1,3248,3218,3249,-1,3249,3218,3220,-1,3249,3220,3250,-1,3250,3220,3251,-1,3251,3220,3222,-1,3251,3222,3252,-1,3252,3222,3253,-1,3253,3222,3224,-1,3253,3224,3254,-1,3254,3224,3255,-1,3255,3224,3226,-1,3255,3226,3256,-1,799,816,3226,-1,3226,816,1957,-1,3226,1957,3256,-1,852,851,3251,-1,3251,851,3250,-1,3250,851,829,-1,3250,829,3249,-1,3249,829,839,-1,3249,839,3248,-1,3248,839,824,-1,3248,824,1958,-1,852,3251,854,-1,854,3251,3252,-1,854,3252,853,-1,853,3252,3253,-1,853,3253,827,-1,3255,831,828,-1,827,3253,828,-1,828,3253,3254,-1,828,3254,3255,-1,831,3255,830,-1,830,3255,3256,-1,830,3256,1957,-1,3257,3258,3259,-1,665,667,3260,-1,3260,667,3261,-1,3258,3262,3261,-1,3261,3262,3263,-1,3261,3263,3260,-1,3257,3259,3264,-1,3265,3266,3267,-1,3267,3266,3264,-1,3268,3269,3270,-1,3270,3269,3265,-1,679,3271,3272,-1,3272,3271,3273,-1,3272,3273,3268,-1,667,664,3261,-1,3261,664,663,-1,3261,663,3274,-1,3274,663,661,-1,3274,661,3275,-1,3275,661,659,-1,659,657,3275,-1,3275,657,655,-1,3275,655,3276,-1,3276,655,653,-1,3276,653,3277,-1,653,651,3277,-1,3277,651,649,-1,3277,649,3278,-1,649,647,3278,-1,3278,647,645,-1,3278,645,3279,-1,3279,645,643,-1,3279,643,3280,-1,3280,643,641,-1,641,639,3280,-1,3280,639,637,-1,3280,637,3281,-1,3258,3261,3259,-1,3259,3261,3274,-1,3259,3274,3282,-1,3282,3274,3275,-1,3282,3275,3283,-1,3283,3275,3276,-1,3283,3276,3284,-1,3284,3276,3277,-1,3284,3277,3285,-1,3285,3277,3278,-1,3285,3278,3286,-1,3286,3278,3279,-1,3286,3279,3287,-1,3287,3279,3280,-1,3287,3280,3288,-1,3288,3280,3281,-1,3288,3281,3289,-1,3264,3259,3267,-1,3267,3259,3282,-1,3267,3282,3290,-1,3290,3282,3283,-1,3290,3283,3291,-1,3291,3283,3284,-1,3291,3284,3292,-1,3292,3284,3285,-1,3292,3285,3293,-1,3293,3285,3286,-1,3293,3286,3294,-1,3294,3286,3287,-1,3294,3287,3295,-1,3295,3287,3288,-1,3295,3288,3296,-1,3296,3288,3289,-1,3296,3289,3297,-1,3265,3267,3270,-1,3270,3267,3290,-1,3270,3290,3298,-1,3298,3290,3291,-1,3298,3291,3299,-1,3299,3291,3292,-1,3299,3292,3300,-1,3300,3292,3293,-1,3300,3293,3301,-1,3301,3293,3294,-1,3301,3294,3302,-1,3302,3294,3295,-1,3302,3295,3303,-1,3303,3295,3296,-1,3303,3296,3304,-1,3304,3296,3297,-1,3304,3297,3305,-1,3268,3270,3272,-1,3272,3270,3298,-1,3272,3298,3306,-1,3306,3298,3299,-1,3306,3299,3307,-1,3307,3299,3300,-1,3307,3300,3308,-1,3308,3300,3301,-1,3308,3301,3309,-1,3309,3301,3302,-1,3309,3302,3310,-1,3310,3302,3303,-1,3310,3303,3311,-1,3311,3303,3304,-1,3311,3304,3312,-1,3312,3304,3305,-1,3312,3305,3313,-1,679,3272,681,-1,681,3272,3306,-1,681,3306,683,-1,683,3306,3307,-1,683,3307,685,-1,685,3307,3308,-1,685,3308,677,-1,677,3308,3309,-1,677,3309,675,-1,675,3309,3310,-1,675,3310,673,-1,673,3310,3311,-1,673,3311,690,-1,690,3311,3312,-1,690,3312,670,-1,670,3312,3313,-1,670,3313,671,-1,757,671,3313,-1,757,3313,3314,-1,3314,3313,3305,-1,3314,3305,3315,-1,3315,3305,3297,-1,3315,3297,3316,-1,3316,3297,3289,-1,3316,3289,3317,-1,3317,3289,3281,-1,3317,3281,3318,-1,3318,3281,637,-1,3318,637,755,-1,755,763,3318,-1,3318,763,3319,-1,3318,3319,3317,-1,3317,3319,3320,-1,3317,3320,3316,-1,3316,3320,3321,-1,3316,3321,3315,-1,3315,3321,3322,-1,3315,3322,3314,-1,3314,3322,3323,-1,3314,3323,757,-1,757,3323,775,-1,763,765,3319,-1,3319,765,3324,-1,3319,3324,3320,-1,3320,3324,3325,-1,3320,3325,3321,-1,3321,3325,3326,-1,3321,3326,3322,-1,3322,3326,3327,-1,3322,3327,3323,-1,3323,3327,3328,-1,3323,3328,775,-1,775,3328,777,-1,765,767,3324,-1,3324,767,3329,-1,3324,3329,3325,-1,3325,3329,3330,-1,3325,3330,3326,-1,3326,3330,3331,-1,3326,3331,3327,-1,3327,3331,3332,-1,3327,3332,3328,-1,3328,3332,3333,-1,3328,3333,777,-1,777,3333,779,-1,767,769,3329,-1,3329,769,3334,-1,3329,3334,3330,-1,3330,3334,3335,-1,3330,3335,3331,-1,3331,3335,3336,-1,3331,3336,3332,-1,3332,3336,3337,-1,3332,3337,3333,-1,3333,3337,3338,-1,3333,3338,779,-1,779,3338,781,-1,769,771,3334,-1,3334,771,3339,-1,3334,3339,3335,-1,3335,3339,3340,-1,3335,3340,3336,-1,3336,3340,3341,-1,3336,3341,3337,-1,3337,3341,3342,-1,3337,3342,3338,-1,3338,3342,3343,-1,3338,3343,781,-1,781,3343,783,-1,771,773,3339,-1,3339,773,3344,-1,3339,3344,3340,-1,3340,3344,3345,-1,3340,3345,3341,-1,3341,3345,3346,-1,3341,3346,3342,-1,3342,3346,3347,-1,3342,3347,3343,-1,3343,3347,3348,-1,3343,3348,783,-1,783,3348,785,-1,813,785,1954,-1,1954,785,3348,-1,1954,3348,3349,-1,3349,3348,3350,-1,3350,3348,3347,-1,3350,3347,3351,-1,3351,3347,3352,-1,3352,3347,3346,-1,3352,3346,3353,-1,3353,3346,3354,-1,3354,3346,3345,-1,3354,3345,3355,-1,3355,3345,3356,-1,3356,3345,3344,-1,3356,3344,3357,-1,773,811,3344,-1,3344,811,1959,-1,3344,1959,3357,-1,3357,1959,825,-1,3357,825,3356,-1,825,835,3356,-1,3356,835,837,-1,3356,837,3355,-1,3355,837,3354,-1,837,836,3354,-1,3354,836,860,-1,3354,860,3353,-1,3353,860,861,-1,3353,861,3352,-1,861,859,3352,-1,3352,859,858,-1,3352,858,3351,-1,3351,858,838,-1,3351,838,3350,-1,3350,838,846,-1,3350,846,3349,-1,3349,846,834,-1,3349,834,1954,-1,697,699,3358,-1,703,705,3359,-1,3360,678,680,-1,3361,3362,3363,-1,3363,3362,3360,-1,3364,3365,3366,-1,3366,3365,3361,-1,3367,3368,3369,-1,3369,3368,3370,-1,3369,3370,3364,-1,3371,3372,3373,-1,3373,3372,3367,-1,3374,3375,3376,-1,3376,3375,3371,-1,729,3374,727,-1,727,3374,3376,-1,727,3376,725,-1,725,3376,3377,-1,725,3377,723,-1,723,3377,721,-1,721,3377,3378,-1,721,3378,719,-1,719,3378,3379,-1,719,3379,717,-1,717,3379,715,-1,715,3379,3380,-1,715,3380,713,-1,713,3380,3381,-1,713,3381,711,-1,711,3381,3382,-1,711,3382,709,-1,3360,680,3363,-1,3363,680,682,-1,3363,682,3383,-1,3383,682,684,-1,3383,684,3384,-1,3384,684,686,-1,3384,686,3385,-1,3385,686,687,-1,3385,687,3386,-1,3386,687,676,-1,3386,676,3387,-1,3387,676,674,-1,3387,674,3388,-1,3388,674,692,-1,3388,692,3389,-1,3361,3363,3366,-1,3366,3363,3383,-1,3366,3383,3390,-1,3390,3383,3384,-1,3390,3384,3391,-1,3391,3384,3385,-1,3391,3385,3392,-1,3392,3385,3386,-1,3392,3386,3393,-1,3393,3386,3387,-1,3393,3387,3394,-1,3394,3387,3388,-1,3394,3388,3395,-1,3395,3388,3389,-1,3395,3389,3396,-1,3364,3366,3369,-1,3369,3366,3390,-1,3369,3390,3397,-1,3397,3390,3391,-1,3397,3391,3398,-1,3398,3391,3392,-1,3398,3392,3399,-1,3399,3392,3393,-1,3399,3393,3400,-1,3400,3393,3394,-1,3400,3394,3401,-1,3401,3394,3395,-1,3401,3395,3402,-1,3402,3395,3396,-1,3402,3396,3403,-1,3367,3369,3373,-1,3373,3369,3397,-1,3373,3397,3404,-1,3404,3397,3398,-1,3404,3398,3405,-1,3405,3398,3399,-1,3405,3399,3406,-1,3406,3399,3400,-1,3406,3400,3407,-1,3407,3400,3401,-1,3407,3401,3408,-1,3408,3401,3402,-1,3408,3402,3409,-1,3409,3402,3403,-1,3409,3403,3410,-1,3371,3373,3376,-1,3376,3373,3404,-1,3376,3404,3377,-1,3377,3404,3405,-1,3377,3405,3378,-1,3378,3405,3406,-1,3378,3406,3379,-1,3379,3406,3407,-1,3379,3407,3380,-1,3380,3407,3408,-1,3380,3408,3381,-1,3381,3408,3409,-1,3381,3409,3382,-1,3382,3409,3410,-1,3382,3410,3359,-1,3359,705,3382,-1,3382,705,707,-1,3382,707,709,-1,701,703,3411,-1,3411,703,3359,-1,3411,3359,3412,-1,3412,3359,3410,-1,3412,3410,3413,-1,3413,3410,3403,-1,3413,3403,3414,-1,3414,3403,3396,-1,3414,3396,3415,-1,3415,3396,3389,-1,3415,3389,691,-1,691,3389,692,-1,699,701,3358,-1,3358,701,3411,-1,3358,3411,3416,-1,3416,3411,3412,-1,3416,3412,3417,-1,3417,3412,3413,-1,3417,3413,3418,-1,3418,3413,3414,-1,3418,3414,3419,-1,3419,3414,3415,-1,3419,3415,689,-1,689,3415,691,-1,695,697,3420,-1,3420,697,3358,-1,3420,3358,3421,-1,3421,3358,3416,-1,3421,3416,3422,-1,3422,3416,3417,-1,3422,3417,3423,-1,3423,3417,3418,-1,3423,3418,3424,-1,3424,3418,3419,-1,3424,3419,688,-1,688,3419,689,-1,693,695,3425,-1,3425,695,3420,-1,3425,3420,3426,-1,3426,3420,3421,-1,3426,3421,3427,-1,3427,3421,3422,-1,3427,3422,3428,-1,3428,3422,3423,-1,3428,3423,3429,-1,3429,3423,3424,-1,3429,3424,672,-1,672,3424,688,-1,759,693,3425,-1,759,3425,3430,-1,3430,3425,3426,-1,3430,3426,3431,-1,3431,3426,3427,-1,3431,3427,3432,-1,3432,3427,3428,-1,3432,3428,3433,-1,3433,3428,3429,-1,3433,3429,3434,-1,3434,3429,672,-1,3434,672,756,-1,756,774,3434,-1,3434,774,3435,-1,3434,3435,3433,-1,3433,3435,3436,-1,3433,3436,3432,-1,3432,3436,3437,-1,3432,3437,3431,-1,3431,3437,3438,-1,3431,3438,3430,-1,3430,3438,3439,-1,3430,3439,759,-1,759,3439,796,-1,774,776,3435,-1,3435,776,3440,-1,3435,3440,3436,-1,3436,3440,3441,-1,3436,3441,3437,-1,3437,3441,3442,-1,3437,3442,3438,-1,3438,3442,3443,-1,3438,3443,3439,-1,3439,3443,3444,-1,3439,3444,796,-1,796,3444,794,-1,776,778,3440,-1,3440,778,3445,-1,3440,3445,3441,-1,3441,3445,3446,-1,3441,3446,3442,-1,3442,3446,3447,-1,3442,3447,3443,-1,3443,3447,3448,-1,3443,3448,3444,-1,3444,3448,3449,-1,3444,3449,794,-1,794,3449,792,-1,778,780,3445,-1,3445,780,3450,-1,3445,3450,3446,-1,3446,3450,3451,-1,3446,3451,3447,-1,3447,3451,3452,-1,3447,3452,3448,-1,3448,3452,3453,-1,3448,3453,3449,-1,3449,3453,3454,-1,3449,3454,792,-1,792,3454,790,-1,780,782,3450,-1,3450,782,3455,-1,3450,3455,3451,-1,3451,3455,3456,-1,3451,3456,3452,-1,3452,3456,3457,-1,3452,3457,3453,-1,3453,3457,3458,-1,3453,3458,3454,-1,3454,3458,3459,-1,3454,3459,790,-1,790,3459,788,-1,782,784,3455,-1,3455,784,3460,-1,3455,3460,3456,-1,3456,3460,3461,-1,3456,3461,3457,-1,3457,3461,3462,-1,3457,3462,3458,-1,3458,3462,3463,-1,3458,3463,3459,-1,3459,3463,3464,-1,3459,3464,788,-1,788,3464,786,-1,814,786,1952,-1,1952,786,3464,-1,1952,3464,3465,-1,3465,3464,3466,-1,3466,3464,3463,-1,3466,3463,3467,-1,3467,3463,3468,-1,3468,3463,3462,-1,3468,3462,3469,-1,3469,3462,3470,-1,3470,3462,3461,-1,3470,3461,3471,-1,3471,3461,3472,-1,3472,3461,3460,-1,3472,3460,3473,-1,784,812,3460,-1,3460,812,1955,-1,3460,1955,3473,-1,3473,1955,833,-1,3473,833,3472,-1,833,845,3472,-1,3472,845,841,-1,3472,841,3471,-1,3471,841,3470,-1,841,840,3470,-1,3470,840,855,-1,3470,855,3469,-1,3469,855,857,-1,3469,857,3468,-1,857,856,3468,-1,3468,856,842,-1,3468,842,3467,-1,3467,842,843,-1,3467,843,3466,-1,3466,843,844,-1,3466,844,3465,-1,3465,844,826,-1,3465,826,1952,-1,895,896,3474,-1,912,910,1948,-1,1948,910,3475,-1,1948,3475,3476,-1,3476,3475,3477,-1,3477,3475,3478,-1,3478,3475,3479,-1,3478,3479,3480,-1,3481,3482,3483,-1,3483,3482,3484,-1,3483,3484,3479,-1,3479,3484,3485,-1,3479,3485,3480,-1,3486,3487,3488,-1,3488,3487,3489,-1,3488,3489,3483,-1,3483,3489,3490,-1,3483,3490,3481,-1,903,1951,900,-1,900,1951,3491,-1,900,3491,898,-1,1951,3492,3491,-1,3491,3492,3493,-1,3491,3493,3488,-1,3488,3493,3494,-1,3488,3494,3486,-1,906,905,3495,-1,3495,905,3496,-1,3495,3496,3497,-1,3497,3496,3498,-1,3497,3498,3499,-1,3499,3498,3500,-1,3499,3500,3501,-1,3501,3500,3502,-1,3501,3502,3503,-1,3503,3502,3504,-1,3503,3504,888,-1,888,3504,889,-1,908,906,3505,-1,3505,906,3495,-1,3505,3495,3506,-1,3506,3495,3497,-1,3506,3497,3507,-1,3507,3497,3499,-1,3507,3499,3508,-1,3508,3499,3501,-1,3508,3501,3474,-1,3474,3501,3503,-1,3474,3503,895,-1,895,3503,888,-1,910,908,3475,-1,3475,908,3505,-1,3475,3505,3479,-1,3479,3505,3506,-1,3479,3506,3483,-1,3483,3506,3507,-1,3483,3507,3488,-1,3488,3507,3508,-1,3488,3508,3491,-1,3491,3508,3474,-1,3491,3474,898,-1,898,3474,896,-1,1951,917,3492,-1,3492,917,3493,-1,3493,917,3494,-1,3494,917,930,-1,3494,930,928,-1,3490,3489,928,-1,3489,3487,928,-1,928,3487,3486,-1,928,3486,3494,-1,928,927,3490,-1,3490,927,956,-1,3490,956,3481,-1,3481,956,957,-1,3481,957,3482,-1,3482,957,3484,-1,3484,957,955,-1,3484,955,3485,-1,3485,955,954,-1,3485,954,3480,-1,3480,954,929,-1,3480,929,3478,-1,3478,929,941,-1,3478,941,3477,-1,3477,941,3476,-1,3476,941,931,-1,3476,931,1948,-1,894,892,3509,-1,901,899,3510,-1,3511,3512,3510,-1,3510,3512,1950,-1,3510,1950,901,-1,901,1950,902,-1,3511,3510,3513,-1,3513,3510,3514,-1,3513,3514,3515,-1,3516,3517,3518,-1,3518,3517,3519,-1,3518,3519,3514,-1,3514,3519,3520,-1,3514,3520,3515,-1,3521,3522,3523,-1,3523,3522,3524,-1,3523,3524,3518,-1,3518,3524,3525,-1,3518,3525,3516,-1,883,885,3526,-1,3526,885,1947,-1,1947,3527,3526,-1,3526,3527,3528,-1,3526,3528,3523,-1,3523,3528,3529,-1,3523,3529,3521,-1,892,891,3509,-1,3509,891,3530,-1,3509,3530,3531,-1,3531,3530,3532,-1,3531,3532,3533,-1,3533,3532,3534,-1,3533,3534,3535,-1,3535,3534,3536,-1,3535,3536,3537,-1,3537,3536,3538,-1,3537,3538,880,-1,880,3538,878,-1,880,882,3537,-1,3537,882,3539,-1,3537,3539,3535,-1,3535,3539,3540,-1,3535,3540,3533,-1,3533,3540,3541,-1,3533,3541,3531,-1,3531,3541,3542,-1,3531,3542,3509,-1,3509,3542,3543,-1,3509,3543,894,-1,894,3543,897,-1,899,897,3510,-1,3510,897,3543,-1,3510,3543,3514,-1,3514,3543,3542,-1,3514,3542,3518,-1,3518,3542,3541,-1,3518,3541,3523,-1,3523,3541,3540,-1,3523,3540,3526,-1,3526,3540,3539,-1,3526,3539,883,-1,883,3539,882,-1,1950,3512,918,-1,918,3512,938,-1,3512,3511,938,-1,938,3511,3513,-1,938,3513,935,-1,935,3513,3515,-1,935,3515,946,-1,946,3515,3520,-1,946,3520,947,-1,947,3520,3519,-1,947,3519,949,-1,3519,3517,949,-1,949,3517,3516,-1,949,3516,948,-1,948,3516,3525,-1,948,3525,933,-1,3522,3521,934,-1,934,3521,3529,-1,934,3529,939,-1,933,3525,934,-1,934,3525,3524,-1,934,3524,3522,-1,3527,1947,919,-1,939,3529,919,-1,919,3529,3528,-1,919,3528,3527,-1,865,863,3544,-1,871,873,3545,-1,867,869,1944,-1,1944,869,3546,-1,1944,3546,3547,-1,3547,3546,3548,-1,3548,3546,3549,-1,3549,3546,3550,-1,3549,3550,3551,-1,3552,3553,3554,-1,3554,3553,3555,-1,3554,3555,3550,-1,3550,3555,3556,-1,3550,3556,3551,-1,3557,3558,3559,-1,3559,3558,3560,-1,3559,3560,3554,-1,3554,3560,3561,-1,3554,3561,3552,-1,911,913,3562,-1,3562,913,1949,-1,1949,3563,3562,-1,3562,3563,3564,-1,3562,3564,3559,-1,3559,3564,3565,-1,3559,3565,3557,-1,909,911,3566,-1,3566,911,3562,-1,3566,3562,3567,-1,3567,3562,3559,-1,3567,3559,3568,-1,3568,3559,3554,-1,3568,3554,3569,-1,3569,3554,3550,-1,3569,3550,3545,-1,3545,3550,3546,-1,3545,3546,871,-1,871,3546,869,-1,907,909,3570,-1,3570,909,3566,-1,3570,3566,3571,-1,3571,3566,3567,-1,3571,3567,3572,-1,3572,3567,3568,-1,3572,3568,3573,-1,3573,3568,3569,-1,3573,3569,3544,-1,3544,3569,3545,-1,3544,3545,865,-1,865,3545,873,-1,904,907,3574,-1,3574,907,3570,-1,3574,3570,3575,-1,3575,3570,3571,-1,3575,3571,3576,-1,3576,3571,3572,-1,3576,3572,3577,-1,3577,3572,3573,-1,3577,3573,3578,-1,3578,3573,3544,-1,3578,3544,862,-1,862,3544,863,-1,1949,915,3563,-1,3563,915,3564,-1,3564,915,3565,-1,3565,915,914,-1,3565,914,925,-1,3561,3560,925,-1,3560,3558,925,-1,925,3558,3557,-1,925,3557,3565,-1,925,924,3561,-1,3561,924,952,-1,3561,952,3552,-1,3552,952,953,-1,3552,953,3553,-1,3553,953,3555,-1,3555,953,951,-1,3555,951,3556,-1,3556,951,950,-1,3556,950,3551,-1,3551,950,926,-1,3551,926,3549,-1,3549,926,940,-1,3549,940,3548,-1,3548,940,3547,-1,3547,940,916,-1,3547,916,1944,-1,875,874,3579,-1,887,886,1946,-1,1946,886,3580,-1,1946,3580,3581,-1,3581,3580,3582,-1,3582,3580,3583,-1,3583,3580,3584,-1,3583,3584,3585,-1,3586,3587,3588,-1,3588,3587,3589,-1,3588,3589,3584,-1,3584,3589,3590,-1,3584,3590,3585,-1,3591,3592,3593,-1,3593,3592,3594,-1,3593,3594,3588,-1,3588,3594,3595,-1,3588,3595,3586,-1,872,870,3596,-1,3596,870,868,-1,3596,868,1945,-1,1945,3597,3596,-1,3596,3597,3598,-1,3596,3598,3593,-1,3593,3598,3599,-1,3593,3599,3591,-1,874,872,3579,-1,3579,872,3596,-1,3579,3596,3600,-1,3600,3596,3593,-1,3600,3593,3601,-1,3601,3593,3588,-1,3601,3588,3602,-1,3602,3588,3584,-1,3602,3584,3603,-1,3603,3584,3580,-1,3603,3580,884,-1,884,3580,886,-1,876,875,3604,-1,3604,875,3579,-1,3604,3579,3605,-1,3605,3579,3600,-1,3605,3600,3606,-1,3606,3600,3601,-1,3606,3601,3607,-1,3607,3601,3602,-1,3607,3602,3608,-1,3608,3602,3603,-1,3608,3603,881,-1,881,3603,884,-1,877,876,3609,-1,3609,876,3604,-1,3609,3604,3610,-1,3610,3604,3605,-1,3610,3605,3611,-1,3611,3605,3606,-1,3611,3606,3612,-1,3612,3606,3607,-1,3612,3607,3613,-1,3613,3607,3608,-1,3613,3608,879,-1,879,3608,881,-1,1946,3581,932,-1,932,3581,936,-1,3581,3582,936,-1,936,3582,3583,-1,936,3583,922,-1,922,3583,3585,-1,922,3585,942,-1,942,3585,3590,-1,942,3590,943,-1,943,3590,3589,-1,943,3589,945,-1,3589,3587,945,-1,945,3587,3586,-1,945,3586,944,-1,944,3586,3595,-1,944,3595,920,-1,3592,3591,921,-1,921,3591,3599,-1,921,3599,937,-1,920,3595,921,-1,921,3595,3594,-1,921,3594,3592,-1,3597,1945,923,-1,937,3599,923,-1,923,3599,3598,-1,923,3598,3597,-1,694,3614,3615,-1,3616,730,728,-1,3617,3618,3619,-1,3619,3618,3616,-1,3620,3621,3622,-1,3622,3621,3617,-1,3623,3624,3625,-1,3625,3624,3626,-1,3625,3626,3620,-1,3627,3628,3629,-1,3629,3628,3623,-1,3630,3631,3632,-1,3632,3631,3627,-1,734,732,3630,-1,3616,728,3619,-1,3619,728,726,-1,3619,726,3633,-1,3633,726,724,-1,3633,724,3634,-1,724,722,3634,-1,3634,722,720,-1,3634,720,718,-1,716,3635,718,-1,718,3635,3636,-1,718,3636,3634,-1,704,3637,3638,-1,716,714,3635,-1,3635,714,712,-1,3635,712,3639,-1,3639,712,710,-1,3639,710,3640,-1,3640,710,708,-1,3640,708,3638,-1,3638,708,706,-1,3638,706,704,-1,704,702,3637,-1,3637,702,700,-1,3637,700,3641,-1,3641,700,698,-1,3641,698,3615,-1,3615,698,696,-1,3615,696,694,-1,3617,3619,3622,-1,3622,3619,3633,-1,3622,3633,3642,-1,3642,3633,3634,-1,3642,3634,3643,-1,3643,3634,3636,-1,3643,3636,3644,-1,3644,3636,3635,-1,3644,3635,3645,-1,3645,3635,3639,-1,3645,3639,3646,-1,3646,3639,3640,-1,3646,3640,3647,-1,3647,3640,3638,-1,3647,3638,3648,-1,3648,3638,3637,-1,3648,3637,3649,-1,3649,3637,3641,-1,3649,3641,3650,-1,3650,3641,3615,-1,3650,3615,3651,-1,3651,3615,3614,-1,3651,3614,3652,-1,3620,3622,3625,-1,3625,3622,3642,-1,3625,3642,3653,-1,3653,3642,3643,-1,3653,3643,3654,-1,3654,3643,3644,-1,3654,3644,3655,-1,3655,3644,3645,-1,3655,3645,3656,-1,3656,3645,3646,-1,3656,3646,3657,-1,3657,3646,3647,-1,3657,3647,3658,-1,3658,3647,3648,-1,3658,3648,3659,-1,3659,3648,3649,-1,3659,3649,3660,-1,3660,3649,3650,-1,3660,3650,3661,-1,3661,3650,3651,-1,3661,3651,3662,-1,3662,3651,3652,-1,3662,3652,3663,-1,3623,3625,3629,-1,3629,3625,3653,-1,3629,3653,3664,-1,3664,3653,3654,-1,3664,3654,3665,-1,3665,3654,3655,-1,3665,3655,3666,-1,3666,3655,3656,-1,3666,3656,3667,-1,3667,3656,3657,-1,3667,3657,3668,-1,3668,3657,3658,-1,3668,3658,3669,-1,3669,3658,3659,-1,3669,3659,3670,-1,3670,3659,3660,-1,3670,3660,3671,-1,3671,3660,3661,-1,3671,3661,3672,-1,3672,3661,3662,-1,3672,3662,3673,-1,3673,3662,3663,-1,3673,3663,3674,-1,3627,3629,3632,-1,3632,3629,3664,-1,3632,3664,3675,-1,3675,3664,3665,-1,3675,3665,3676,-1,3676,3665,3666,-1,3676,3666,3677,-1,3677,3666,3667,-1,3677,3667,3678,-1,3678,3667,3668,-1,3678,3668,3679,-1,3679,3668,3669,-1,3679,3669,3680,-1,3680,3669,3670,-1,3680,3670,3681,-1,3681,3670,3671,-1,3681,3671,3682,-1,3682,3671,3672,-1,3682,3672,3683,-1,3683,3672,3673,-1,3683,3673,3684,-1,3684,3673,3674,-1,3684,3674,3685,-1,3630,3632,734,-1,734,3632,3675,-1,734,3675,736,-1,736,3675,3676,-1,736,3676,749,-1,749,3676,3677,-1,749,3677,750,-1,750,3677,3678,-1,750,3678,752,-1,752,3678,3679,-1,752,3679,753,-1,753,3679,3680,-1,753,3680,745,-1,745,3680,3681,-1,745,3681,747,-1,747,3681,3682,-1,747,3682,748,-1,748,3682,3683,-1,748,3683,742,-1,742,3683,3684,-1,742,3684,740,-1,740,3684,3685,-1,740,3685,738,-1,761,738,3685,-1,761,3685,3686,-1,3686,3685,3674,-1,3686,3674,3687,-1,3687,3674,3663,-1,3687,3663,3688,-1,3688,3663,3652,-1,3688,3652,3689,-1,3689,3652,3614,-1,3689,3614,3690,-1,3690,3614,694,-1,3690,694,758,-1,798,800,3691,-1,3691,800,3692,-1,3691,3692,3693,-1,3693,3692,3694,-1,3693,3694,3695,-1,3695,3694,3696,-1,3695,3696,3697,-1,3697,3696,3698,-1,3697,3698,3699,-1,3699,3698,3700,-1,3699,3700,787,-1,787,3700,789,-1,800,802,3692,-1,3692,802,3701,-1,3692,3701,3694,-1,3694,3701,3702,-1,3694,3702,3696,-1,3696,3702,3703,-1,3696,3703,3698,-1,3698,3703,3704,-1,3698,3704,3700,-1,3700,3704,3705,-1,3700,3705,789,-1,789,3705,791,-1,802,804,3701,-1,3701,804,3706,-1,3701,3706,3702,-1,3702,3706,3707,-1,3702,3707,3703,-1,3703,3707,3708,-1,3703,3708,3704,-1,3704,3708,3709,-1,3704,3709,3705,-1,3705,3709,3710,-1,3705,3710,791,-1,791,3710,793,-1,804,806,3706,-1,3706,806,3711,-1,3706,3711,3707,-1,3707,3711,3712,-1,3707,3712,3708,-1,3708,3712,3713,-1,3708,3713,3709,-1,3709,3713,3714,-1,3709,3714,3710,-1,3710,3714,3715,-1,3710,3715,793,-1,793,3715,795,-1,806,808,3711,-1,3711,808,3716,-1,3711,3716,3712,-1,3712,3716,3717,-1,3712,3717,3713,-1,3713,3717,3718,-1,3713,3718,3714,-1,3714,3718,3719,-1,3714,3719,3715,-1,3715,3719,3720,-1,3715,3720,795,-1,795,3720,797,-1,808,761,3716,-1,3716,761,3686,-1,3716,3686,3717,-1,3717,3686,3687,-1,3717,3687,3718,-1,3718,3687,3688,-1,3718,3688,3719,-1,3719,3688,3689,-1,3719,3689,3720,-1,3720,3689,3690,-1,3720,3690,797,-1,797,3690,758,-1,817,798,1956,-1,1956,798,3691,-1,1956,3691,3721,-1,3721,3691,3722,-1,3722,3691,3693,-1,3722,3693,3723,-1,3723,3693,3724,-1,3724,3693,3695,-1,3724,3695,3725,-1,3725,3695,3726,-1,3726,3695,3697,-1,3726,3697,3727,-1,3727,3697,3728,-1,3728,3697,3699,-1,3728,3699,3729,-1,787,815,3699,-1,3699,815,1953,-1,3699,1953,3729,-1,848,847,3724,-1,3724,847,3723,-1,3723,847,823,-1,3723,823,3722,-1,3722,823,832,-1,3722,832,3721,-1,3721,832,820,-1,3721,820,1956,-1,848,3724,850,-1,850,3724,3725,-1,850,3725,849,-1,849,3725,3726,-1,849,3726,821,-1,3728,818,822,-1,821,3726,822,-1,822,3726,3727,-1,822,3727,3728,-1,818,3728,819,-1,819,3728,3729,-1,819,3729,1953,-1,3730,3731,3732,-1,3733,3734,3735,-1,3736,1053,1055,-1,3734,3737,3738,-1,3738,3737,3739,-1,3738,3739,3736,-1,3733,3735,3740,-1,3731,3741,3742,-1,3742,3741,3743,-1,3742,3743,3740,-1,988,3744,3745,-1,3745,3744,3746,-1,3745,3746,3730,-1,982,984,3747,-1,3747,984,991,-1,3747,991,3745,-1,3745,991,990,-1,3745,990,988,-1,982,3747,980,-1,980,3747,3748,-1,980,3748,978,-1,978,3748,3749,-1,978,3749,976,-1,3750,972,3749,-1,3749,972,974,-1,3749,974,976,-1,3736,1055,3738,-1,3738,1055,1057,-1,3738,1057,3751,-1,3751,1057,1059,-1,3751,1059,3752,-1,3752,1059,1073,-1,3752,1073,3753,-1,3753,1073,1066,-1,3753,1066,3754,-1,3754,1066,1068,-1,3754,1068,3755,-1,3734,3738,3735,-1,3735,3738,3751,-1,3735,3751,3756,-1,3756,3751,3752,-1,3756,3752,3757,-1,3757,3752,3753,-1,3757,3753,3758,-1,3758,3753,3754,-1,3758,3754,3759,-1,3759,3754,3755,-1,3759,3755,3760,-1,3740,3735,3742,-1,3742,3735,3756,-1,3742,3756,3761,-1,3761,3756,3757,-1,3761,3757,3762,-1,3762,3757,3758,-1,3762,3758,3763,-1,3763,3758,3759,-1,3763,3759,3764,-1,3764,3759,3760,-1,3764,3760,3765,-1,3731,3742,3732,-1,3732,3742,3761,-1,3732,3761,3766,-1,3766,3761,3762,-1,3766,3762,3767,-1,3767,3762,3763,-1,3767,3763,3768,-1,3768,3763,3764,-1,3768,3764,3769,-1,3769,3764,3765,-1,3769,3765,3770,-1,3730,3732,3745,-1,3745,3732,3766,-1,3745,3766,3747,-1,3747,3766,3767,-1,3747,3767,3748,-1,3748,3767,3768,-1,3748,3768,3749,-1,3749,3768,3769,-1,3749,3769,3750,-1,3750,3769,3770,-1,3750,3770,3771,-1,962,964,3772,-1,3772,964,3771,-1,3772,3771,3773,-1,3773,3771,3770,-1,3773,3770,3774,-1,3774,3770,3765,-1,3774,3765,3775,-1,3775,3765,3760,-1,3775,3760,3776,-1,3776,3760,3755,-1,3776,3755,1065,-1,1065,3755,1068,-1,964,966,3771,-1,3771,966,968,-1,3771,968,3750,-1,3750,968,970,-1,3750,970,972,-1,960,962,3777,-1,3777,962,3772,-1,3777,3772,3778,-1,3778,3772,3773,-1,3778,3773,3779,-1,3779,3773,3774,-1,3779,3774,3780,-1,3780,3774,3775,-1,3780,3775,3781,-1,3781,3775,3776,-1,3781,3776,1063,-1,1063,3776,1065,-1,958,960,3782,-1,3782,960,3777,-1,3782,3777,3783,-1,3783,3777,3778,-1,3783,3778,3784,-1,3784,3778,3779,-1,3784,3779,3785,-1,3785,3779,3780,-1,3785,3780,3786,-1,3786,3780,3781,-1,3786,3781,1061,-1,1061,3781,1063,-1,1076,958,3782,-1,1076,3782,3787,-1,3787,3782,3783,-1,3787,3783,3788,-1,3788,3783,3784,-1,3788,3784,3789,-1,3789,3784,3785,-1,3789,3785,3790,-1,3790,3785,3786,-1,3790,3786,3791,-1,3791,3786,1061,-1,3791,1061,1082,-1,1094,1092,3792,-1,3792,1092,3793,-1,3792,3793,3794,-1,3794,3793,3795,-1,3794,3795,3796,-1,3796,3795,3797,-1,3796,3797,3798,-1,3798,3797,3799,-1,3798,3799,3800,-1,3800,3799,3801,-1,3800,3801,1121,-1,1121,3801,1123,-1,1092,1090,3793,-1,3793,1090,3802,-1,3793,3802,3795,-1,3795,3802,3803,-1,3795,3803,3797,-1,3797,3803,3804,-1,3797,3804,3799,-1,3799,3804,3805,-1,3799,3805,3801,-1,3801,3805,3806,-1,3801,3806,1123,-1,1123,3806,1125,-1,1090,1088,3802,-1,3802,1088,3807,-1,3802,3807,3803,-1,3803,3807,3808,-1,3803,3808,3804,-1,3804,3808,3809,-1,3804,3809,3805,-1,3805,3809,3810,-1,3805,3810,3806,-1,3806,3810,3811,-1,3806,3811,1125,-1,1125,3811,1127,-1,1088,1086,3807,-1,3807,1086,3812,-1,3807,3812,3808,-1,3808,3812,3813,-1,3808,3813,3809,-1,3809,3813,3814,-1,3809,3814,3810,-1,3810,3814,3815,-1,3810,3815,3811,-1,3811,3815,3816,-1,3811,3816,1127,-1,1127,3816,1129,-1,1086,1084,3812,-1,3812,1084,3817,-1,3812,3817,3813,-1,3813,3817,3818,-1,3813,3818,3814,-1,3814,3818,3819,-1,3814,3819,3815,-1,3815,3819,3820,-1,3815,3820,3816,-1,3816,3820,3821,-1,3816,3821,1129,-1,1129,3821,1131,-1,1084,1076,3817,-1,3817,1076,3787,-1,3817,3787,3818,-1,3818,3787,3788,-1,3818,3788,3819,-1,3819,3788,3789,-1,3819,3789,3820,-1,3820,3789,3790,-1,3820,3790,3821,-1,3821,3790,3791,-1,3821,3791,1131,-1,1131,3791,1082,-1,1132,1094,1974,-1,1974,1094,3792,-1,1974,3792,3822,-1,3822,3792,3823,-1,3823,3792,3794,-1,3823,3794,3824,-1,3824,3794,3825,-1,3825,3794,3796,-1,3825,3796,3826,-1,3826,3796,3827,-1,3827,3796,3798,-1,3827,3798,3828,-1,3828,3798,3829,-1,3829,3798,3800,-1,3829,3800,3830,-1,1121,1138,3800,-1,3800,1138,1973,-1,3800,1973,3830,-1,1181,1180,3825,-1,3825,1180,3824,-1,3824,1180,1166,-1,3824,1166,3823,-1,3823,1166,1167,-1,3823,1167,3822,-1,3822,1167,1155,-1,3822,1155,1974,-1,1181,3825,1183,-1,1183,3825,3826,-1,1183,3826,1182,-1,1182,3826,3827,-1,1182,3827,1164,-1,3829,1168,1165,-1,1164,3827,1165,-1,1165,3827,3828,-1,1165,3828,3829,-1,1168,3829,1140,-1,1140,3829,3830,-1,1140,3830,1973,-1,3831,3832,3833,-1,987,989,3834,-1,3834,989,3835,-1,3832,3836,3835,-1,3835,3836,3837,-1,3835,3837,3834,-1,3831,3833,3838,-1,3839,3840,3841,-1,3841,3840,3838,-1,3842,3843,3844,-1,3844,3843,3839,-1,1001,3845,3846,-1,3846,3845,3847,-1,3846,3847,3842,-1,989,986,3835,-1,3835,986,985,-1,3835,985,3848,-1,3848,985,983,-1,3848,983,3849,-1,3849,983,981,-1,981,979,3849,-1,3849,979,977,-1,3849,977,3850,-1,3850,977,975,-1,3850,975,3851,-1,975,973,3851,-1,3851,973,971,-1,3851,971,3852,-1,971,969,3852,-1,3852,969,967,-1,3852,967,3853,-1,3853,967,965,-1,3853,965,3854,-1,3854,965,963,-1,963,961,3854,-1,3854,961,959,-1,3854,959,3855,-1,3832,3835,3833,-1,3833,3835,3848,-1,3833,3848,3856,-1,3856,3848,3849,-1,3856,3849,3857,-1,3857,3849,3850,-1,3857,3850,3858,-1,3858,3850,3851,-1,3858,3851,3859,-1,3859,3851,3852,-1,3859,3852,3860,-1,3860,3852,3853,-1,3860,3853,3861,-1,3861,3853,3854,-1,3861,3854,3862,-1,3862,3854,3855,-1,3862,3855,3863,-1,3838,3833,3841,-1,3841,3833,3856,-1,3841,3856,3864,-1,3864,3856,3857,-1,3864,3857,3865,-1,3865,3857,3858,-1,3865,3858,3866,-1,3866,3858,3859,-1,3866,3859,3867,-1,3867,3859,3860,-1,3867,3860,3868,-1,3868,3860,3861,-1,3868,3861,3869,-1,3869,3861,3862,-1,3869,3862,3870,-1,3870,3862,3863,-1,3870,3863,3871,-1,3839,3841,3844,-1,3844,3841,3864,-1,3844,3864,3872,-1,3872,3864,3865,-1,3872,3865,3873,-1,3873,3865,3866,-1,3873,3866,3874,-1,3874,3866,3867,-1,3874,3867,3875,-1,3875,3867,3868,-1,3875,3868,3876,-1,3876,3868,3869,-1,3876,3869,3877,-1,3877,3869,3870,-1,3877,3870,3878,-1,3878,3870,3871,-1,3878,3871,3879,-1,3842,3844,3846,-1,3846,3844,3872,-1,3846,3872,3880,-1,3880,3872,3873,-1,3880,3873,3881,-1,3881,3873,3874,-1,3881,3874,3882,-1,3882,3874,3875,-1,3882,3875,3883,-1,3883,3875,3876,-1,3883,3876,3884,-1,3884,3876,3877,-1,3884,3877,3885,-1,3885,3877,3878,-1,3885,3878,3886,-1,3886,3878,3879,-1,3886,3879,3887,-1,1001,3846,1003,-1,1003,3846,3880,-1,1003,3880,1005,-1,1005,3880,3881,-1,1005,3881,1007,-1,1007,3881,3882,-1,1007,3882,999,-1,999,3882,3883,-1,999,3883,997,-1,997,3883,3884,-1,997,3884,995,-1,995,3884,3885,-1,995,3885,1012,-1,1012,3885,3886,-1,1012,3886,992,-1,992,3886,3887,-1,992,3887,993,-1,1079,993,3887,-1,1079,3887,3888,-1,3888,3887,3879,-1,3888,3879,3889,-1,3889,3879,3871,-1,3889,3871,3890,-1,3890,3871,3863,-1,3890,3863,3891,-1,3891,3863,3855,-1,3891,3855,3892,-1,3892,3855,959,-1,3892,959,1077,-1,1077,1085,3892,-1,3892,1085,3893,-1,3892,3893,3891,-1,3891,3893,3894,-1,3891,3894,3890,-1,3890,3894,3895,-1,3890,3895,3889,-1,3889,3895,3896,-1,3889,3896,3888,-1,3888,3896,3897,-1,3888,3897,1079,-1,1079,3897,1097,-1,1085,1087,3893,-1,3893,1087,3898,-1,3893,3898,3894,-1,3894,3898,3899,-1,3894,3899,3895,-1,3895,3899,3900,-1,3895,3900,3896,-1,3896,3900,3901,-1,3896,3901,3897,-1,3897,3901,3902,-1,3897,3902,1097,-1,1097,3902,1099,-1,1087,1089,3898,-1,3898,1089,3903,-1,3898,3903,3899,-1,3899,3903,3904,-1,3899,3904,3900,-1,3900,3904,3905,-1,3900,3905,3901,-1,3901,3905,3906,-1,3901,3906,3902,-1,3902,3906,3907,-1,3902,3907,1099,-1,1099,3907,1101,-1,1089,1091,3903,-1,3903,1091,3908,-1,3903,3908,3904,-1,3904,3908,3909,-1,3904,3909,3905,-1,3905,3909,3910,-1,3905,3910,3906,-1,3906,3910,3911,-1,3906,3911,3907,-1,3907,3911,3912,-1,3907,3912,1101,-1,1101,3912,1103,-1,1091,1093,3908,-1,3908,1093,3913,-1,3908,3913,3909,-1,3909,3913,3914,-1,3909,3914,3910,-1,3910,3914,3915,-1,3910,3915,3911,-1,3911,3915,3916,-1,3911,3916,3912,-1,3912,3916,3917,-1,3912,3917,1103,-1,1103,3917,1105,-1,1093,1095,3913,-1,3913,1095,3918,-1,3913,3918,3914,-1,3914,3918,3919,-1,3914,3919,3915,-1,3915,3919,3920,-1,3915,3920,3916,-1,3916,3920,3921,-1,3916,3921,3917,-1,3917,3921,3922,-1,3917,3922,1105,-1,1105,3922,1107,-1,1135,1107,1970,-1,1970,1107,3922,-1,1970,3922,3923,-1,3923,3922,3924,-1,3924,3922,3921,-1,3924,3921,3925,-1,3925,3921,3926,-1,3926,3921,3920,-1,3926,3920,3927,-1,3927,3920,3928,-1,3928,3920,3919,-1,3928,3919,3929,-1,3929,3919,3930,-1,3930,3919,3918,-1,3930,3918,3931,-1,1095,1133,3918,-1,3918,1133,1975,-1,3918,1975,3931,-1,3931,1975,1154,-1,3931,1154,3930,-1,1154,1160,3930,-1,3930,1160,1159,-1,3930,1159,3929,-1,3929,1159,3928,-1,1159,1163,3928,-1,3928,1163,1177,-1,3928,1177,3927,-1,3927,1177,1179,-1,3927,1179,3926,-1,1179,1178,3926,-1,3926,1178,1162,-1,3926,1162,3925,-1,3925,1162,1161,-1,3925,1161,3924,-1,3924,1161,1158,-1,3924,1158,3923,-1,3923,1158,1153,-1,3923,1153,1970,-1,1019,1021,3932,-1,1025,1027,3933,-1,3934,1000,1002,-1,3935,3936,3937,-1,3937,3936,3934,-1,3938,3939,3940,-1,3940,3939,3935,-1,3941,3942,3943,-1,3943,3942,3944,-1,3943,3944,3938,-1,3945,3946,3947,-1,3947,3946,3941,-1,3948,3949,3950,-1,3950,3949,3945,-1,1051,3948,1049,-1,1049,3948,3950,-1,1049,3950,1047,-1,1047,3950,3951,-1,1047,3951,1045,-1,1045,3951,1043,-1,1043,3951,3952,-1,1043,3952,1041,-1,1041,3952,3953,-1,1041,3953,1039,-1,1039,3953,1037,-1,1037,3953,3954,-1,1037,3954,1035,-1,1035,3954,3955,-1,1035,3955,1033,-1,1033,3955,3956,-1,1033,3956,1031,-1,3934,1002,3937,-1,3937,1002,1004,-1,3937,1004,3957,-1,3957,1004,1006,-1,3957,1006,3958,-1,3958,1006,1008,-1,3958,1008,3959,-1,3959,1008,1009,-1,3959,1009,3960,-1,3960,1009,998,-1,3960,998,3961,-1,3961,998,996,-1,3961,996,3962,-1,3962,996,1014,-1,3962,1014,3963,-1,3935,3937,3940,-1,3940,3937,3957,-1,3940,3957,3964,-1,3964,3957,3958,-1,3964,3958,3965,-1,3965,3958,3959,-1,3965,3959,3966,-1,3966,3959,3960,-1,3966,3960,3967,-1,3967,3960,3961,-1,3967,3961,3968,-1,3968,3961,3962,-1,3968,3962,3969,-1,3969,3962,3963,-1,3969,3963,3970,-1,3938,3940,3943,-1,3943,3940,3964,-1,3943,3964,3971,-1,3971,3964,3965,-1,3971,3965,3972,-1,3972,3965,3966,-1,3972,3966,3973,-1,3973,3966,3967,-1,3973,3967,3974,-1,3974,3967,3968,-1,3974,3968,3975,-1,3975,3968,3969,-1,3975,3969,3976,-1,3976,3969,3970,-1,3976,3970,3977,-1,3941,3943,3947,-1,3947,3943,3971,-1,3947,3971,3978,-1,3978,3971,3972,-1,3978,3972,3979,-1,3979,3972,3973,-1,3979,3973,3980,-1,3980,3973,3974,-1,3980,3974,3981,-1,3981,3974,3975,-1,3981,3975,3982,-1,3982,3975,3976,-1,3982,3976,3983,-1,3983,3976,3977,-1,3983,3977,3984,-1,3945,3947,3950,-1,3950,3947,3978,-1,3950,3978,3951,-1,3951,3978,3979,-1,3951,3979,3952,-1,3952,3979,3980,-1,3952,3980,3953,-1,3953,3980,3981,-1,3953,3981,3954,-1,3954,3981,3982,-1,3954,3982,3955,-1,3955,3982,3983,-1,3955,3983,3956,-1,3956,3983,3984,-1,3956,3984,3933,-1,3933,1027,3956,-1,3956,1027,1029,-1,3956,1029,1031,-1,1023,1025,3985,-1,3985,1025,3933,-1,3985,3933,3986,-1,3986,3933,3984,-1,3986,3984,3987,-1,3987,3984,3977,-1,3987,3977,3988,-1,3988,3977,3970,-1,3988,3970,3989,-1,3989,3970,3963,-1,3989,3963,1013,-1,1013,3963,1014,-1,1021,1023,3932,-1,3932,1023,3985,-1,3932,3985,3990,-1,3990,3985,3986,-1,3990,3986,3991,-1,3991,3986,3987,-1,3991,3987,3992,-1,3992,3987,3988,-1,3992,3988,3993,-1,3993,3988,3989,-1,3993,3989,1011,-1,1011,3989,1013,-1,1017,1019,3994,-1,3994,1019,3932,-1,3994,3932,3995,-1,3995,3932,3990,-1,3995,3990,3996,-1,3996,3990,3991,-1,3996,3991,3997,-1,3997,3991,3992,-1,3997,3992,3998,-1,3998,3992,3993,-1,3998,3993,1010,-1,1010,3993,1011,-1,1015,1017,3999,-1,3999,1017,3994,-1,3999,3994,4000,-1,4000,3994,3995,-1,4000,3995,4001,-1,4001,3995,3996,-1,4001,3996,4002,-1,4002,3996,3997,-1,4002,3997,4003,-1,4003,3997,3998,-1,4003,3998,994,-1,994,3998,1010,-1,1081,1015,3999,-1,1081,3999,4004,-1,4004,3999,4000,-1,4004,4000,4005,-1,4005,4000,4001,-1,4005,4001,4006,-1,4006,4001,4002,-1,4006,4002,4007,-1,4007,4002,4003,-1,4007,4003,4008,-1,4008,4003,994,-1,4008,994,1078,-1,1078,1096,4008,-1,4008,1096,4009,-1,4008,4009,4007,-1,4007,4009,4010,-1,4007,4010,4006,-1,4006,4010,4011,-1,4006,4011,4005,-1,4005,4011,4012,-1,4005,4012,4004,-1,4004,4012,4013,-1,4004,4013,1081,-1,1081,4013,1118,-1,1096,1098,4009,-1,4009,1098,4014,-1,4009,4014,4010,-1,4010,4014,4015,-1,4010,4015,4011,-1,4011,4015,4016,-1,4011,4016,4012,-1,4012,4016,4017,-1,4012,4017,4013,-1,4013,4017,4018,-1,4013,4018,1118,-1,1118,4018,1116,-1,1098,1100,4014,-1,4014,1100,4019,-1,4014,4019,4015,-1,4015,4019,4020,-1,4015,4020,4016,-1,4016,4020,4021,-1,4016,4021,4017,-1,4017,4021,4022,-1,4017,4022,4018,-1,4018,4022,4023,-1,4018,4023,1116,-1,1116,4023,1114,-1,1100,1102,4019,-1,4019,1102,4024,-1,4019,4024,4020,-1,4020,4024,4025,-1,4020,4025,4021,-1,4021,4025,4026,-1,4021,4026,4022,-1,4022,4026,4027,-1,4022,4027,4023,-1,4023,4027,4028,-1,4023,4028,1114,-1,1114,4028,1112,-1,1102,1104,4024,-1,4024,1104,4029,-1,4024,4029,4025,-1,4025,4029,4030,-1,4025,4030,4026,-1,4026,4030,4031,-1,4026,4031,4027,-1,4027,4031,4032,-1,4027,4032,4028,-1,4028,4032,4033,-1,4028,4033,1112,-1,1112,4033,1110,-1,1104,1106,4029,-1,4029,1106,4034,-1,4029,4034,4030,-1,4030,4034,4035,-1,4030,4035,4031,-1,4031,4035,4036,-1,4031,4036,4032,-1,4032,4036,4037,-1,4032,4037,4033,-1,4033,4037,4038,-1,4033,4038,1110,-1,1110,4038,1108,-1,1136,1108,1968,-1,1968,1108,4038,-1,1968,4038,4039,-1,4039,4038,4040,-1,4040,4038,4037,-1,4040,4037,4041,-1,4041,4037,4042,-1,4042,4037,4036,-1,4042,4036,4043,-1,4043,4036,4044,-1,4044,4036,4035,-1,4044,4035,4045,-1,4045,4035,4046,-1,4046,4035,4034,-1,4046,4034,4047,-1,1106,1134,4034,-1,4034,1134,1971,-1,4034,1971,4047,-1,4047,1971,1142,-1,4047,1142,4046,-1,1142,1152,4046,-1,4046,1152,1146,-1,4046,1146,4045,-1,4045,1146,4044,-1,1146,1145,4044,-1,4044,1145,1171,-1,4044,1171,4043,-1,4043,1171,1172,-1,4043,1172,4042,-1,1172,1170,4042,-1,4042,1170,1169,-1,4042,1169,4041,-1,4041,1169,1147,-1,4041,1147,4040,-1,4040,1147,1151,-1,4040,1151,4039,-1,4039,1151,1144,-1,4039,1144,1968,-1,1212,1214,4048,-1,1230,1228,1964,-1,1964,1228,4049,-1,1964,4049,4050,-1,4050,4049,4051,-1,4051,4049,4052,-1,4052,4049,4053,-1,4052,4053,4054,-1,4055,4056,4057,-1,4057,4056,4058,-1,4057,4058,4053,-1,4053,4058,4059,-1,4053,4059,4054,-1,4060,4061,4062,-1,4062,4061,4063,-1,4062,4063,4057,-1,4057,4063,4064,-1,4057,4064,4055,-1,1221,1967,1218,-1,1218,1967,4065,-1,1218,4065,1216,-1,1967,4066,4065,-1,4065,4066,4067,-1,4065,4067,4062,-1,4062,4067,4068,-1,4062,4068,4060,-1,1224,1223,4069,-1,4069,1223,4070,-1,4069,4070,4071,-1,4071,4070,4072,-1,4071,4072,4073,-1,4073,4072,4074,-1,4073,4074,4075,-1,4075,4074,4076,-1,4075,4076,4077,-1,4077,4076,4078,-1,4077,4078,1210,-1,1210,4078,1208,-1,1226,1224,4079,-1,4079,1224,4069,-1,4079,4069,4080,-1,4080,4069,4071,-1,4080,4071,4081,-1,4081,4071,4073,-1,4081,4073,4082,-1,4082,4073,4075,-1,4082,4075,4048,-1,4048,4075,4077,-1,4048,4077,1212,-1,1212,4077,1210,-1,1228,1226,4049,-1,4049,1226,4079,-1,4049,4079,4053,-1,4053,4079,4080,-1,4053,4080,4057,-1,4057,4080,4081,-1,4057,4081,4062,-1,4062,4081,4082,-1,4062,4082,4065,-1,4065,4082,4048,-1,4065,4048,1216,-1,1216,4048,1214,-1,1967,1235,4066,-1,4066,1235,4067,-1,4067,1235,4068,-1,4068,1235,1239,-1,4068,1239,1238,-1,4064,4063,1238,-1,4063,4061,1238,-1,1238,4061,4060,-1,1238,4060,4068,-1,1238,1259,4064,-1,4064,1259,1261,-1,4064,1261,4055,-1,4055,1261,1262,-1,4055,1262,4056,-1,4056,1262,4058,-1,4058,1262,1260,-1,4058,1260,4059,-1,4059,1260,1258,-1,4059,1258,4054,-1,4054,1258,1257,-1,4054,1257,4052,-1,4052,1257,1237,-1,4052,1237,4051,-1,4051,1237,4050,-1,4050,1237,1233,-1,4050,1233,1964,-1,1213,1211,4083,-1,1219,1217,4084,-1,4085,4086,4084,-1,4084,4086,1966,-1,4084,1966,1219,-1,1219,1966,1220,-1,4085,4084,4087,-1,4087,4084,4088,-1,4087,4088,4089,-1,4090,4091,4092,-1,4092,4091,4093,-1,4092,4093,4088,-1,4088,4093,4094,-1,4088,4094,4089,-1,4095,4096,4097,-1,4097,4096,4098,-1,4097,4098,4092,-1,4092,4098,4099,-1,4092,4099,4090,-1,1206,1200,4100,-1,4100,1200,1963,-1,1963,4101,4100,-1,4100,4101,4102,-1,4100,4102,4097,-1,4097,4102,4103,-1,4097,4103,4095,-1,1211,1209,4083,-1,4083,1209,4104,-1,4083,4104,4105,-1,4105,4104,4106,-1,4105,4106,4107,-1,4107,4106,4108,-1,4107,4108,4109,-1,4109,4108,4110,-1,4109,4110,4111,-1,4111,4110,4112,-1,4111,4112,1203,-1,1203,4112,1201,-1,1203,1207,4111,-1,4111,1207,4113,-1,4111,4113,4109,-1,4109,4113,4114,-1,4109,4114,4107,-1,4107,4114,4115,-1,4107,4115,4105,-1,4105,4115,4116,-1,4105,4116,4083,-1,4083,4116,4117,-1,4083,4117,1213,-1,1213,4117,1215,-1,1217,1215,4084,-1,4084,1215,4117,-1,4084,4117,4088,-1,4088,4117,4116,-1,4088,4116,4092,-1,4092,4116,4115,-1,4092,4115,4097,-1,4097,4115,4114,-1,4097,4114,4100,-1,4100,4114,4113,-1,4100,4113,1206,-1,1206,4113,1207,-1,1966,4086,1236,-1,1236,4086,1243,-1,4086,4085,1243,-1,1243,4085,4087,-1,1243,4087,1244,-1,1244,4087,4089,-1,1244,4089,1264,-1,1264,4089,4094,-1,1264,4094,1266,-1,1266,4094,4093,-1,1266,4093,1267,-1,4093,4091,1267,-1,1267,4091,4090,-1,1267,4090,1265,-1,1265,4090,4099,-1,1265,4099,1263,-1,4096,4095,1246,-1,1246,4095,4103,-1,1246,4103,1245,-1,1263,4099,1246,-1,1246,4099,4098,-1,1246,4098,4096,-1,4101,1963,1234,-1,1245,4103,1234,-1,1234,4103,4102,-1,1234,4102,4101,-1,1192,1194,4118,-1,1188,1190,4119,-1,1184,1186,1960,-1,1960,1186,4120,-1,1960,4120,4121,-1,4121,4120,4122,-1,4122,4120,4123,-1,4123,4120,4124,-1,4123,4124,4125,-1,4126,4127,4128,-1,4128,4127,4129,-1,4128,4129,4124,-1,4124,4129,4130,-1,4124,4130,4125,-1,4131,4132,4133,-1,4133,4132,4134,-1,4133,4134,4128,-1,4128,4134,4135,-1,4128,4135,4126,-1,1229,1231,4136,-1,4136,1231,1965,-1,1965,4137,4136,-1,4136,4137,4138,-1,4136,4138,4133,-1,4133,4138,4139,-1,4133,4139,4131,-1,1227,1229,4140,-1,4140,1229,4136,-1,4140,4136,4141,-1,4141,4136,4133,-1,4141,4133,4142,-1,4142,4133,4128,-1,4142,4128,4143,-1,4143,4128,4124,-1,4143,4124,4119,-1,4119,4124,4120,-1,4119,4120,1188,-1,1188,4120,1186,-1,1225,1227,4144,-1,4144,1227,4140,-1,4144,4140,4145,-1,4145,4140,4141,-1,4145,4141,4146,-1,4146,4141,4142,-1,4146,4142,4147,-1,4147,4142,4143,-1,4147,4143,4118,-1,4118,4143,4119,-1,4118,4119,1192,-1,1192,4119,1190,-1,1222,1225,4148,-1,4148,1225,4144,-1,4148,4144,4149,-1,4149,4144,4145,-1,4149,4145,4150,-1,4150,4145,4146,-1,4150,4146,4151,-1,4151,4146,4147,-1,4151,4147,4152,-1,4152,4147,4118,-1,4152,4118,1196,-1,1196,4118,1194,-1,1965,1232,4137,-1,4137,1232,4138,-1,4138,1232,4139,-1,4139,1232,1255,-1,4139,1255,1256,-1,4135,4134,1256,-1,4134,4132,1256,-1,1256,4132,4131,-1,1256,4131,4139,-1,1256,1271,4135,-1,4135,1271,1273,-1,4135,1273,4126,-1,4126,1273,1275,-1,4126,1275,4127,-1,4127,1275,4129,-1,4129,1275,1274,-1,4129,1274,4130,-1,4130,1274,1272,-1,4130,1272,4125,-1,4125,1272,1254,-1,4125,1254,4123,-1,4123,1254,1253,-1,4123,1253,4122,-1,4122,1253,4121,-1,4121,1253,1242,-1,4121,1242,1960,-1,1193,1191,4153,-1,1199,1198,1962,-1,1962,1198,4154,-1,1962,4154,4155,-1,4155,4154,4156,-1,4156,4154,4157,-1,4157,4154,4158,-1,4157,4158,4159,-1,4160,4161,4162,-1,4162,4161,4163,-1,4162,4163,4158,-1,4158,4163,4164,-1,4158,4164,4159,-1,4165,4166,4167,-1,4167,4166,4168,-1,4167,4168,4162,-1,4162,4168,4169,-1,4162,4169,4160,-1,1189,1187,4170,-1,4170,1187,1185,-1,4170,1185,1961,-1,1961,4171,4170,-1,4170,4171,4172,-1,4170,4172,4167,-1,4167,4172,4173,-1,4167,4173,4165,-1,1191,1189,4153,-1,4153,1189,4170,-1,4153,4170,4174,-1,4174,4170,4167,-1,4174,4167,4175,-1,4175,4167,4162,-1,4175,4162,4176,-1,4176,4162,4158,-1,4176,4158,4177,-1,4177,4158,4154,-1,4177,4154,1205,-1,1205,4154,1198,-1,1195,1193,4178,-1,4178,1193,4153,-1,4178,4153,4179,-1,4179,4153,4174,-1,4179,4174,4180,-1,4180,4174,4175,-1,4180,4175,4181,-1,4181,4175,4176,-1,4181,4176,4182,-1,4182,4176,4177,-1,4182,4177,1204,-1,1204,4177,1205,-1,1197,1195,4183,-1,4183,1195,4178,-1,4183,4178,4184,-1,4184,4178,4179,-1,4184,4179,4185,-1,4185,4179,4180,-1,4185,4180,4186,-1,4186,4180,4181,-1,4186,4181,4187,-1,4187,4181,4182,-1,4187,4182,1202,-1,1202,4182,1204,-1,1962,4155,1240,-1,1240,4155,1247,-1,4155,4156,1247,-1,1247,4156,4157,-1,1247,4157,1250,-1,1250,4157,4159,-1,1250,4159,1251,-1,1251,4159,4164,-1,1251,4164,1269,-1,1269,4164,4163,-1,1269,4163,1270,-1,4163,4161,1270,-1,1270,4161,4160,-1,1270,4160,1268,-1,1268,4160,4169,-1,1268,4169,1252,-1,4166,4165,1248,-1,1248,4165,4173,-1,1248,4173,1249,-1,1252,4169,1248,-1,1248,4169,4168,-1,1248,4168,4166,-1,4171,1961,1241,-1,1249,4173,1241,-1,1241,4173,4172,-1,1241,4172,4171,-1,1016,4188,4189,-1,4190,1052,1050,-1,4191,4192,4193,-1,4193,4192,4190,-1,4194,4195,4196,-1,4196,4195,4191,-1,4197,4198,4199,-1,4199,4198,4200,-1,4199,4200,4194,-1,4201,4202,4203,-1,4203,4202,4197,-1,4204,4205,4206,-1,4206,4205,4201,-1,1056,1054,4204,-1,4190,1050,4193,-1,4193,1050,1048,-1,4193,1048,4207,-1,4207,1048,1046,-1,4207,1046,4208,-1,1046,1044,4208,-1,4208,1044,1042,-1,4208,1042,1040,-1,1038,4209,1040,-1,1040,4209,4210,-1,1040,4210,4208,-1,1026,4211,4212,-1,1038,1036,4209,-1,4209,1036,1034,-1,4209,1034,4213,-1,4213,1034,1032,-1,4213,1032,4214,-1,4214,1032,1030,-1,4214,1030,4212,-1,4212,1030,1028,-1,4212,1028,1026,-1,1026,1024,4211,-1,4211,1024,1022,-1,4211,1022,4215,-1,4215,1022,1020,-1,4215,1020,4189,-1,4189,1020,1018,-1,4189,1018,1016,-1,4191,4193,4196,-1,4196,4193,4207,-1,4196,4207,4216,-1,4216,4207,4208,-1,4216,4208,4217,-1,4217,4208,4210,-1,4217,4210,4218,-1,4218,4210,4209,-1,4218,4209,4219,-1,4219,4209,4213,-1,4219,4213,4220,-1,4220,4213,4214,-1,4220,4214,4221,-1,4221,4214,4212,-1,4221,4212,4222,-1,4222,4212,4211,-1,4222,4211,4223,-1,4223,4211,4215,-1,4223,4215,4224,-1,4224,4215,4189,-1,4224,4189,4225,-1,4225,4189,4188,-1,4225,4188,4226,-1,4194,4196,4199,-1,4199,4196,4216,-1,4199,4216,4227,-1,4227,4216,4217,-1,4227,4217,4228,-1,4228,4217,4218,-1,4228,4218,4229,-1,4229,4218,4219,-1,4229,4219,4230,-1,4230,4219,4220,-1,4230,4220,4231,-1,4231,4220,4221,-1,4231,4221,4232,-1,4232,4221,4222,-1,4232,4222,4233,-1,4233,4222,4223,-1,4233,4223,4234,-1,4234,4223,4224,-1,4234,4224,4235,-1,4235,4224,4225,-1,4235,4225,4236,-1,4236,4225,4226,-1,4236,4226,4237,-1,4197,4199,4203,-1,4203,4199,4227,-1,4203,4227,4238,-1,4238,4227,4228,-1,4238,4228,4239,-1,4239,4228,4229,-1,4239,4229,4240,-1,4240,4229,4230,-1,4240,4230,4241,-1,4241,4230,4231,-1,4241,4231,4242,-1,4242,4231,4232,-1,4242,4232,4243,-1,4243,4232,4233,-1,4243,4233,4244,-1,4244,4233,4234,-1,4244,4234,4245,-1,4245,4234,4235,-1,4245,4235,4246,-1,4246,4235,4236,-1,4246,4236,4247,-1,4247,4236,4237,-1,4247,4237,4248,-1,4201,4203,4206,-1,4206,4203,4238,-1,4206,4238,4249,-1,4249,4238,4239,-1,4249,4239,4250,-1,4250,4239,4240,-1,4250,4240,4251,-1,4251,4240,4241,-1,4251,4241,4252,-1,4252,4241,4242,-1,4252,4242,4253,-1,4253,4242,4243,-1,4253,4243,4254,-1,4254,4243,4244,-1,4254,4244,4255,-1,4255,4244,4245,-1,4255,4245,4256,-1,4256,4245,4246,-1,4256,4246,4257,-1,4257,4246,4247,-1,4257,4247,4258,-1,4258,4247,4248,-1,4258,4248,4259,-1,4204,4206,1056,-1,1056,4206,4249,-1,1056,4249,1058,-1,1058,4249,4250,-1,1058,4250,1071,-1,1071,4250,4251,-1,1071,4251,1072,-1,1072,4251,4252,-1,1072,4252,1074,-1,1074,4252,4253,-1,1074,4253,1075,-1,1075,4253,4254,-1,1075,4254,1067,-1,1067,4254,4255,-1,1067,4255,1069,-1,1069,4255,4256,-1,1069,4256,1070,-1,1070,4256,4257,-1,1070,4257,1064,-1,1064,4257,4258,-1,1064,4258,1062,-1,1062,4258,4259,-1,1062,4259,1060,-1,1083,1060,4259,-1,1083,4259,4260,-1,4260,4259,4248,-1,4260,4248,4261,-1,4261,4248,4237,-1,4261,4237,4262,-1,4262,4237,4226,-1,4262,4226,4263,-1,4263,4226,4188,-1,4263,4188,4264,-1,4264,4188,1016,-1,4264,1016,1080,-1,1120,1122,4265,-1,4265,1122,4266,-1,4265,4266,4267,-1,4267,4266,4268,-1,4267,4268,4269,-1,4269,4268,4270,-1,4269,4270,4271,-1,4271,4270,4272,-1,4271,4272,4273,-1,4273,4272,4274,-1,4273,4274,1109,-1,1109,4274,1111,-1,1122,1124,4266,-1,4266,1124,4275,-1,4266,4275,4268,-1,4268,4275,4276,-1,4268,4276,4270,-1,4270,4276,4277,-1,4270,4277,4272,-1,4272,4277,4278,-1,4272,4278,4274,-1,4274,4278,4279,-1,4274,4279,1111,-1,1111,4279,1113,-1,1124,1126,4275,-1,4275,1126,4280,-1,4275,4280,4276,-1,4276,4280,4281,-1,4276,4281,4277,-1,4277,4281,4282,-1,4277,4282,4278,-1,4278,4282,4283,-1,4278,4283,4279,-1,4279,4283,4284,-1,4279,4284,1113,-1,1113,4284,1115,-1,1126,1128,4280,-1,4280,1128,4285,-1,4280,4285,4281,-1,4281,4285,4286,-1,4281,4286,4282,-1,4282,4286,4287,-1,4282,4287,4283,-1,4283,4287,4288,-1,4283,4288,4284,-1,4284,4288,4289,-1,4284,4289,1115,-1,1115,4289,1117,-1,1128,1130,4285,-1,4285,1130,4290,-1,4285,4290,4286,-1,4286,4290,4291,-1,4286,4291,4287,-1,4287,4291,4292,-1,4287,4292,4288,-1,4288,4292,4293,-1,4288,4293,4289,-1,4289,4293,4294,-1,4289,4294,1117,-1,1117,4294,1119,-1,1130,1083,4290,-1,4290,1083,4260,-1,4290,4260,4291,-1,4291,4260,4261,-1,4291,4261,4292,-1,4292,4261,4262,-1,4292,4262,4293,-1,4293,4262,4263,-1,4293,4263,4294,-1,4294,4263,4264,-1,4294,4264,1119,-1,1119,4264,1080,-1,1139,1120,1972,-1,1972,1120,4265,-1,1972,4265,4295,-1,4295,4265,4296,-1,4296,4265,4267,-1,4296,4267,4297,-1,4297,4267,4298,-1,4298,4267,4269,-1,4298,4269,4299,-1,4299,4269,4300,-1,4300,4269,4271,-1,4300,4271,4301,-1,4301,4271,4302,-1,4302,4271,4273,-1,4302,4273,4303,-1,1109,1137,4273,-1,4273,1137,1969,-1,4273,1969,4303,-1,1174,1173,4298,-1,4298,1173,4297,-1,4297,1173,1150,-1,4297,1150,4296,-1,4296,1150,1156,-1,4296,1156,4295,-1,4295,1156,1141,-1,4295,1141,1972,-1,1174,4298,1176,-1,1176,4298,4299,-1,1176,4299,1175,-1,1175,4299,4300,-1,1175,4300,1148,-1,4302,1157,1149,-1,1148,4300,1149,-1,1149,4300,4301,-1,1149,4301,4302,-1,1157,4302,1143,-1,1143,4302,4303,-1,1143,4303,1969,-1,4304,4305,4306,-1,4307,4308,4309,-1,4310,1371,1373,-1,4308,4311,4312,-1,4312,4311,4313,-1,4312,4313,4310,-1,4307,4309,4314,-1,4305,4315,4316,-1,4316,4315,4317,-1,4316,4317,4314,-1,1306,4318,4319,-1,4319,4318,4320,-1,4319,4320,4304,-1,1300,1302,4321,-1,4321,1302,1309,-1,4321,1309,4319,-1,4319,1309,1308,-1,4319,1308,1306,-1,1300,4321,1298,-1,1298,4321,4322,-1,1298,4322,1296,-1,1296,4322,4323,-1,1296,4323,1294,-1,4324,1290,4323,-1,4323,1290,1292,-1,4323,1292,1294,-1,4310,1373,4312,-1,4312,1373,1375,-1,4312,1375,4325,-1,4325,1375,1377,-1,4325,1377,4326,-1,4326,1377,1391,-1,4326,1391,4327,-1,4327,1391,1384,-1,4327,1384,4328,-1,4328,1384,1386,-1,4328,1386,4329,-1,4308,4312,4309,-1,4309,4312,4325,-1,4309,4325,4330,-1,4330,4325,4326,-1,4330,4326,4331,-1,4331,4326,4327,-1,4331,4327,4332,-1,4332,4327,4328,-1,4332,4328,4333,-1,4333,4328,4329,-1,4333,4329,4334,-1,4314,4309,4316,-1,4316,4309,4330,-1,4316,4330,4335,-1,4335,4330,4331,-1,4335,4331,4336,-1,4336,4331,4332,-1,4336,4332,4337,-1,4337,4332,4333,-1,4337,4333,4338,-1,4338,4333,4334,-1,4338,4334,4339,-1,4305,4316,4306,-1,4306,4316,4335,-1,4306,4335,4340,-1,4340,4335,4336,-1,4340,4336,4341,-1,4341,4336,4337,-1,4341,4337,4342,-1,4342,4337,4338,-1,4342,4338,4343,-1,4343,4338,4339,-1,4343,4339,4344,-1,4304,4306,4319,-1,4319,4306,4340,-1,4319,4340,4321,-1,4321,4340,4341,-1,4321,4341,4322,-1,4322,4341,4342,-1,4322,4342,4323,-1,4323,4342,4343,-1,4323,4343,4324,-1,4324,4343,4344,-1,4324,4344,4345,-1,1280,1282,4346,-1,4346,1282,4345,-1,4346,4345,4347,-1,4347,4345,4344,-1,4347,4344,4348,-1,4348,4344,4339,-1,4348,4339,4349,-1,4349,4339,4334,-1,4349,4334,4350,-1,4350,4334,4329,-1,4350,4329,1383,-1,1383,4329,1386,-1,1282,1284,4345,-1,4345,1284,1286,-1,4345,1286,4324,-1,4324,1286,1288,-1,4324,1288,1290,-1,1278,1280,4351,-1,4351,1280,4346,-1,4351,4346,4352,-1,4352,4346,4347,-1,4352,4347,4353,-1,4353,4347,4348,-1,4353,4348,4354,-1,4354,4348,4349,-1,4354,4349,4355,-1,4355,4349,4350,-1,4355,4350,1381,-1,1381,4350,1383,-1,1276,1278,4356,-1,4356,1278,4351,-1,4356,4351,4357,-1,4357,4351,4352,-1,4357,4352,4358,-1,4358,4352,4353,-1,4358,4353,4359,-1,4359,4353,4354,-1,4359,4354,4360,-1,4360,4354,4355,-1,4360,4355,1379,-1,1379,4355,1381,-1,1394,1276,4356,-1,1394,4356,4361,-1,4361,4356,4357,-1,4361,4357,4362,-1,4362,4357,4358,-1,4362,4358,4363,-1,4363,4358,4359,-1,4363,4359,4364,-1,4364,4359,4360,-1,4364,4360,4365,-1,4365,4360,1379,-1,4365,1379,1400,-1,1412,1410,4366,-1,4366,1410,4367,-1,4366,4367,4368,-1,4368,4367,4369,-1,4368,4369,4370,-1,4370,4369,4371,-1,4370,4371,4372,-1,4372,4371,4373,-1,4372,4373,4374,-1,4374,4373,4375,-1,4374,4375,1439,-1,1439,4375,1441,-1,1410,1408,4367,-1,4367,1408,4376,-1,4367,4376,4369,-1,4369,4376,4377,-1,4369,4377,4371,-1,4371,4377,4378,-1,4371,4378,4373,-1,4373,4378,4379,-1,4373,4379,4375,-1,4375,4379,4380,-1,4375,4380,1441,-1,1441,4380,1443,-1,1408,1406,4376,-1,4376,1406,4381,-1,4376,4381,4377,-1,4377,4381,4382,-1,4377,4382,4378,-1,4378,4382,4383,-1,4378,4383,4379,-1,4379,4383,4384,-1,4379,4384,4380,-1,4380,4384,4385,-1,4380,4385,1443,-1,1443,4385,1445,-1,1406,1404,4381,-1,4381,1404,4386,-1,4381,4386,4382,-1,4382,4386,4387,-1,4382,4387,4383,-1,4383,4387,4388,-1,4383,4388,4384,-1,4384,4388,4389,-1,4384,4389,4385,-1,4385,4389,4390,-1,4385,4390,1445,-1,1445,4390,1447,-1,1404,1402,4386,-1,4386,1402,4391,-1,4386,4391,4387,-1,4387,4391,4392,-1,4387,4392,4388,-1,4388,4392,4393,-1,4388,4393,4389,-1,4389,4393,4394,-1,4389,4394,4390,-1,4390,4394,4395,-1,4390,4395,1447,-1,1447,4395,1449,-1,1402,1394,4391,-1,4391,1394,4361,-1,4391,4361,4392,-1,4392,4361,4362,-1,4392,4362,4393,-1,4393,4362,4363,-1,4393,4363,4394,-1,4394,4363,4364,-1,4394,4364,4395,-1,4395,4364,4365,-1,4395,4365,1449,-1,1449,4365,1400,-1,1450,1412,1990,-1,1990,1412,4366,-1,1990,4366,4396,-1,4396,4366,4397,-1,4397,4366,4368,-1,4397,4368,4398,-1,4398,4368,4399,-1,4399,4368,4370,-1,4399,4370,4400,-1,4400,4370,4401,-1,4401,4370,4372,-1,4401,4372,4402,-1,4402,4372,4403,-1,4403,4372,4374,-1,4403,4374,4404,-1,1439,1456,4374,-1,4374,1456,1989,-1,4374,1989,4404,-1,1487,1485,4399,-1,4399,1485,4398,-1,4398,1485,1467,-1,4398,1467,4397,-1,4397,1467,1466,-1,4397,1466,4396,-1,4396,1466,1462,-1,4396,1462,1990,-1,1487,4399,1488,-1,1488,4399,4400,-1,1488,4400,1486,-1,1486,4400,4401,-1,1486,4401,1484,-1,4403,1468,1469,-1,1484,4401,1469,-1,1469,4401,4402,-1,1469,4402,4403,-1,1468,4403,1460,-1,1460,4403,4404,-1,1460,4404,1989,-1,4405,4406,4407,-1,4408,1305,1307,-1,4406,4409,4410,-1,4410,4409,4411,-1,4410,4411,4408,-1,4405,4407,4412,-1,4413,4414,4415,-1,4415,4414,4412,-1,4416,4417,4418,-1,4418,4417,4413,-1,1319,4419,4420,-1,4420,4419,4421,-1,4420,4421,4416,-1,4408,1307,4410,-1,4410,1307,1304,-1,4410,1304,4422,-1,1304,1303,4422,-1,4422,1303,1301,-1,4422,1301,4423,-1,4423,1301,1299,-1,1299,1297,4423,-1,4423,1297,1295,-1,4423,1295,4424,-1,4424,1295,1293,-1,4424,1293,4425,-1,1293,1291,4425,-1,4425,1291,1289,-1,4425,1289,4426,-1,1289,1287,4426,-1,4426,1287,1285,-1,4426,1285,4427,-1,4427,1285,1283,-1,4427,1283,4428,-1,4428,1283,1281,-1,1281,1279,4428,-1,4428,1279,1277,-1,4428,1277,4429,-1,4406,4410,4407,-1,4407,4410,4422,-1,4407,4422,4430,-1,4430,4422,4423,-1,4430,4423,4431,-1,4431,4423,4424,-1,4431,4424,4432,-1,4432,4424,4425,-1,4432,4425,4433,-1,4433,4425,4426,-1,4433,4426,4434,-1,4434,4426,4427,-1,4434,4427,4435,-1,4435,4427,4428,-1,4435,4428,4436,-1,4436,4428,4429,-1,4436,4429,4437,-1,4412,4407,4415,-1,4415,4407,4430,-1,4415,4430,4438,-1,4438,4430,4431,-1,4438,4431,4439,-1,4439,4431,4432,-1,4439,4432,4440,-1,4440,4432,4433,-1,4440,4433,4441,-1,4441,4433,4434,-1,4441,4434,4442,-1,4442,4434,4435,-1,4442,4435,4443,-1,4443,4435,4436,-1,4443,4436,4444,-1,4444,4436,4437,-1,4444,4437,4445,-1,4413,4415,4418,-1,4418,4415,4438,-1,4418,4438,4446,-1,4446,4438,4439,-1,4446,4439,4447,-1,4447,4439,4440,-1,4447,4440,4448,-1,4448,4440,4441,-1,4448,4441,4449,-1,4449,4441,4442,-1,4449,4442,4450,-1,4450,4442,4443,-1,4450,4443,4451,-1,4451,4443,4444,-1,4451,4444,4452,-1,4452,4444,4445,-1,4452,4445,4453,-1,4416,4418,4420,-1,4420,4418,4446,-1,4420,4446,4454,-1,4454,4446,4447,-1,4454,4447,4455,-1,4455,4447,4448,-1,4455,4448,4456,-1,4456,4448,4449,-1,4456,4449,4457,-1,4457,4449,4450,-1,4457,4450,4458,-1,4458,4450,4451,-1,4458,4451,4459,-1,4459,4451,4452,-1,4459,4452,4460,-1,4460,4452,4453,-1,4460,4453,4461,-1,1319,4420,1321,-1,1321,4420,4454,-1,1321,4454,1323,-1,1323,4454,4455,-1,1323,4455,1325,-1,1325,4455,4456,-1,1325,4456,1317,-1,1317,4456,4457,-1,1317,4457,1315,-1,1315,4457,4458,-1,1315,4458,1313,-1,1313,4458,4459,-1,1313,4459,1330,-1,1330,4459,4460,-1,1330,4460,1310,-1,1310,4460,4461,-1,1310,4461,1311,-1,1397,1311,4461,-1,1397,4461,4462,-1,4462,4461,4453,-1,4462,4453,4463,-1,4463,4453,4445,-1,4463,4445,4464,-1,4464,4445,4437,-1,4464,4437,4465,-1,4465,4437,4429,-1,4465,4429,4466,-1,4466,4429,1277,-1,4466,1277,1395,-1,1395,1403,4466,-1,4466,1403,4467,-1,4466,4467,4465,-1,4465,4467,4468,-1,4465,4468,4464,-1,4464,4468,4469,-1,4464,4469,4463,-1,4463,4469,4470,-1,4463,4470,4462,-1,4462,4470,4471,-1,4462,4471,1397,-1,1397,4471,1415,-1,1403,1405,4467,-1,4467,1405,4472,-1,4467,4472,4468,-1,4468,4472,4473,-1,4468,4473,4469,-1,4469,4473,4474,-1,4469,4474,4470,-1,4470,4474,4475,-1,4470,4475,4471,-1,4471,4475,4476,-1,4471,4476,1415,-1,1415,4476,1417,-1,1405,1407,4472,-1,4472,1407,4477,-1,4472,4477,4473,-1,4473,4477,4478,-1,4473,4478,4474,-1,4474,4478,4479,-1,4474,4479,4475,-1,4475,4479,4480,-1,4475,4480,4476,-1,4476,4480,4481,-1,4476,4481,1417,-1,1417,4481,1419,-1,1407,1409,4477,-1,4477,1409,4482,-1,4477,4482,4478,-1,4478,4482,4483,-1,4478,4483,4479,-1,4479,4483,4484,-1,4479,4484,4480,-1,4480,4484,4485,-1,4480,4485,4481,-1,4481,4485,4486,-1,4481,4486,1419,-1,1419,4486,1421,-1,1409,1411,4482,-1,4482,1411,4487,-1,4482,4487,4483,-1,4483,4487,4488,-1,4483,4488,4484,-1,4484,4488,4489,-1,4484,4489,4485,-1,4485,4489,4490,-1,4485,4490,4486,-1,4486,4490,4491,-1,4486,4491,1421,-1,1421,4491,1423,-1,1411,1413,4487,-1,4487,1413,4492,-1,4487,4492,4488,-1,4488,4492,4493,-1,4488,4493,4489,-1,4489,4493,4494,-1,4489,4494,4490,-1,4490,4494,4495,-1,4490,4495,4491,-1,4491,4495,4496,-1,4491,4496,1423,-1,1423,4496,1425,-1,1453,1425,1986,-1,1986,1425,4496,-1,1986,4496,4497,-1,4497,4496,4498,-1,4498,4496,4495,-1,4498,4495,4499,-1,4499,4495,4500,-1,4500,4495,4494,-1,4500,4494,4501,-1,4501,4494,4502,-1,4502,4494,4493,-1,4502,4493,4503,-1,4503,4493,4504,-1,4504,4493,4492,-1,4504,4492,4505,-1,1413,1451,4492,-1,4492,1451,1991,-1,4492,1991,4505,-1,4505,1991,1461,-1,4505,1461,4504,-1,1461,1478,4504,-1,4504,1478,1477,-1,4504,1477,4503,-1,4503,1477,4502,-1,1477,1481,4502,-1,4502,1481,1495,-1,4502,1495,4501,-1,4501,1495,1497,-1,4501,1497,4500,-1,1497,1496,4500,-1,4500,1496,1480,-1,4500,1480,4499,-1,4499,1480,1479,-1,4499,1479,4498,-1,4498,1479,1476,-1,4498,1476,4497,-1,4497,1476,1459,-1,4497,1459,1986,-1,1337,1339,4506,-1,1343,1345,4507,-1,4508,1318,1320,-1,4509,4510,4511,-1,4511,4510,4508,-1,4512,4513,4514,-1,4514,4513,4509,-1,4515,4516,4517,-1,4517,4516,4518,-1,4517,4518,4512,-1,4519,4520,4521,-1,4521,4520,4515,-1,4522,4523,4524,-1,4524,4523,4519,-1,1369,4522,1367,-1,1367,4522,4524,-1,1367,4524,1365,-1,1365,4524,4525,-1,1365,4525,1363,-1,1363,4525,1361,-1,1361,4525,4526,-1,1361,4526,1359,-1,1359,4526,4527,-1,1359,4527,1357,-1,1357,4527,1355,-1,1355,4527,4528,-1,1355,4528,1353,-1,1353,4528,4529,-1,1353,4529,1351,-1,1351,4529,4530,-1,1351,4530,1349,-1,4508,1320,4511,-1,4511,1320,1322,-1,4511,1322,4531,-1,4531,1322,1324,-1,4531,1324,4532,-1,4532,1324,1326,-1,4532,1326,4533,-1,4533,1326,1327,-1,4533,1327,4534,-1,4534,1327,1316,-1,4534,1316,4535,-1,4535,1316,1314,-1,4535,1314,4536,-1,4536,1314,1332,-1,4536,1332,4537,-1,4509,4511,4514,-1,4514,4511,4531,-1,4514,4531,4538,-1,4538,4531,4532,-1,4538,4532,4539,-1,4539,4532,4533,-1,4539,4533,4540,-1,4540,4533,4534,-1,4540,4534,4541,-1,4541,4534,4535,-1,4541,4535,4542,-1,4542,4535,4536,-1,4542,4536,4543,-1,4543,4536,4537,-1,4543,4537,4544,-1,4512,4514,4517,-1,4517,4514,4538,-1,4517,4538,4545,-1,4545,4538,4539,-1,4545,4539,4546,-1,4546,4539,4540,-1,4546,4540,4547,-1,4547,4540,4541,-1,4547,4541,4548,-1,4548,4541,4542,-1,4548,4542,4549,-1,4549,4542,4543,-1,4549,4543,4550,-1,4550,4543,4544,-1,4550,4544,4551,-1,4515,4517,4521,-1,4521,4517,4545,-1,4521,4545,4552,-1,4552,4545,4546,-1,4552,4546,4553,-1,4553,4546,4547,-1,4553,4547,4554,-1,4554,4547,4548,-1,4554,4548,4555,-1,4555,4548,4549,-1,4555,4549,4556,-1,4556,4549,4550,-1,4556,4550,4557,-1,4557,4550,4551,-1,4557,4551,4558,-1,4519,4521,4524,-1,4524,4521,4552,-1,4524,4552,4525,-1,4525,4552,4553,-1,4525,4553,4526,-1,4526,4553,4554,-1,4526,4554,4527,-1,4527,4554,4555,-1,4527,4555,4528,-1,4528,4555,4556,-1,4528,4556,4529,-1,4529,4556,4557,-1,4529,4557,4530,-1,4530,4557,4558,-1,4530,4558,4507,-1,4507,1345,4530,-1,4530,1345,1347,-1,4530,1347,1349,-1,1341,1343,4559,-1,4559,1343,4507,-1,4559,4507,4560,-1,4560,4507,4558,-1,4560,4558,4561,-1,4561,4558,4551,-1,4561,4551,4562,-1,4562,4551,4544,-1,4562,4544,4563,-1,4563,4544,4537,-1,4563,4537,1331,-1,1331,4537,1332,-1,1339,1341,4506,-1,4506,1341,4559,-1,4506,4559,4564,-1,4564,4559,4560,-1,4564,4560,4565,-1,4565,4560,4561,-1,4565,4561,4566,-1,4566,4561,4562,-1,4566,4562,4567,-1,4567,4562,4563,-1,4567,4563,1329,-1,1329,4563,1331,-1,1335,1337,4568,-1,4568,1337,4506,-1,4568,4506,4569,-1,4569,4506,4564,-1,4569,4564,4570,-1,4570,4564,4565,-1,4570,4565,4571,-1,4571,4565,4566,-1,4571,4566,4572,-1,4572,4566,4567,-1,4572,4567,1328,-1,1328,4567,1329,-1,1333,1335,4573,-1,4573,1335,4568,-1,4573,4568,4574,-1,4574,4568,4569,-1,4574,4569,4575,-1,4575,4569,4570,-1,4575,4570,4576,-1,4576,4570,4571,-1,4576,4571,4577,-1,4577,4571,4572,-1,4577,4572,1312,-1,1312,4572,1328,-1,1399,1333,4573,-1,1399,4573,4578,-1,4578,4573,4574,-1,4578,4574,4579,-1,4579,4574,4575,-1,4579,4575,4580,-1,4580,4575,4576,-1,4580,4576,4581,-1,4581,4576,4577,-1,4581,4577,4582,-1,4582,4577,1312,-1,4582,1312,1396,-1,1396,1414,4582,-1,4582,1414,4583,-1,4582,4583,4581,-1,4581,4583,4584,-1,4581,4584,4580,-1,4580,4584,4585,-1,4580,4585,4579,-1,4579,4585,4586,-1,4579,4586,4578,-1,4578,4586,4587,-1,4578,4587,1399,-1,1399,4587,1436,-1,1414,1416,4583,-1,4583,1416,4588,-1,4583,4588,4584,-1,4584,4588,4589,-1,4584,4589,4585,-1,4585,4589,4590,-1,4585,4590,4586,-1,4586,4590,4591,-1,4586,4591,4587,-1,4587,4591,4592,-1,4587,4592,1436,-1,1436,4592,1434,-1,1416,1418,4588,-1,4588,1418,4593,-1,4588,4593,4589,-1,4589,4593,4594,-1,4589,4594,4590,-1,4590,4594,4595,-1,4590,4595,4591,-1,4591,4595,4596,-1,4591,4596,4592,-1,4592,4596,4597,-1,4592,4597,1434,-1,1434,4597,1432,-1,1418,1420,4593,-1,4593,1420,4598,-1,4593,4598,4594,-1,4594,4598,4599,-1,4594,4599,4595,-1,4595,4599,4600,-1,4595,4600,4596,-1,4596,4600,4601,-1,4596,4601,4597,-1,4597,4601,4602,-1,4597,4602,1432,-1,1432,4602,1430,-1,1420,1422,4598,-1,4598,1422,4603,-1,4598,4603,4599,-1,4599,4603,4604,-1,4599,4604,4600,-1,4600,4604,4605,-1,4600,4605,4601,-1,4601,4605,4606,-1,4601,4606,4602,-1,4602,4606,4607,-1,4602,4607,1430,-1,1430,4607,1428,-1,1422,1424,4603,-1,4603,1424,4608,-1,4603,4608,4604,-1,4604,4608,4609,-1,4604,4609,4605,-1,4605,4609,4610,-1,4605,4610,4606,-1,4606,4610,4611,-1,4606,4611,4607,-1,4607,4611,4612,-1,4607,4612,1428,-1,1428,4612,1426,-1,1454,1426,1984,-1,1984,1426,4612,-1,1984,4612,4613,-1,4613,4612,4614,-1,4614,4612,4611,-1,4614,4611,4615,-1,4615,4611,4616,-1,4616,4611,4610,-1,4616,4610,4617,-1,4617,4610,4618,-1,4618,4610,4609,-1,4618,4609,4619,-1,4619,4609,4620,-1,4620,4609,4608,-1,4620,4608,4621,-1,1424,1452,4608,-1,4608,1452,1987,-1,4608,1987,4621,-1,4621,1987,1458,-1,4621,1458,4620,-1,1458,1483,4620,-1,4620,1483,1474,-1,4620,1474,4619,-1,4619,1474,4618,-1,1474,1473,4618,-1,4618,1473,1500,-1,4618,1500,4617,-1,4617,1500,1501,-1,4617,1501,4616,-1,1501,1499,4616,-1,4616,1499,1498,-1,4616,1498,4615,-1,4615,1498,1475,-1,4615,1475,4614,-1,4614,1475,1482,-1,4614,1482,4613,-1,4613,1482,1465,-1,4613,1465,1984,-1,1530,1532,4622,-1,1548,1546,1980,-1,1980,1546,4623,-1,1980,4623,4624,-1,4624,4623,4625,-1,4625,4623,4626,-1,4626,4623,4627,-1,4626,4627,4628,-1,4629,4630,4631,-1,4631,4630,4632,-1,4631,4632,4627,-1,4627,4632,4633,-1,4627,4633,4628,-1,4634,4635,4636,-1,4636,4635,4637,-1,4636,4637,4631,-1,4631,4637,4638,-1,4631,4638,4629,-1,1539,1983,1536,-1,1536,1983,4639,-1,1536,4639,1534,-1,1983,4640,4639,-1,4639,4640,4641,-1,4639,4641,4636,-1,4636,4641,4642,-1,4636,4642,4634,-1,1542,1541,4643,-1,4643,1541,4644,-1,4643,4644,4645,-1,4645,4644,4646,-1,4645,4646,4647,-1,4647,4646,4648,-1,4647,4648,4649,-1,4649,4648,4650,-1,4649,4650,4651,-1,4651,4650,4652,-1,4651,4652,1528,-1,1528,4652,1526,-1,1544,1542,4653,-1,4653,1542,4643,-1,4653,4643,4654,-1,4654,4643,4645,-1,4654,4645,4655,-1,4655,4645,4647,-1,4655,4647,4656,-1,4656,4647,4649,-1,4656,4649,4622,-1,4622,4649,4651,-1,4622,4651,1530,-1,1530,4651,1528,-1,1546,1544,4623,-1,4623,1544,4653,-1,4623,4653,4627,-1,4627,4653,4654,-1,4627,4654,4631,-1,4631,4654,4655,-1,4631,4655,4636,-1,4636,4655,4656,-1,4636,4656,4639,-1,4639,4656,4622,-1,4639,4622,1534,-1,1534,4622,1532,-1,1983,1553,4640,-1,4640,1553,4641,-1,4641,1553,4642,-1,4642,1553,1560,-1,4642,1560,1559,-1,4638,4637,1559,-1,4637,4635,1559,-1,1559,4635,4634,-1,1559,4634,4642,-1,1559,1577,4638,-1,4638,1577,1579,-1,4638,1579,4629,-1,4629,1579,1580,-1,4629,1580,4630,-1,4630,1580,4632,-1,4632,1580,1578,-1,4632,1578,4633,-1,4633,1578,1576,-1,4633,1576,4628,-1,4628,1576,1575,-1,4628,1575,4626,-1,4626,1575,1558,-1,4626,1558,4625,-1,4625,1558,4624,-1,4624,1558,1551,-1,4624,1551,1980,-1,1531,1529,4657,-1,1537,1535,4658,-1,4659,4660,4658,-1,4658,4660,1982,-1,4658,1982,1537,-1,1537,1982,1538,-1,4659,4658,4661,-1,4661,4658,4662,-1,4661,4662,4663,-1,4664,4665,4666,-1,4666,4665,4667,-1,4666,4667,4662,-1,4662,4667,4668,-1,4662,4668,4663,-1,4669,4670,4671,-1,4671,4670,4672,-1,4671,4672,4666,-1,4666,4672,4673,-1,4666,4673,4664,-1,1524,1518,4674,-1,4674,1518,1979,-1,1979,4675,4674,-1,4674,4675,4676,-1,4674,4676,4671,-1,4671,4676,4677,-1,4671,4677,4669,-1,1529,1527,4657,-1,4657,1527,4678,-1,4657,4678,4679,-1,4679,4678,4680,-1,4679,4680,4681,-1,4681,4680,4682,-1,4681,4682,4683,-1,4683,4682,4684,-1,4683,4684,4685,-1,4685,4684,4686,-1,4685,4686,1521,-1,1521,4686,1519,-1,1521,1525,4685,-1,4685,1525,4687,-1,4685,4687,4683,-1,4683,4687,4688,-1,4683,4688,4681,-1,4681,4688,4689,-1,4681,4689,4679,-1,4679,4689,4690,-1,4679,4690,4657,-1,4657,4690,4691,-1,4657,4691,1531,-1,1531,4691,1533,-1,1535,1533,4658,-1,4658,1533,4691,-1,4658,4691,4662,-1,4662,4691,4690,-1,4662,4690,4666,-1,4666,4690,4689,-1,4666,4689,4671,-1,4671,4689,4688,-1,4671,4688,4674,-1,4674,4688,4687,-1,4674,4687,1524,-1,1524,4687,1525,-1,1982,4660,1554,-1,1554,4660,1567,-1,4660,4659,1567,-1,1567,4659,4661,-1,1567,4661,1568,-1,1568,4661,4663,-1,1568,4663,1585,-1,1585,4663,4668,-1,1585,4668,1587,-1,1587,4668,4667,-1,1587,4667,1588,-1,4667,4665,1588,-1,1588,4665,4664,-1,1588,4664,1586,-1,1586,4664,4673,-1,1586,4673,1584,-1,4670,4669,1570,-1,1570,4669,4677,-1,1570,4677,1569,-1,1584,4673,1570,-1,1570,4673,4672,-1,1570,4672,4670,-1,4675,1979,1552,-1,1569,4677,1552,-1,1552,4677,4676,-1,1552,4676,4675,-1,1510,1512,4692,-1,1506,1508,4693,-1,1502,1504,1976,-1,1976,1504,4694,-1,1976,4694,4695,-1,4695,4694,4696,-1,4696,4694,4697,-1,4697,4694,4698,-1,4697,4698,4699,-1,4700,4701,4702,-1,4702,4701,4703,-1,4702,4703,4698,-1,4698,4703,4704,-1,4698,4704,4699,-1,4705,4706,4707,-1,4707,4706,4708,-1,4707,4708,4702,-1,4702,4708,4709,-1,4702,4709,4700,-1,1547,1549,4710,-1,4710,1549,1981,-1,1981,4711,4710,-1,4710,4711,4712,-1,4710,4712,4707,-1,4707,4712,4713,-1,4707,4713,4705,-1,1545,1547,4714,-1,4714,1547,4710,-1,4714,4710,4715,-1,4715,4710,4707,-1,4715,4707,4716,-1,4716,4707,4702,-1,4716,4702,4717,-1,4717,4702,4698,-1,4717,4698,4693,-1,4693,4698,4694,-1,4693,4694,1506,-1,1506,4694,1504,-1,1543,1545,4718,-1,4718,1545,4714,-1,4718,4714,4719,-1,4719,4714,4715,-1,4719,4715,4720,-1,4720,4715,4716,-1,4720,4716,4721,-1,4721,4716,4717,-1,4721,4717,4692,-1,4692,4717,4693,-1,4692,4693,1510,-1,1510,4693,1508,-1,1540,1543,4722,-1,4722,1543,4718,-1,4722,4718,4723,-1,4723,4718,4719,-1,4723,4719,4724,-1,4724,4719,4720,-1,4724,4720,4725,-1,4725,4720,4721,-1,4725,4721,4726,-1,4726,4721,4692,-1,4726,4692,1514,-1,1514,4692,1512,-1,1981,1550,4711,-1,4711,1550,4712,-1,4712,1550,4713,-1,4713,1550,1573,-1,4713,1573,1574,-1,4709,4708,1574,-1,4708,4706,1574,-1,1574,4706,4705,-1,1574,4705,4713,-1,1574,1589,4709,-1,4709,1589,1591,-1,4709,1591,4700,-1,4700,1591,1593,-1,4700,1593,4701,-1,4701,1593,4703,-1,4703,1593,1592,-1,4703,1592,4704,-1,4704,1592,1590,-1,4704,1590,4699,-1,4699,1590,1572,-1,4699,1572,4697,-1,4697,1572,1571,-1,4697,1571,4696,-1,4696,1571,4695,-1,4695,1571,1557,-1,4695,1557,1976,-1,1511,1509,4727,-1,1517,1516,1978,-1,1978,1516,4728,-1,1978,4728,4729,-1,4729,4728,4730,-1,4730,4728,4731,-1,4731,4728,4732,-1,4731,4732,4733,-1,4734,4735,4736,-1,4736,4735,4737,-1,4736,4737,4732,-1,4732,4737,4738,-1,4732,4738,4733,-1,4739,4740,4741,-1,4741,4740,4742,-1,4741,4742,4736,-1,4736,4742,4743,-1,4736,4743,4734,-1,1507,1505,4744,-1,4744,1505,1503,-1,4744,1503,1977,-1,1977,4745,4744,-1,4744,4745,4746,-1,4744,4746,4741,-1,4741,4746,4747,-1,4741,4747,4739,-1,1509,1507,4727,-1,4727,1507,4744,-1,4727,4744,4748,-1,4748,4744,4741,-1,4748,4741,4749,-1,4749,4741,4736,-1,4749,4736,4750,-1,4750,4736,4732,-1,4750,4732,4751,-1,4751,4732,4728,-1,4751,4728,1523,-1,1523,4728,1516,-1,1513,1511,4752,-1,4752,1511,4727,-1,4752,4727,4753,-1,4753,4727,4748,-1,4753,4748,4754,-1,4754,4748,4749,-1,4754,4749,4755,-1,4755,4749,4750,-1,4755,4750,4756,-1,4756,4750,4751,-1,4756,4751,1522,-1,1522,4751,1523,-1,1515,1513,4757,-1,4757,1513,4752,-1,4757,4752,4758,-1,4758,4752,4753,-1,4758,4753,4759,-1,4759,4753,4754,-1,4759,4754,4760,-1,4760,4754,4755,-1,4760,4755,4761,-1,4761,4755,4756,-1,4761,4756,1520,-1,1520,4756,1522,-1,1978,4729,1555,-1,1555,4729,1561,-1,4729,4730,1561,-1,1561,4730,4731,-1,1561,4731,1564,-1,1564,4731,4733,-1,1564,4733,1565,-1,1565,4733,4738,-1,1565,4738,1582,-1,1582,4738,4737,-1,1582,4737,1583,-1,4737,4735,1583,-1,1583,4735,4734,-1,1583,4734,1581,-1,1581,4734,4743,-1,1581,4743,1566,-1,4740,4739,1562,-1,1562,4739,4747,-1,1562,4747,1563,-1,1566,4743,1562,-1,1562,4743,4742,-1,1562,4742,4740,-1,4745,1977,1556,-1,1563,4747,1556,-1,1556,4747,4746,-1,1556,4746,4745,-1,1334,4762,4763,-1,4764,1370,1368,-1,4765,4766,4767,-1,4767,4766,4764,-1,4768,4769,4770,-1,4770,4769,4765,-1,4771,4772,4773,-1,4773,4772,4774,-1,4773,4774,4768,-1,4775,4776,4777,-1,4777,4776,4771,-1,4778,4779,4780,-1,4780,4779,4775,-1,1374,1372,4778,-1,4764,1368,4767,-1,4767,1368,1366,-1,4767,1366,4781,-1,4781,1366,1364,-1,4781,1364,4782,-1,1364,1362,4782,-1,4782,1362,1360,-1,4782,1360,1358,-1,1356,4783,1358,-1,1358,4783,4784,-1,1358,4784,4782,-1,1344,4785,4786,-1,1356,1354,4783,-1,4783,1354,1352,-1,4783,1352,4787,-1,4787,1352,1350,-1,4787,1350,4788,-1,4788,1350,1348,-1,4788,1348,4786,-1,4786,1348,1346,-1,4786,1346,1344,-1,1344,1342,4785,-1,4785,1342,1340,-1,4785,1340,4789,-1,4789,1340,1338,-1,4789,1338,4763,-1,4763,1338,1336,-1,4763,1336,1334,-1,4765,4767,4770,-1,4770,4767,4781,-1,4770,4781,4790,-1,4790,4781,4782,-1,4790,4782,4791,-1,4791,4782,4784,-1,4791,4784,4792,-1,4792,4784,4783,-1,4792,4783,4793,-1,4793,4783,4787,-1,4793,4787,4794,-1,4794,4787,4788,-1,4794,4788,4795,-1,4795,4788,4786,-1,4795,4786,4796,-1,4796,4786,4785,-1,4796,4785,4797,-1,4797,4785,4789,-1,4797,4789,4798,-1,4798,4789,4763,-1,4798,4763,4799,-1,4799,4763,4762,-1,4799,4762,4800,-1,4768,4770,4773,-1,4773,4770,4790,-1,4773,4790,4801,-1,4801,4790,4791,-1,4801,4791,4802,-1,4802,4791,4792,-1,4802,4792,4803,-1,4803,4792,4793,-1,4803,4793,4804,-1,4804,4793,4794,-1,4804,4794,4805,-1,4805,4794,4795,-1,4805,4795,4806,-1,4806,4795,4796,-1,4806,4796,4807,-1,4807,4796,4797,-1,4807,4797,4808,-1,4808,4797,4798,-1,4808,4798,4809,-1,4809,4798,4799,-1,4809,4799,4810,-1,4810,4799,4800,-1,4810,4800,4811,-1,4771,4773,4777,-1,4777,4773,4801,-1,4777,4801,4812,-1,4812,4801,4802,-1,4812,4802,4813,-1,4813,4802,4803,-1,4813,4803,4814,-1,4814,4803,4804,-1,4814,4804,4815,-1,4815,4804,4805,-1,4815,4805,4816,-1,4816,4805,4806,-1,4816,4806,4817,-1,4817,4806,4807,-1,4817,4807,4818,-1,4818,4807,4808,-1,4818,4808,4819,-1,4819,4808,4809,-1,4819,4809,4820,-1,4820,4809,4810,-1,4820,4810,4821,-1,4821,4810,4811,-1,4821,4811,4822,-1,4775,4777,4780,-1,4780,4777,4812,-1,4780,4812,4823,-1,4823,4812,4813,-1,4823,4813,4824,-1,4824,4813,4814,-1,4824,4814,4825,-1,4825,4814,4815,-1,4825,4815,4826,-1,4826,4815,4816,-1,4826,4816,4827,-1,4827,4816,4817,-1,4827,4817,4828,-1,4828,4817,4818,-1,4828,4818,4829,-1,4829,4818,4819,-1,4829,4819,4830,-1,4830,4819,4820,-1,4830,4820,4831,-1,4831,4820,4821,-1,4831,4821,4832,-1,4832,4821,4822,-1,4832,4822,4833,-1,4778,4780,1374,-1,1374,4780,4823,-1,1374,4823,1376,-1,1376,4823,4824,-1,1376,4824,1389,-1,1389,4824,4825,-1,1389,4825,1390,-1,1390,4825,4826,-1,1390,4826,1392,-1,1392,4826,4827,-1,1392,4827,1393,-1,1393,4827,4828,-1,1393,4828,1385,-1,1385,4828,4829,-1,1385,4829,1387,-1,1387,4829,4830,-1,1387,4830,1388,-1,1388,4830,4831,-1,1388,4831,1382,-1,1382,4831,4832,-1,1382,4832,1380,-1,1380,4832,4833,-1,1380,4833,1378,-1,1401,1378,4833,-1,1401,4833,4834,-1,4834,4833,4822,-1,4834,4822,4835,-1,4835,4822,4811,-1,4835,4811,4836,-1,4836,4811,4800,-1,4836,4800,4837,-1,4837,4800,4762,-1,4837,4762,4838,-1,4838,4762,1334,-1,4838,1334,1398,-1,1438,1440,4839,-1,4839,1440,4840,-1,4839,4840,4841,-1,4841,4840,4842,-1,4841,4842,4843,-1,4843,4842,4844,-1,4843,4844,4845,-1,4845,4844,4846,-1,4845,4846,4847,-1,4847,4846,4848,-1,4847,4848,1427,-1,1427,4848,1429,-1,1440,1442,4840,-1,4840,1442,4849,-1,4840,4849,4842,-1,4842,4849,4850,-1,4842,4850,4844,-1,4844,4850,4851,-1,4844,4851,4846,-1,4846,4851,4852,-1,4846,4852,4848,-1,4848,4852,4853,-1,4848,4853,1429,-1,1429,4853,1431,-1,1442,1444,4849,-1,4849,1444,4854,-1,4849,4854,4850,-1,4850,4854,4855,-1,4850,4855,4851,-1,4851,4855,4856,-1,4851,4856,4852,-1,4852,4856,4857,-1,4852,4857,4853,-1,4853,4857,4858,-1,4853,4858,1431,-1,1431,4858,1433,-1,1444,1446,4854,-1,4854,1446,4859,-1,4854,4859,4855,-1,4855,4859,4860,-1,4855,4860,4856,-1,4856,4860,4861,-1,4856,4861,4857,-1,4857,4861,4862,-1,4857,4862,4858,-1,4858,4862,4863,-1,4858,4863,1433,-1,1433,4863,1435,-1,1446,1448,4859,-1,4859,1448,4864,-1,4859,4864,4860,-1,4860,4864,4865,-1,4860,4865,4861,-1,4861,4865,4866,-1,4861,4866,4862,-1,4862,4866,4867,-1,4862,4867,4863,-1,4863,4867,4868,-1,4863,4868,1435,-1,1435,4868,1437,-1,1448,1401,4864,-1,4864,1401,4834,-1,4864,4834,4865,-1,4865,4834,4835,-1,4865,4835,4866,-1,4866,4835,4836,-1,4866,4836,4867,-1,4867,4836,4837,-1,4867,4837,4868,-1,4868,4837,4838,-1,4868,4838,1437,-1,1437,4838,1398,-1,1457,1438,1988,-1,1988,1438,4839,-1,1988,4839,4869,-1,4869,4839,4870,-1,4870,4839,4841,-1,4870,4841,4871,-1,4871,4841,4872,-1,4872,4841,4843,-1,4872,4843,4873,-1,4873,4843,4874,-1,4874,4843,4845,-1,4874,4845,4875,-1,4875,4845,4876,-1,4876,4845,4847,-1,4876,4847,4877,-1,1427,1455,4847,-1,4847,1455,1985,-1,4847,1985,4877,-1,1492,1490,4872,-1,4872,1490,4871,-1,4871,1490,1489,-1,4871,1489,4870,-1,4870,1489,1470,-1,4870,1470,4869,-1,4869,1470,1463,-1,4869,1463,1988,-1,1492,4872,1494,-1,1494,4872,4873,-1,1494,4873,1493,-1,1493,4873,4874,-1,1493,4874,1491,-1,4876,1472,1471,-1,1491,4874,1471,-1,1471,4874,4875,-1,1471,4875,4876,-1,1472,4876,1464,-1,1464,4876,4877,-1,1464,4877,1985,-1,1627,1626,4878,-1,4879,4880,4881,-1,4882,4883,4884,-1,4885,1689,1691,-1,4883,4886,4887,-1,4887,4886,4888,-1,4887,4888,4885,-1,4882,4884,4889,-1,4880,4890,4891,-1,4891,4890,4892,-1,4891,4892,4889,-1,4878,4893,4879,-1,1626,1624,4878,-1,4878,1624,4894,-1,4878,4894,4893,-1,1627,4878,1620,-1,1620,4878,4895,-1,1620,4895,1618,-1,1618,4895,1616,-1,1616,4895,4896,-1,1616,4896,1614,-1,1614,4896,4897,-1,1614,4897,1612,-1,4898,1608,4897,-1,4897,1608,1610,-1,4897,1610,1612,-1,4885,1691,4887,-1,4887,1691,1693,-1,4887,1693,4899,-1,4899,1693,1695,-1,4899,1695,4900,-1,4900,1695,1709,-1,4900,1709,4901,-1,4901,1709,1702,-1,4901,1702,4902,-1,4902,1702,1704,-1,4902,1704,4903,-1,4883,4887,4884,-1,4884,4887,4899,-1,4884,4899,4904,-1,4904,4899,4900,-1,4904,4900,4905,-1,4905,4900,4901,-1,4905,4901,4906,-1,4906,4901,4902,-1,4906,4902,4907,-1,4907,4902,4903,-1,4907,4903,4908,-1,4889,4884,4891,-1,4891,4884,4904,-1,4891,4904,4909,-1,4909,4904,4905,-1,4909,4905,4910,-1,4910,4905,4906,-1,4910,4906,4911,-1,4911,4906,4907,-1,4911,4907,4912,-1,4912,4907,4908,-1,4912,4908,4913,-1,4880,4891,4881,-1,4881,4891,4909,-1,4881,4909,4914,-1,4914,4909,4910,-1,4914,4910,4915,-1,4915,4910,4911,-1,4915,4911,4916,-1,4916,4911,4912,-1,4916,4912,4917,-1,4917,4912,4913,-1,4917,4913,4918,-1,4879,4881,4878,-1,4878,4881,4914,-1,4878,4914,4895,-1,4895,4914,4915,-1,4895,4915,4896,-1,4896,4915,4916,-1,4896,4916,4897,-1,4897,4916,4917,-1,4897,4917,4898,-1,4898,4917,4918,-1,4898,4918,4919,-1,1598,1600,4920,-1,4920,1600,4919,-1,4920,4919,4921,-1,4921,4919,4918,-1,4921,4918,4922,-1,4922,4918,4913,-1,4922,4913,4923,-1,4923,4913,4908,-1,4923,4908,4924,-1,4924,4908,4903,-1,4924,4903,1701,-1,1701,4903,1704,-1,1600,1602,4919,-1,4919,1602,1604,-1,4919,1604,4898,-1,4898,1604,1606,-1,4898,1606,1608,-1,1596,1598,4925,-1,4925,1598,4920,-1,4925,4920,4926,-1,4926,4920,4921,-1,4926,4921,4927,-1,4927,4921,4922,-1,4927,4922,4928,-1,4928,4922,4923,-1,4928,4923,4929,-1,4929,4923,4924,-1,4929,4924,1699,-1,1699,4924,1701,-1,1594,1596,4930,-1,4930,1596,4925,-1,4930,4925,4931,-1,4931,4925,4926,-1,4931,4926,4932,-1,4932,4926,4927,-1,4932,4927,4933,-1,4933,4927,4928,-1,4933,4928,4934,-1,4934,4928,4929,-1,4934,4929,1697,-1,1697,4929,1699,-1,1712,1594,4930,-1,1712,4930,4935,-1,4935,4930,4931,-1,4935,4931,4936,-1,4936,4931,4932,-1,4936,4932,4937,-1,4937,4932,4933,-1,4937,4933,4938,-1,4938,4933,4934,-1,4938,4934,4939,-1,4939,4934,1697,-1,4939,1697,1718,-1,1730,1728,4940,-1,4940,1728,4941,-1,4940,4941,4942,-1,4942,4941,4943,-1,4942,4943,4944,-1,4944,4943,4945,-1,4944,4945,4946,-1,4946,4945,4947,-1,4946,4947,4948,-1,4948,4947,4949,-1,4948,4949,1757,-1,1757,4949,1759,-1,1728,1726,4941,-1,4941,1726,4950,-1,4941,4950,4943,-1,4943,4950,4951,-1,4943,4951,4945,-1,4945,4951,4952,-1,4945,4952,4947,-1,4947,4952,4953,-1,4947,4953,4949,-1,4949,4953,4954,-1,4949,4954,1759,-1,1759,4954,1761,-1,1726,1724,4950,-1,4950,1724,4955,-1,4950,4955,4951,-1,4951,4955,4956,-1,4951,4956,4952,-1,4952,4956,4957,-1,4952,4957,4953,-1,4953,4957,4958,-1,4953,4958,4954,-1,4954,4958,4959,-1,4954,4959,1761,-1,1761,4959,1763,-1,1724,1722,4955,-1,4955,1722,4960,-1,4955,4960,4956,-1,4956,4960,4961,-1,4956,4961,4957,-1,4957,4961,4962,-1,4957,4962,4958,-1,4958,4962,4963,-1,4958,4963,4959,-1,4959,4963,4964,-1,4959,4964,1763,-1,1763,4964,1765,-1,1722,1720,4960,-1,4960,1720,4965,-1,4960,4965,4961,-1,4961,4965,4966,-1,4961,4966,4962,-1,4962,4966,4967,-1,4962,4967,4963,-1,4963,4967,4968,-1,4963,4968,4964,-1,4964,4968,4969,-1,4964,4969,1765,-1,1765,4969,1767,-1,1720,1712,4965,-1,4965,1712,4935,-1,4965,4935,4966,-1,4966,4935,4936,-1,4966,4936,4967,-1,4967,4936,4937,-1,4967,4937,4968,-1,4968,4937,4938,-1,4968,4938,4969,-1,4969,4938,4939,-1,4969,4939,1767,-1,1767,4939,1718,-1,1768,1730,2006,-1,2006,1730,4940,-1,2006,4940,4970,-1,4970,4940,4971,-1,4971,4940,4942,-1,4971,4942,4972,-1,4972,4942,4973,-1,4973,4942,4944,-1,4973,4944,4974,-1,4974,4944,4975,-1,4975,4944,4946,-1,4975,4946,4976,-1,4976,4946,4977,-1,4977,4946,4948,-1,4977,4948,4978,-1,1757,1774,4948,-1,4948,1774,2005,-1,4948,2005,4978,-1,1814,1813,4973,-1,4973,1813,4972,-1,4972,1813,1793,-1,4972,1793,4971,-1,4971,1793,1796,-1,4971,1796,4970,-1,4970,1796,1777,-1,4970,1777,2006,-1,1814,4973,1816,-1,1816,4973,4974,-1,1816,4974,1815,-1,1815,4974,4975,-1,1815,4975,1791,-1,4977,1797,1792,-1,1791,4975,1792,-1,1792,4975,4976,-1,1792,4976,4977,-1,1797,4977,1778,-1,1778,4977,4978,-1,1778,4978,2005,-1,4979,4980,4981,-1,1623,1625,4982,-1,4982,1625,4983,-1,4980,4984,4983,-1,4983,4984,4985,-1,4983,4985,4982,-1,4979,4981,4986,-1,4987,4988,4989,-1,4989,4988,4986,-1,4990,4991,4992,-1,4992,4991,4987,-1,1637,4993,4994,-1,4994,4993,4995,-1,4994,4995,4990,-1,1625,1622,4983,-1,4983,1622,1621,-1,4983,1621,4996,-1,4996,1621,1619,-1,4996,1619,4997,-1,4997,1619,1617,-1,1617,1615,4997,-1,4997,1615,1613,-1,4997,1613,4998,-1,4998,1613,1611,-1,4998,1611,4999,-1,1611,1609,4999,-1,4999,1609,1607,-1,4999,1607,5000,-1,1607,1605,5000,-1,5000,1605,1603,-1,5000,1603,5001,-1,5001,1603,1601,-1,5001,1601,5002,-1,5002,1601,1599,-1,1599,1597,5002,-1,5002,1597,1595,-1,5002,1595,5003,-1,4980,4983,4981,-1,4981,4983,4996,-1,4981,4996,5004,-1,5004,4996,4997,-1,5004,4997,5005,-1,5005,4997,4998,-1,5005,4998,5006,-1,5006,4998,4999,-1,5006,4999,5007,-1,5007,4999,5000,-1,5007,5000,5008,-1,5008,5000,5001,-1,5008,5001,5009,-1,5009,5001,5002,-1,5009,5002,5010,-1,5010,5002,5003,-1,5010,5003,5011,-1,4986,4981,4989,-1,4989,4981,5004,-1,4989,5004,5012,-1,5012,5004,5005,-1,5012,5005,5013,-1,5013,5005,5006,-1,5013,5006,5014,-1,5014,5006,5007,-1,5014,5007,5015,-1,5015,5007,5008,-1,5015,5008,5016,-1,5016,5008,5009,-1,5016,5009,5017,-1,5017,5009,5010,-1,5017,5010,5018,-1,5018,5010,5011,-1,5018,5011,5019,-1,4987,4989,4992,-1,4992,4989,5012,-1,4992,5012,5020,-1,5020,5012,5013,-1,5020,5013,5021,-1,5021,5013,5014,-1,5021,5014,5022,-1,5022,5014,5015,-1,5022,5015,5023,-1,5023,5015,5016,-1,5023,5016,5024,-1,5024,5016,5017,-1,5024,5017,5025,-1,5025,5017,5018,-1,5025,5018,5026,-1,5026,5018,5019,-1,5026,5019,5027,-1,4990,4992,4994,-1,4994,4992,5020,-1,4994,5020,5028,-1,5028,5020,5021,-1,5028,5021,5029,-1,5029,5021,5022,-1,5029,5022,5030,-1,5030,5022,5023,-1,5030,5023,5031,-1,5031,5023,5024,-1,5031,5024,5032,-1,5032,5024,5025,-1,5032,5025,5033,-1,5033,5025,5026,-1,5033,5026,5034,-1,5034,5026,5027,-1,5034,5027,5035,-1,1637,4994,1639,-1,1639,4994,5028,-1,1639,5028,1641,-1,1641,5028,5029,-1,1641,5029,1643,-1,1643,5029,5030,-1,1643,5030,1635,-1,1635,5030,5031,-1,1635,5031,1633,-1,1633,5031,5032,-1,1633,5032,1631,-1,1631,5032,5033,-1,1631,5033,1648,-1,1648,5033,5034,-1,1648,5034,1628,-1,1628,5034,5035,-1,1628,5035,1629,-1,1715,1629,5035,-1,1715,5035,5036,-1,5036,5035,5027,-1,5036,5027,5037,-1,5037,5027,5019,-1,5037,5019,5038,-1,5038,5019,5011,-1,5038,5011,5039,-1,5039,5011,5003,-1,5039,5003,5040,-1,5040,5003,1595,-1,5040,1595,1713,-1,1713,1721,5040,-1,5040,1721,5041,-1,5040,5041,5039,-1,5039,5041,5042,-1,5039,5042,5038,-1,5038,5042,5043,-1,5038,5043,5037,-1,5037,5043,5044,-1,5037,5044,5036,-1,5036,5044,5045,-1,5036,5045,1715,-1,1715,5045,1733,-1,1721,1723,5041,-1,5041,1723,5046,-1,5041,5046,5042,-1,5042,5046,5047,-1,5042,5047,5043,-1,5043,5047,5048,-1,5043,5048,5044,-1,5044,5048,5049,-1,5044,5049,5045,-1,5045,5049,5050,-1,5045,5050,1733,-1,1733,5050,1735,-1,1723,1725,5046,-1,5046,1725,5051,-1,5046,5051,5047,-1,5047,5051,5052,-1,5047,5052,5048,-1,5048,5052,5053,-1,5048,5053,5049,-1,5049,5053,5054,-1,5049,5054,5050,-1,5050,5054,5055,-1,5050,5055,1735,-1,1735,5055,1737,-1,1725,1727,5051,-1,5051,1727,5056,-1,5051,5056,5052,-1,5052,5056,5057,-1,5052,5057,5053,-1,5053,5057,5058,-1,5053,5058,5054,-1,5054,5058,5059,-1,5054,5059,5055,-1,5055,5059,5060,-1,5055,5060,1737,-1,1737,5060,1739,-1,1727,1729,5056,-1,5056,1729,5061,-1,5056,5061,5057,-1,5057,5061,5062,-1,5057,5062,5058,-1,5058,5062,5063,-1,5058,5063,5059,-1,5059,5063,5064,-1,5059,5064,5060,-1,5060,5064,5065,-1,5060,5065,1739,-1,1739,5065,1741,-1,1729,1731,5061,-1,5061,1731,5066,-1,5061,5066,5062,-1,5062,5066,5067,-1,5062,5067,5063,-1,5063,5067,5068,-1,5063,5068,5064,-1,5064,5068,5069,-1,5064,5069,5065,-1,5065,5069,5070,-1,5065,5070,1741,-1,1741,5070,1743,-1,1771,1743,2002,-1,2002,1743,5070,-1,2002,5070,5071,-1,5071,5070,5072,-1,5072,5070,5069,-1,5072,5069,5073,-1,5073,5069,5074,-1,5074,5069,5068,-1,5074,5068,5075,-1,5075,5068,5076,-1,5076,5068,5067,-1,5076,5067,5077,-1,5077,5067,5078,-1,5078,5067,5066,-1,5078,5066,5079,-1,1731,1769,5066,-1,5066,1769,2007,-1,5066,2007,5079,-1,5079,2007,1776,-1,5079,1776,5078,-1,1776,1800,5078,-1,5078,1800,1799,-1,5078,1799,5077,-1,5077,1799,5076,-1,1799,1803,5076,-1,5076,1803,1817,-1,5076,1817,5075,-1,5075,1817,1819,-1,5075,1819,5074,-1,1819,1818,5074,-1,5074,1818,1802,-1,5074,1802,5073,-1,5073,1802,1801,-1,5073,1801,5072,-1,5072,1801,1798,-1,5072,1798,5071,-1,5071,1798,1790,-1,5071,1790,2002,-1,1655,1657,5080,-1,1661,1663,5081,-1,5082,1636,1638,-1,5083,5084,5085,-1,5085,5084,5082,-1,5086,5087,5088,-1,5088,5087,5083,-1,5089,5090,5091,-1,5091,5090,5092,-1,5091,5092,5086,-1,5093,5094,5095,-1,5095,5094,5089,-1,5096,5097,5098,-1,5098,5097,5093,-1,1687,5096,1685,-1,1685,5096,5098,-1,1685,5098,1683,-1,1683,5098,5099,-1,1683,5099,1681,-1,1681,5099,1679,-1,1679,5099,5100,-1,1679,5100,1677,-1,1677,5100,5101,-1,1677,5101,1675,-1,1675,5101,1673,-1,1673,5101,5102,-1,1673,5102,1671,-1,1671,5102,5103,-1,1671,5103,1669,-1,1669,5103,5104,-1,1669,5104,1667,-1,5082,1638,5085,-1,5085,1638,1640,-1,5085,1640,5105,-1,5105,1640,1642,-1,5105,1642,5106,-1,5106,1642,1644,-1,5106,1644,5107,-1,5107,1644,1645,-1,5107,1645,5108,-1,5108,1645,1634,-1,5108,1634,5109,-1,5109,1634,1632,-1,5109,1632,5110,-1,5110,1632,1650,-1,5110,1650,5111,-1,5083,5085,5088,-1,5088,5085,5105,-1,5088,5105,5112,-1,5112,5105,5106,-1,5112,5106,5113,-1,5113,5106,5107,-1,5113,5107,5114,-1,5114,5107,5108,-1,5114,5108,5115,-1,5115,5108,5109,-1,5115,5109,5116,-1,5116,5109,5110,-1,5116,5110,5117,-1,5117,5110,5111,-1,5117,5111,5118,-1,5086,5088,5091,-1,5091,5088,5112,-1,5091,5112,5119,-1,5119,5112,5113,-1,5119,5113,5120,-1,5120,5113,5114,-1,5120,5114,5121,-1,5121,5114,5115,-1,5121,5115,5122,-1,5122,5115,5116,-1,5122,5116,5123,-1,5123,5116,5117,-1,5123,5117,5124,-1,5124,5117,5118,-1,5124,5118,5125,-1,5089,5091,5095,-1,5095,5091,5119,-1,5095,5119,5126,-1,5126,5119,5120,-1,5126,5120,5127,-1,5127,5120,5121,-1,5127,5121,5128,-1,5128,5121,5122,-1,5128,5122,5129,-1,5129,5122,5123,-1,5129,5123,5130,-1,5130,5123,5124,-1,5130,5124,5131,-1,5131,5124,5125,-1,5131,5125,5132,-1,5093,5095,5098,-1,5098,5095,5126,-1,5098,5126,5099,-1,5099,5126,5127,-1,5099,5127,5100,-1,5100,5127,5128,-1,5100,5128,5101,-1,5101,5128,5129,-1,5101,5129,5102,-1,5102,5129,5130,-1,5102,5130,5103,-1,5103,5130,5131,-1,5103,5131,5104,-1,5104,5131,5132,-1,5104,5132,5081,-1,5081,1663,5104,-1,5104,1663,1665,-1,5104,1665,1667,-1,1659,1661,5133,-1,5133,1661,5081,-1,5133,5081,5134,-1,5134,5081,5132,-1,5134,5132,5135,-1,5135,5132,5125,-1,5135,5125,5136,-1,5136,5125,5118,-1,5136,5118,5137,-1,5137,5118,5111,-1,5137,5111,1649,-1,1649,5111,1650,-1,1657,1659,5080,-1,5080,1659,5133,-1,5080,5133,5138,-1,5138,5133,5134,-1,5138,5134,5139,-1,5139,5134,5135,-1,5139,5135,5140,-1,5140,5135,5136,-1,5140,5136,5141,-1,5141,5136,5137,-1,5141,5137,1647,-1,1647,5137,1649,-1,1653,1655,5142,-1,5142,1655,5080,-1,5142,5080,5143,-1,5143,5080,5138,-1,5143,5138,5144,-1,5144,5138,5139,-1,5144,5139,5145,-1,5145,5139,5140,-1,5145,5140,5146,-1,5146,5140,5141,-1,5146,5141,1646,-1,1646,5141,1647,-1,1651,1653,5147,-1,5147,1653,5142,-1,5147,5142,5148,-1,5148,5142,5143,-1,5148,5143,5149,-1,5149,5143,5144,-1,5149,5144,5150,-1,5150,5144,5145,-1,5150,5145,5151,-1,5151,5145,5146,-1,5151,5146,1630,-1,1630,5146,1646,-1,1717,1651,5147,-1,1717,5147,5152,-1,5152,5147,5148,-1,5152,5148,5153,-1,5153,5148,5149,-1,5153,5149,5154,-1,5154,5149,5150,-1,5154,5150,5155,-1,5155,5150,5151,-1,5155,5151,5156,-1,5156,5151,1630,-1,5156,1630,1714,-1,1714,1732,5156,-1,5156,1732,5157,-1,5156,5157,5155,-1,5155,5157,5158,-1,5155,5158,5154,-1,5154,5158,5159,-1,5154,5159,5153,-1,5153,5159,5160,-1,5153,5160,5152,-1,5152,5160,5161,-1,5152,5161,1717,-1,1717,5161,1754,-1,1732,1734,5157,-1,5157,1734,5162,-1,5157,5162,5158,-1,5158,5162,5163,-1,5158,5163,5159,-1,5159,5163,5164,-1,5159,5164,5160,-1,5160,5164,5165,-1,5160,5165,5161,-1,5161,5165,5166,-1,5161,5166,1754,-1,1754,5166,1752,-1,1734,1736,5162,-1,5162,1736,5167,-1,5162,5167,5163,-1,5163,5167,5168,-1,5163,5168,5164,-1,5164,5168,5169,-1,5164,5169,5165,-1,5165,5169,5170,-1,5165,5170,5166,-1,5166,5170,5171,-1,5166,5171,1752,-1,1752,5171,1750,-1,1736,1738,5167,-1,5167,1738,5172,-1,5167,5172,5168,-1,5168,5172,5173,-1,5168,5173,5169,-1,5169,5173,5174,-1,5169,5174,5170,-1,5170,5174,5175,-1,5170,5175,5171,-1,5171,5175,5176,-1,5171,5176,1750,-1,1750,5176,1748,-1,1738,1740,5172,-1,5172,1740,5177,-1,5172,5177,5173,-1,5173,5177,5178,-1,5173,5178,5174,-1,5174,5178,5179,-1,5174,5179,5175,-1,5175,5179,5180,-1,5175,5180,5176,-1,5176,5180,5181,-1,5176,5181,1748,-1,1748,5181,1746,-1,1740,1742,5177,-1,5177,1742,5182,-1,5177,5182,5178,-1,5178,5182,5183,-1,5178,5183,5179,-1,5179,5183,5184,-1,5179,5184,5180,-1,5180,5184,5185,-1,5180,5185,5181,-1,5181,5185,5186,-1,5181,5186,1746,-1,1746,5186,1744,-1,1772,1744,2000,-1,2000,1744,5186,-1,2000,5186,5187,-1,5187,5186,5188,-1,5188,5186,5185,-1,5188,5185,5189,-1,5189,5185,5190,-1,5190,5185,5184,-1,5190,5184,5191,-1,5191,5184,5192,-1,5192,5184,5183,-1,5192,5183,5193,-1,5193,5183,5194,-1,5194,5183,5182,-1,5194,5182,5195,-1,1742,1770,5182,-1,5182,1770,2003,-1,5182,2003,5195,-1,5195,2003,1780,-1,5195,1780,5194,-1,1780,1788,5194,-1,5194,1788,1789,-1,5194,1789,5193,-1,5193,1789,5192,-1,1789,1804,5192,-1,5192,1804,1806,-1,5192,1806,5191,-1,5191,1806,1808,-1,5191,1808,5190,-1,1808,1807,5190,-1,5190,1807,1805,-1,5190,1805,5189,-1,5189,1805,1787,-1,5189,1787,5188,-1,5188,1787,1786,-1,5188,1786,5187,-1,5187,1786,1779,-1,5187,1779,2000,-1,1848,1850,5196,-1,1866,1864,1996,-1,1996,1864,5197,-1,1996,5197,5198,-1,5198,5197,5199,-1,5199,5197,5200,-1,5200,5197,5201,-1,5200,5201,5202,-1,5203,5204,5205,-1,5205,5204,5206,-1,5205,5206,5201,-1,5201,5206,5207,-1,5201,5207,5202,-1,5208,5209,5210,-1,5210,5209,5211,-1,5210,5211,5205,-1,5205,5211,5212,-1,5205,5212,5203,-1,1857,1999,1854,-1,1854,1999,5213,-1,1854,5213,1852,-1,1999,5214,5213,-1,5213,5214,5215,-1,5213,5215,5210,-1,5210,5215,5216,-1,5210,5216,5208,-1,1860,1859,5217,-1,5217,1859,5218,-1,5217,5218,5219,-1,5219,5218,5220,-1,5219,5220,5221,-1,5221,5220,5222,-1,5221,5222,5223,-1,5223,5222,5224,-1,5223,5224,5225,-1,5225,5224,5226,-1,5225,5226,1846,-1,1846,5226,1844,-1,1862,1860,5227,-1,5227,1860,5217,-1,5227,5217,5228,-1,5228,5217,5219,-1,5228,5219,5229,-1,5229,5219,5221,-1,5229,5221,5230,-1,5230,5221,5223,-1,5230,5223,5196,-1,5196,5223,5225,-1,5196,5225,1848,-1,1848,5225,1846,-1,1864,1862,5197,-1,5197,1862,5227,-1,5197,5227,5201,-1,5201,5227,5228,-1,5201,5228,5205,-1,5205,5228,5229,-1,5205,5229,5210,-1,5210,5229,5230,-1,5210,5230,5213,-1,5213,5230,5196,-1,5213,5196,1852,-1,1852,5196,1850,-1,1999,1871,5214,-1,5214,1871,5215,-1,5215,1871,5216,-1,5216,1871,1878,-1,5216,1878,1877,-1,5212,5211,1877,-1,5211,5209,1877,-1,1877,5209,5208,-1,1877,5208,5216,-1,1877,1895,5212,-1,5212,1895,1897,-1,5212,1897,5203,-1,5203,1897,1898,-1,5203,1898,5204,-1,5204,1898,5206,-1,5206,1898,1896,-1,5206,1896,5207,-1,5207,1896,1894,-1,5207,1894,5202,-1,5202,1894,1893,-1,5202,1893,5200,-1,5200,1893,1876,-1,5200,1876,5199,-1,5199,1876,5198,-1,5198,1876,1869,-1,5198,1869,1996,-1,1849,1847,5231,-1,1855,1853,5232,-1,5233,5234,5232,-1,5232,5234,1998,-1,5232,1998,1855,-1,1855,1998,1856,-1,5233,5232,5235,-1,5235,5232,5236,-1,5235,5236,5237,-1,5238,5239,5240,-1,5240,5239,5241,-1,5240,5241,5236,-1,5236,5241,5242,-1,5236,5242,5237,-1,5243,5244,5245,-1,5245,5244,5246,-1,5245,5246,5240,-1,5240,5246,5247,-1,5240,5247,5238,-1,1842,1836,5248,-1,5248,1836,1995,-1,1995,5249,5248,-1,5248,5249,5250,-1,5248,5250,5245,-1,5245,5250,5251,-1,5245,5251,5243,-1,1847,1845,5231,-1,5231,1845,5252,-1,5231,5252,5253,-1,5253,5252,5254,-1,5253,5254,5255,-1,5255,5254,5256,-1,5255,5256,5257,-1,5257,5256,5258,-1,5257,5258,5259,-1,5259,5258,5260,-1,5259,5260,1839,-1,1839,5260,1837,-1,1839,1843,5259,-1,5259,1843,5261,-1,5259,5261,5257,-1,5257,5261,5262,-1,5257,5262,5255,-1,5255,5262,5263,-1,5255,5263,5253,-1,5253,5263,5264,-1,5253,5264,5231,-1,5231,5264,5265,-1,5231,5265,1849,-1,1849,5265,1851,-1,1853,1851,5232,-1,5232,1851,5265,-1,5232,5265,5236,-1,5236,5265,5264,-1,5236,5264,5240,-1,5240,5264,5263,-1,5240,5263,5245,-1,5245,5263,5262,-1,5245,5262,5248,-1,5248,5262,5261,-1,5248,5261,1842,-1,1842,5261,1843,-1,1998,5234,1872,-1,1872,5234,1885,-1,5234,5233,1885,-1,1885,5233,5235,-1,1885,5235,1886,-1,1886,5235,5237,-1,1886,5237,1903,-1,1903,5237,5242,-1,1903,5242,1905,-1,1905,5242,5241,-1,1905,5241,1906,-1,5241,5239,1906,-1,1906,5239,5238,-1,1906,5238,1904,-1,1904,5238,5247,-1,1904,5247,1902,-1,5244,5243,1888,-1,1888,5243,5251,-1,1888,5251,1887,-1,1902,5247,1888,-1,1888,5247,5246,-1,1888,5246,5244,-1,5249,1995,1870,-1,1887,5251,1870,-1,1870,5251,5250,-1,1870,5250,5249,-1,1828,1830,5266,-1,1824,1826,5267,-1,1820,1822,1992,-1,1992,1822,5268,-1,1992,5268,5269,-1,5269,5268,5270,-1,5270,5268,5271,-1,5271,5268,5272,-1,5271,5272,5273,-1,5274,5275,5276,-1,5276,5275,5277,-1,5276,5277,5272,-1,5272,5277,5278,-1,5272,5278,5273,-1,5279,5280,5281,-1,5281,5280,5282,-1,5281,5282,5276,-1,5276,5282,5283,-1,5276,5283,5274,-1,1865,1867,5284,-1,5284,1867,1997,-1,1997,5285,5284,-1,5284,5285,5286,-1,5284,5286,5281,-1,5281,5286,5287,-1,5281,5287,5279,-1,1863,1865,5288,-1,5288,1865,5284,-1,5288,5284,5289,-1,5289,5284,5281,-1,5289,5281,5290,-1,5290,5281,5276,-1,5290,5276,5291,-1,5291,5276,5272,-1,5291,5272,5267,-1,5267,5272,5268,-1,5267,5268,1824,-1,1824,5268,1822,-1,1861,1863,5292,-1,5292,1863,5288,-1,5292,5288,5293,-1,5293,5288,5289,-1,5293,5289,5294,-1,5294,5289,5290,-1,5294,5290,5295,-1,5295,5290,5291,-1,5295,5291,5266,-1,5266,5291,5267,-1,5266,5267,1828,-1,1828,5267,1826,-1,1858,1861,5296,-1,5296,1861,5292,-1,5296,5292,5297,-1,5297,5292,5293,-1,5297,5293,5298,-1,5298,5293,5294,-1,5298,5294,5299,-1,5299,5294,5295,-1,5299,5295,5300,-1,5300,5295,5266,-1,5300,5266,1832,-1,1832,5266,1830,-1,1997,1868,5285,-1,5285,1868,5286,-1,5286,1868,5287,-1,5287,1868,1891,-1,5287,1891,1892,-1,5283,5282,1892,-1,5282,5280,1892,-1,1892,5280,5279,-1,1892,5279,5287,-1,1892,1907,5283,-1,5283,1907,1909,-1,5283,1909,5274,-1,5274,1909,1911,-1,5274,1911,5275,-1,5275,1911,5277,-1,5277,1911,1910,-1,5277,1910,5278,-1,5278,1910,1908,-1,5278,1908,5273,-1,5273,1908,1890,-1,5273,1890,5271,-1,5271,1890,1889,-1,5271,1889,5270,-1,5270,1889,5269,-1,5269,1889,1875,-1,5269,1875,1992,-1,1829,1827,5301,-1,1835,1834,1994,-1,1994,1834,5302,-1,1994,5302,5303,-1,5303,5302,5304,-1,5304,5302,5305,-1,5305,5302,5306,-1,5305,5306,5307,-1,5308,5309,5310,-1,5310,5309,5311,-1,5310,5311,5306,-1,5306,5311,5312,-1,5306,5312,5307,-1,5313,5314,5315,-1,5315,5314,5316,-1,5315,5316,5310,-1,5310,5316,5317,-1,5310,5317,5308,-1,1825,1823,5318,-1,5318,1823,1821,-1,5318,1821,1993,-1,1993,5319,5318,-1,5318,5319,5320,-1,5318,5320,5315,-1,5315,5320,5321,-1,5315,5321,5313,-1,1827,1825,5301,-1,5301,1825,5318,-1,5301,5318,5322,-1,5322,5318,5315,-1,5322,5315,5323,-1,5323,5315,5310,-1,5323,5310,5324,-1,5324,5310,5306,-1,5324,5306,5325,-1,5325,5306,5302,-1,5325,5302,1841,-1,1841,5302,1834,-1,1831,1829,5326,-1,5326,1829,5301,-1,5326,5301,5327,-1,5327,5301,5322,-1,5327,5322,5328,-1,5328,5322,5323,-1,5328,5323,5329,-1,5329,5323,5324,-1,5329,5324,5330,-1,5330,5324,5325,-1,5330,5325,1840,-1,1840,5325,1841,-1,1833,1831,5331,-1,5331,1831,5326,-1,5331,5326,5332,-1,5332,5326,5327,-1,5332,5327,5333,-1,5333,5327,5328,-1,5333,5328,5334,-1,5334,5328,5329,-1,5334,5329,5335,-1,5335,5329,5330,-1,5335,5330,1838,-1,1838,5330,1840,-1,1994,5303,1873,-1,1873,5303,1879,-1,5303,5304,1879,-1,1879,5304,5305,-1,1879,5305,1882,-1,1882,5305,5307,-1,1882,5307,1883,-1,1883,5307,5312,-1,1883,5312,1900,-1,1900,5312,5311,-1,1900,5311,1901,-1,5311,5309,1901,-1,1901,5309,5308,-1,1901,5308,1899,-1,1899,5308,5317,-1,1899,5317,1884,-1,5314,5313,1880,-1,1880,5313,5321,-1,1880,5321,1881,-1,1884,5317,1880,-1,1880,5317,5316,-1,1880,5316,5314,-1,5319,1993,1874,-1,1881,5321,1874,-1,1874,5321,5320,-1,1874,5320,5319,-1,1652,5336,5337,-1,5338,1688,1686,-1,5339,5340,5341,-1,5341,5340,5338,-1,5342,5343,5344,-1,5344,5343,5339,-1,5345,5346,5347,-1,5347,5346,5348,-1,5347,5348,5342,-1,5349,5350,5351,-1,5351,5350,5345,-1,5352,5353,5354,-1,5354,5353,5349,-1,1692,1690,5352,-1,5338,1686,5341,-1,5341,1686,1684,-1,5341,1684,5355,-1,5355,1684,1682,-1,5355,1682,5356,-1,1682,1680,5356,-1,5356,1680,1678,-1,5356,1678,1676,-1,1674,5357,1676,-1,1676,5357,5358,-1,1676,5358,5356,-1,1662,5359,5360,-1,1674,1672,5357,-1,5357,1672,1670,-1,5357,1670,5361,-1,5361,1670,1668,-1,5361,1668,5362,-1,5362,1668,1666,-1,5362,1666,5360,-1,5360,1666,1664,-1,5360,1664,1662,-1,1662,1660,5359,-1,5359,1660,1658,-1,5359,1658,5363,-1,5363,1658,1656,-1,5363,1656,5337,-1,5337,1656,1654,-1,5337,1654,1652,-1,5339,5341,5344,-1,5344,5341,5355,-1,5344,5355,5364,-1,5364,5355,5356,-1,5364,5356,5365,-1,5365,5356,5358,-1,5365,5358,5366,-1,5366,5358,5357,-1,5366,5357,5367,-1,5367,5357,5361,-1,5367,5361,5368,-1,5368,5361,5362,-1,5368,5362,5369,-1,5369,5362,5360,-1,5369,5360,5370,-1,5370,5360,5359,-1,5370,5359,5371,-1,5371,5359,5363,-1,5371,5363,5372,-1,5372,5363,5337,-1,5372,5337,5373,-1,5373,5337,5336,-1,5373,5336,5374,-1,5342,5344,5347,-1,5347,5344,5364,-1,5347,5364,5375,-1,5375,5364,5365,-1,5375,5365,5376,-1,5376,5365,5366,-1,5376,5366,5377,-1,5377,5366,5367,-1,5377,5367,5378,-1,5378,5367,5368,-1,5378,5368,5379,-1,5379,5368,5369,-1,5379,5369,5380,-1,5380,5369,5370,-1,5380,5370,5381,-1,5381,5370,5371,-1,5381,5371,5382,-1,5382,5371,5372,-1,5382,5372,5383,-1,5383,5372,5373,-1,5383,5373,5384,-1,5384,5373,5374,-1,5384,5374,5385,-1,5345,5347,5351,-1,5351,5347,5375,-1,5351,5375,5386,-1,5386,5375,5376,-1,5386,5376,5387,-1,5387,5376,5377,-1,5387,5377,5388,-1,5388,5377,5378,-1,5388,5378,5389,-1,5389,5378,5379,-1,5389,5379,5390,-1,5390,5379,5380,-1,5390,5380,5391,-1,5391,5380,5381,-1,5391,5381,5392,-1,5392,5381,5382,-1,5392,5382,5393,-1,5393,5382,5383,-1,5393,5383,5394,-1,5394,5383,5384,-1,5394,5384,5395,-1,5395,5384,5385,-1,5395,5385,5396,-1,5349,5351,5354,-1,5354,5351,5386,-1,5354,5386,5397,-1,5397,5386,5387,-1,5397,5387,5398,-1,5398,5387,5388,-1,5398,5388,5399,-1,5399,5388,5389,-1,5399,5389,5400,-1,5400,5389,5390,-1,5400,5390,5401,-1,5401,5390,5391,-1,5401,5391,5402,-1,5402,5391,5392,-1,5402,5392,5403,-1,5403,5392,5393,-1,5403,5393,5404,-1,5404,5393,5394,-1,5404,5394,5405,-1,5405,5394,5395,-1,5405,5395,5406,-1,5406,5395,5396,-1,5406,5396,5407,-1,5352,5354,1692,-1,1692,5354,5397,-1,1692,5397,1694,-1,1694,5397,5398,-1,1694,5398,1707,-1,1707,5398,5399,-1,1707,5399,1708,-1,1708,5399,5400,-1,1708,5400,1710,-1,1710,5400,5401,-1,1710,5401,1711,-1,1711,5401,5402,-1,1711,5402,1703,-1,1703,5402,5403,-1,1703,5403,1705,-1,1705,5403,5404,-1,1705,5404,1706,-1,1706,5404,5405,-1,1706,5405,1700,-1,1700,5405,5406,-1,1700,5406,1698,-1,1698,5406,5407,-1,1698,5407,1696,-1,1719,1696,5407,-1,1719,5407,5408,-1,5408,5407,5396,-1,5408,5396,5409,-1,5409,5396,5385,-1,5409,5385,5410,-1,5410,5385,5374,-1,5410,5374,5411,-1,5411,5374,5336,-1,5411,5336,5412,-1,5412,5336,1652,-1,5412,1652,1716,-1,1756,1758,5413,-1,5413,1758,5414,-1,5413,5414,5415,-1,5415,5414,5416,-1,5415,5416,5417,-1,5417,5416,5418,-1,5417,5418,5419,-1,5419,5418,5420,-1,5419,5420,5421,-1,5421,5420,5422,-1,5421,5422,1745,-1,1745,5422,1747,-1,1758,1760,5414,-1,5414,1760,5423,-1,5414,5423,5416,-1,5416,5423,5424,-1,5416,5424,5418,-1,5418,5424,5425,-1,5418,5425,5420,-1,5420,5425,5426,-1,5420,5426,5422,-1,5422,5426,5427,-1,5422,5427,1747,-1,1747,5427,1749,-1,1760,1762,5423,-1,5423,1762,5428,-1,5423,5428,5424,-1,5424,5428,5429,-1,5424,5429,5425,-1,5425,5429,5430,-1,5425,5430,5426,-1,5426,5430,5431,-1,5426,5431,5427,-1,5427,5431,5432,-1,5427,5432,1749,-1,1749,5432,1751,-1,1762,1764,5428,-1,5428,1764,5433,-1,5428,5433,5429,-1,5429,5433,5434,-1,5429,5434,5430,-1,5430,5434,5435,-1,5430,5435,5431,-1,5431,5435,5436,-1,5431,5436,5432,-1,5432,5436,5437,-1,5432,5437,1751,-1,1751,5437,1753,-1,1764,1766,5433,-1,5433,1766,5438,-1,5433,5438,5434,-1,5434,5438,5439,-1,5434,5439,5435,-1,5435,5439,5440,-1,5435,5440,5436,-1,5436,5440,5441,-1,5436,5441,5437,-1,5437,5441,5442,-1,5437,5442,1753,-1,1753,5442,1755,-1,1766,1719,5438,-1,5438,1719,5408,-1,5438,5408,5439,-1,5439,5408,5409,-1,5439,5409,5440,-1,5440,5409,5410,-1,5440,5410,5441,-1,5441,5410,5411,-1,5441,5411,5442,-1,5442,5411,5412,-1,5442,5412,1755,-1,1755,5412,1716,-1,1775,1756,2004,-1,2004,1756,5413,-1,2004,5413,5443,-1,5443,5413,5444,-1,5444,5413,5415,-1,5444,5415,5445,-1,5445,5415,5446,-1,5446,5415,5417,-1,5446,5417,5447,-1,5447,5417,5448,-1,5448,5417,5419,-1,5448,5419,5449,-1,5449,5419,5450,-1,5450,5419,5421,-1,5450,5421,5451,-1,1745,1773,5421,-1,5421,1773,2001,-1,5421,2001,5451,-1,1810,1809,5446,-1,5446,1809,5445,-1,5445,1809,1785,-1,5445,1785,5444,-1,5444,1785,1794,-1,5444,1794,5443,-1,5443,1794,1782,-1,5443,1782,2004,-1,1810,5446,1812,-1,1812,5446,5447,-1,1812,5447,1811,-1,1811,5447,5448,-1,1811,5448,1783,-1,5450,1795,1784,-1,1783,5448,1784,-1,1784,5448,5449,-1,1784,5449,5450,-1,1795,5450,1781,-1,1781,5450,5451,-1,1781,5451,2001,-1,
        ]
    }
}